Geography_Key,City,State,Country,Market,Region
Africa-Aba,Aba,Abia,Nigeria,Africa,Africa
Africa-Abakaliki,Abakaliki,Ebonyi,Nigeria,Africa,Africa
Africa-Abeokuta,Abeokuta,Ogun,Nigeria,Africa,Africa
Africa-Abidjan,Abidjan,Lagunes,Cote d'Ivoire,Africa,Africa
Africa-Abu Kabir,Abu Kabir,Ash Sharqiyah,Egypt,Africa,Africa
Africa-Abuja,Abuja,Abuja Capital Territory,Nigeria,Africa,Africa
Africa-Accra,Accra,Greater Accra,Ghana,Africa,Africa
Africa-Ad Diwem,Ad Diwem,White Nile,Sudan,Africa,Africa
Africa-Agadir,Agadir,Souss-Massa-Draâ,Morocco,Africa,Africa
Africa-Ain Oussera,Ain Oussera,Djelfa,Algeria,Africa,Africa
Africa-Akhmim,Akhmim,Suhaj,Egypt,Africa,Africa
Africa-Akure,Akure,Ondo,Nigeria,Africa,Africa
Africa-Al Fayyum,Al Fayyum,Al Fayyum,Egypt,Africa,Africa
Africa-Al Khums,Al Khums,Al Marqab,Libya,Africa,Africa
Africa-Al Mahallah al Kubra,Al Mahallah al Kubra,Al Gharbiyah,Egypt,Africa,Africa
Africa-Al Manaqil,Al Manaqil,Gezira,Sudan,Africa,Africa
Africa-Al Minya,Al Minya,Al Minya,Egypt,Africa,Africa
Africa-Alexandria,Alexandria,Al Iskandariyah,Egypt,Africa,Africa
Africa-Algiers,Algiers,Alger,Algeria,Africa,Africa
Africa-Annaba,Annaba,Annaba,Algeria,Africa,Africa
Africa-Antananarivo,Antananarivo,Analamanga,Madagascar,Africa,Africa
Africa-Antsiranana,Antsiranana,Diana,Madagascar,Africa,Africa
Africa-Arusha,Arusha,Arusha,Tanzania,Africa,Africa
Africa-Aswan,Aswan,Aswan,Egypt,Africa,Africa
Africa-Asyut,Asyut,Asyut,Egypt,Africa,Africa
Africa-Atakpame,Atakpame,Plateaux,Togo,Africa,Africa
Africa-Bafoussam,Bafoussam,Ouest,Cameroon,Africa,Africa
Africa-Bagamoyo,Bagamoyo,Pwani,Tanzania,Africa,Africa
Africa-Bamako,Bamako,Bamako,Mali,Africa,Africa
Africa-Bamenda,Bamenda,Nord-Ouest,Cameroon,Africa,Africa
Africa-Bandundu,Bandundu,Bandundu,Democratic Republic of the Congo,Africa,Africa
Africa-Bangui,Bangui,Bangui,Central African Republic,Africa,Africa
Africa-Baraki,Baraki,Tipaza,Algeria,Africa,Africa
Africa-Barika,Barika,Batna,Algeria,Africa,Africa
Africa-Bata,Bata,Litoral,Equatorial Guinea,Africa,Africa
Africa-Batna,Batna,Batna,Algeria,Africa,Africa
Africa-Bauchi,Bauchi,Bauchi,Nigeria,Africa,Africa
Africa-Bechar,Bechar,Bechar,Algeria,Africa,Africa
Africa-Beira,Beira,Sofala,Mozambique,Africa,Africa
Africa-Bejaia,Bejaia,Bejaia,Algeria,Africa,Africa
Africa-Benghazi,Benghazi,Banghazi,Libya,Africa,Africa
Africa-Benguela,Benguela,Benguela,Angola,Africa,Africa
Africa-Beni Mellal,Beni Mellal,Tadla-Azilal,Morocco,Africa,Africa
Africa-Beni Suef,Beni Suef,Bani Suwayf,Egypt,Africa,Africa
Africa-Benin City,Benin City,Edo,Nigeria,Africa,Africa
Africa-Benoni,Benoni,Gauteng,South Africa,Africa,Africa
Africa-Berrechid,Berrechid,Chaouia-Ouardigha,Morocco,Africa,Africa
Africa-Bertoua,Bertoua,Est,Cameroon,Africa,Africa
Africa-Bilbeis,Bilbeis,Ash Sharqiyah,Egypt,Africa,Africa
Africa-Bissau,Bissau,Bissau,Guinea-Bissau,Africa,Africa
Africa-Bloemfontein,Bloemfontein,Free State,South Africa,Africa,Africa
Africa-Bo,Bo,Southern,Sierra Leone,Africa,Africa
Africa-Boghni,Boghni,Tizi Ouzou,Algeria,Africa,Africa
Africa-Boksburg,Boksburg,Gauteng,South Africa,Africa,Africa
Africa-Botshabelo,Botshabelo,Free State,South Africa,Africa,Africa
Africa-Bouake,Bouake,Vallee Du Bandama,Cote d'Ivoire,Africa,Africa
Africa-Bujumbura,Bujumbura,Bujumbura-Mairie,Burundi,Africa,Africa
Africa-Bukavu,Bukavu,South Kivu,Democratic Republic of the Congo,Africa,Africa
Africa-Bulawayo,Bulawayo,Bulawayo,Zimbabwe,Africa,Africa
Africa-Bur Sudan,Bur Sudan,Red Sea,Sudan,Africa,Africa
Africa-Butare,Butare,Southern,Rwanda,Africa,Africa
Africa-Cairo,Cairo,Al Qahirah,Egypt,Africa,Africa
Africa-Calabar,Calabar,Cross River,Nigeria,Africa,Africa
Africa-Cape Coast,Cape Coast,Central,Ghana,Africa,Africa
Africa-Cape Town,Cape Town,Western Cape,South Africa,Africa,Africa
Africa-Casablanca,Casablanca,Grand Casablanca,Morocco,Africa,Africa
Africa-Centurion,Centurion,Gauteng,South Africa,Africa,Africa
Africa-Chalinze,Chalinze,Pwani,Tanzania,Africa,Africa
Africa-Chililabombwe,Chililabombwe,Copperbelt,Zambia,Africa,Africa
Africa-Chimoio,Chimoio,Manica,Mozambique,Africa,Africa
Africa-Chingola,Chingola,Copperbelt,Zambia,Africa,Africa
Africa-Chipata,Chipata,Eastern,Zambia,Africa,Africa
Africa-Chitungwiza,Chitungwiza,Harare,Zimbabwe,Africa,Africa
Africa-Constantine,Constantine,Constantine,Algeria,Africa,Africa
Africa-Cotonou,Cotonou,Littoral,Benin,Africa,Africa
Africa-Dakar,Dakar,Dakar,Senegal,Africa,Africa
Africa-Daloa,Daloa,Haut-Sassandra,Cote d'Ivoire,Africa,Africa
Africa-Damanhur,Damanhur,Al Buhayrah,Egypt,Africa,Africa
Africa-Damaturu,Damaturu,Yobe,Nigeria,Africa,Africa
Africa-Dar Chioukh,Dar Chioukh,Djelfa,Algeria,Africa,Africa
Africa-Dar es Salaam,Dar es Salaam,Dar Es Salaam,Tanzania,Africa,Africa
Africa-Dire Dawa,Dire Dawa,Dire Dawa,Ethiopia,Africa,Africa
Africa-Disuq,Disuq,Kafr Ash Shaykh,Egypt,Africa,Africa
Africa-Djibouti,Djibouti,Djibouti,Djibouti,Africa,Africa
Africa-Djougou,Djougou,Donga,Benin,Africa,Africa
Africa-Durban,Durban,Kwazulu-natal,South Africa,Africa,Africa
Africa-East London,East London,Eastern Cape,South Africa,Africa,Africa
Africa-Ebolowa,Ebolowa,Sud,Cameroon,Africa,Africa
Africa-Edea,Edea,Littoral,Cameroon,Africa,Africa
Africa-El Jadida,El Jadida,Doukkala-Abda,Morocco,Africa,Africa
Africa-eMbalenhle,eMbalenhle,Mpumalanga,South Africa,Africa,Africa
Africa-Enugu,Enugu,Enugu,Nigeria,Africa,Africa
Africa-Epworth,Epworth,Harare,Zimbabwe,Africa,Africa
Africa-Fes,Fes,Fès-Boulemane,Morocco,Africa,Africa
Africa-Fianarantsoa,Fianarantsoa,Haute-Matsiatra,Madagascar,Africa,Africa
Africa-Fort Portal,Fort Portal,Kabarole,Uganda,Africa,Africa
Africa-Foumban,Foumban,Ouest,Cameroon,Africa,Africa
Africa-Funtua,Funtua,Katsina,Nigeria,Africa,Africa
Africa-Gagnoa,Gagnoa,Fromager,Cote d'Ivoire,Africa,Africa
Africa-Garoua,Garoua,Nord,Cameroon,Africa,Africa
Africa-George,George,Western Cape,South Africa,Africa,Africa
Africa-Girga,Girga,Suhaj,Egypt,Africa,Africa
Africa-Gitarama,Gitarama,Southern,Rwanda,Africa,Africa
Africa-Giyani,Giyani,Limpopo,South Africa,Africa,Africa
Africa-Gombe,Gombe,Gombe,Nigeria,Africa,Africa
Africa-Guelma,Guelma,Guelma,Algeria,Africa,Africa
Africa-Guelmim,Guelmim,Guelmim-Es Semara,Morocco,Africa,Africa
Africa-Gulu,Gulu,Gulu,Uganda,Africa,Africa
Africa-Gusau,Gusau,Zamfara,Nigeria,Africa,Africa
Africa-Harare,Harare,Harare,Zimbabwe,Africa,Africa
Africa-Hargeysa,Hargeysa,Woqooyi Galbeed,Somalia,Africa,Africa
Africa-Huambo,Huambo,Huambo,Angola,Africa,Africa
Africa-Hurghada,Hurghada,Al Bahr Al Ahmar,Egypt,Africa,Africa
Africa-Ibadan,Ibadan,Oyo,Nigeria,Africa,Africa
Africa-Idfu,Idfu,Aswan,Egypt,Africa,Africa
Africa-Igurusi,Igurusi,Mbeya,Tanzania,Africa,Africa
Africa-Ikot Ekpene,Ikot Ekpene,Akwa Ibom,Nigeria,Africa,Africa
Africa-Ilesha,Ilesha,Osun,Nigeria,Africa,Africa
Africa-Ilorin,Ilorin,Kwara,Nigeria,Africa,Africa
Africa-Iringa,Iringa,Iringa,Tanzania,Africa,Africa
Africa-Jinja,Jinja,Jinja,Uganda,Africa,Africa
Africa-Johannesburg,Johannesburg,Gauteng,South Africa,Africa,Africa
Africa-Jos,Jos,Plateau,Nigeria,Africa,Africa
Africa-Juba,Juba,Central Equatoria,South Sudan,Africa,Africa
Africa-Kabwe,Kabwe,Central,Zambia,Africa,Africa
Africa-Kadoma,Kadoma,Mashonaland West,Zimbabwe,Africa,Africa
Africa-Kaduna,Kaduna,Kaduna,Nigeria,Africa,Africa
Africa-Kafr ad Dawwar,Kafr ad Dawwar,Al Buhayrah,Egypt,Africa,Africa
Africa-Kafr ash Shaykh,Kafr ash Shaykh,Kafr Ash Shaykh,Egypt,Africa,Africa
Africa-Kalemie,Kalemie,Katanga,Democratic Republic of the Congo,Africa,Africa
Africa-Kamina,Kamina,Katanga,Democratic Republic of the Congo,Africa,Africa
Africa-Kampala,Kampala,Kampala,Uganda,Africa,Africa
Africa-Kananga,Kananga,Kasai-Occidental,Democratic Republic of the Congo,Africa,Africa
Africa-Kandi,Kandi,Alibori,Benin,Africa,Africa
Africa-Kankan,Kankan,Kankan,Guinea,Africa,Africa
Africa-Kano,Kano,Kano,Nigeria,Africa,Africa
Africa-Kara,Kara,Kara,Togo,Africa,Africa
Africa-Kasama,Kasama,Northern,Zambia,Africa,Africa
Africa-Kassala,Kassala,Kassala,Sudan,Africa,Africa
Africa-Katsina,Katsina,Katsina,Nigeria,Africa,Africa
Africa-Kayes,Kayes,Kayes,Mali,Africa,Africa
Africa-Kenitra,Kenitra,Gharb-Chrarda-Béni Hssen,Morocco,Africa,Africa
Africa-Keren,Keren,Anseba,Eritrea,Africa,Africa
Africa-Khartoum,Khartoum,Khartoum,Sudan,Africa,Africa
Africa-Khemisset,Khemisset,Rabat-Salé-Zemmour-Zaer,Morocco,Africa,Africa
Africa-Khenifra,Khenifra,Meknès-Tafilalet,Morocco,Africa,Africa
Africa-Khouribga,Khouribga,Chaouia-Ouardigha,Morocco,Africa,Africa
Africa-Kigali,Kigali,Kigali,Rwanda,Africa,Africa
Africa-Kigoma,Kigoma,Kigoma,Tanzania,Africa,Africa
Africa-Kikwit,Kikwit,Bandundu,Democratic Republic of the Congo,Africa,Africa
Africa-Kindia,Kindia,Kindia,Guinea,Africa,Africa
Africa-Kindu,Kindu,Maniema,Democratic Republic of the Congo,Africa,Africa
Africa-Kinshasa,Kinshasa,Kinshasa,Democratic Republic of the Congo,Africa,Africa
Africa-Kisangani,Kisangani,Orientale,Democratic Republic of the Congo,Africa,Africa
Africa-Kismaayo,Kismaayo,Jubbada Hoose,Somalia,Africa,Africa
Africa-Kisumu,Kisumu,Nyanza,Kenya,Africa,Africa
Africa-Kitwe,Kitwe,Copperbelt,Zambia,Africa,Africa
Africa-Koforidua,Koforidua,Eastern,Ghana,Africa,Africa
Africa-Koidu,Koidu,Eastern,Sierra Leone,Africa,Africa
Africa-Kolwezi,Kolwezi,Katanga,Democratic Republic of the Congo,Africa,Africa
Africa-Korhogo,Korhogo,Savanes,Cote d'Ivoire,Africa,Africa
Africa-Koumra,Koumra,Mandoul,Chad,Africa,Africa
Africa-Krugersdorp,Krugersdorp,Gauteng,South Africa,Africa,Africa
Africa-Kuito,Kuito,Bie,Angola,Africa,Africa
Africa-Kumasi,Kumasi,Ashanti,Ghana,Africa,Africa
Africa-Kumba,Kumba,Sud-Ouest,Cameroon,Africa,Africa
Africa-Laghouat,Laghouat,Laghouat,Algeria,Africa,Africa
Africa-Lagos,Lagos,Lagos,Nigeria,Africa,Africa
Africa-Larache,Larache,Tanger-Tétouan,Morocco,Africa,Africa
Africa-Libreville,Libreville,Estuaire,Gabon,Africa,Africa
Africa-Lichinga,Lichinga,Niassa,Mozambique,Africa,Africa
Africa-Likasi,Likasi,Katanga,Democratic Republic of the Congo,Africa,Africa
Africa-Limbe,Limbe,Sud-Ouest,Cameroon,Africa,Africa
Africa-Livingstone,Livingstone,Southern,Zambia,Africa,Africa
Africa-Lokossa,Lokossa,Mono,Benin,Africa,Africa
Africa-Lome,Lome,Maritime,Togo,Africa,Africa
Africa-Loubomo,Loubomo,Niari,Republic of the Congo,Africa,Africa
Africa-Loum,Loum,Littoral,Cameroon,Africa,Africa
Africa-Luanda,Luanda,Luanda,Angola,Africa,Africa
Africa-Luanshya,Luanshya,Copperbelt,Zambia,Africa,Africa
Africa-Lubango,Lubango,Huila,Angola,Africa,Africa
Africa-Lubumbashi,Lubumbashi,Katanga,Democratic Republic of the Congo,Africa,Africa
Africa-Lusaka,Lusaka,Lusaka,Zambia,Africa,Africa
Africa-Mabopane,Mabopane,Gauteng,South Africa,Africa,Africa
Africa-Mahajanga,Mahajanga,Boeny,Madagascar,Africa,Africa
Africa-Maiduguri,Maiduguri,Borno,Nigeria,Africa,Africa
Africa-Makeni,Makeni,Northern,Sierra Leone,Africa,Africa
Africa-Makurdi,Makurdi,Benue,Nigeria,Africa,Africa
Africa-Malanje,Malanje,Malanje,Angola,Africa,Africa
Africa-Mallawi,Mallawi,Al Minya,Egypt,Africa,Africa
Africa-Man,Man,Dix-Huit Montagnes,Cote d'Ivoire,Africa,Africa
Africa-Manzini,Manzini,Manzini,Swaziland,Africa,Africa
Africa-Maputo,Maputo,Cidade De Maputo,Mozambique,Africa,Africa
Africa-Maradi,Maradi,Maradi,Niger,Africa,Africa
Africa-Maroua,Maroua,Extreme-Nord,Cameroon,Africa,Africa
Africa-Marrakech,Marrakech,Marrakech-Tensift-El Haouz,Morocco,Africa,Africa
Africa-Marsa Matruh,Marsa Matruh,Matruh,Egypt,Africa,Africa
Africa-Marsabit,Marsabit,Eastern,Kenya,Africa,Africa
Africa-Maseru,Maseru,Maseru,Lesotho,Africa,Africa
Africa-Matadi,Matadi,Bas-Congo,Democratic Republic of the Congo,Africa,Africa
Africa-Matola,Matola,Maputo,Mozambique,Africa,Africa
Africa-Maxixe,Maxixe,Inhambane,Mozambique,Africa,Africa
Africa-Mbandaka,Mbandaka,Equateur,Democratic Republic of the Congo,Africa,Africa
Africa-Mbeya,Mbeya,Mbeya,Tanzania,Africa,Africa
Africa-Mbinga,Mbinga,Ruvuma,Tanzania,Africa,Africa
Africa-Mbuji-mayi,Mbuji-mayi,Kasai-Oriental,Democratic Republic of the Congo,Africa,Africa
Africa-Medea,Medea,Medea,Algeria,Africa,Africa
Africa-Meknes,Meknes,Meknès-Tafilalet,Morocco,Africa,Africa
Africa-Messaad,Messaad,Djelfa,Algeria,Africa,Africa
Africa-Minna,Minna,Niger,Nigeria,Africa,Africa
Africa-Minuf,Minuf,Al Minufiyah,Egypt,Africa,Africa
Africa-Misratah,Misratah,Misratah,Libya,Africa,Africa
Africa-Mogadishu,Mogadishu,Banaadir,Somalia,Africa,Africa
Africa-Mohammedia,Mohammedia,Grand Casablanca,Morocco,Africa,Africa
Africa-Mombasa,Mombasa,Coast,Kenya,Africa,Africa
Africa-Monrovia,Monrovia,Montserrado,Liberia,Africa,Africa
Africa-Mopti,Mopti,Mopti,Mali,Africa,Africa
Africa-Morogoro,Morogoro,Morogoro,Tanzania,Africa,Africa
Africa-Moshi,Moshi,Kilimanjaro,Tanzania,Africa,Africa
Africa-Mostaganem,Mostaganem,Mostaganem,Algeria,Africa,Africa
Africa-Mpumalanga,Mpumalanga,Kwazulu-natal,South Africa,Africa,Africa
Africa-Mtwara,Mtwara,Mtwara,Tanzania,Africa,Africa
Africa-Mubi,Mubi,Adamawa,Nigeria,Africa,Africa
Africa-Mufulira,Mufulira,Copperbelt,Zambia,Africa,Africa
Africa-Musoma,Musoma,Mara,Tanzania,Africa,Africa
Africa-Mutare,Mutare,Manicaland,Zimbabwe,Africa,Africa
Africa-Mwanza,Mwanza,Mwanza,Tanzania,Africa,Africa
Africa-Nairobi,Nairobi,Nairobi,Kenya,Africa,Africa
Africa-Nakuru,Nakuru,Rift Valley,Kenya,Africa,Africa
Africa-Namibe,Namibe,Namibe,Angola,Africa,Africa
Africa-Nampula,Nampula,Nampula,Mozambique,Africa,Africa
Africa-Natitingou,Natitingou,Atakora,Benin,Africa,Africa
Africa-Ndola,Ndola,Copperbelt,Zambia,Africa,Africa
Africa-Newcastle,Newcastle,Kwazulu-natal,South Africa,Africa,Africa
Africa-Ngaoundere,Ngaoundere,Adamaoua,Cameroon,Africa,Africa
Africa-Nguigmi,Nguigmi,Diffa,Niger,Africa,Africa
Africa-Niamey,Niamey,Niamey,Niger,Africa,Africa
Africa-Nkongsamba,Nkongsamba,Littoral,Cameroon,Africa,Africa
Africa-Nouakchott,Nouakchott,Nouakchott,Mauritania,Africa,Africa
Africa-Nzerekore,Nzerekore,Nzérékoré,Guinea,Africa,Africa
Africa-Onitsha,Onitsha,Anambra,Nigeria,Africa,Africa
Africa-Oran,Oran,Oran,Algeria,Africa,Africa
Africa-Ouidah,Ouidah,Atlantique,Benin,Africa,Africa
Africa-Owerri,Owerri,Imo,Nigeria,Africa,Africa
Africa-Owo,Owo,Ondo,Nigeria,Africa,Africa
Africa-Parakou,Parakou,Borgou,Benin,Africa,Africa
Africa-Pemba,Pemba,Cabo Delgado,Mozambique,Africa,Africa
Africa-Pietermaritzburg,Pietermaritzburg,Kwazulu-natal,South Africa,Africa,Africa
Africa-Port Elizabeth,Port Elizabeth,Eastern Cape,South Africa,Africa,Africa
Africa-Port Harcourt,Port Harcourt,Rivers,Nigeria,Africa,Africa
Africa-Port Said,Port Said,Bur Sa'id,Egypt,Africa,Africa
Africa-Porto-Novo,Porto-Novo,Ouémé,Benin,Africa,Africa
Africa-Potchefstroom,Potchefstroom,North-West,South Africa,Africa,Africa
Africa-Pretoria,Pretoria,Gauteng,South Africa,Africa,Africa
Africa-Qena,Qena,Qina,Egypt,Africa,Africa
Africa-Quelimane,Quelimane,Zambezia,Mozambique,Africa,Africa
Africa-Rabat,Rabat,Rabat-Salé-Zemmour-Zaer,Morocco,Africa,Africa
Africa-Randfontein,Randfontein,Gauteng,South Africa,Africa,Africa
Africa-Roodepoort,Roodepoort,Gauteng,South Africa,Africa,Africa
Africa-Rustenburg,Rustenburg,North-West,South Africa,Africa,Africa
Africa-Safi,Safi,Doukkala-Abda,Morocco,Africa,Africa
Africa-Saida,Saida,Saida,Algeria,Africa,Africa
Africa-Saint-Louis,Saint-Louis,Saint-Louis,Senegal,Africa,Africa
Africa-Sale,Sale,Rabat-Salé-Zemmour-Zaer,Morocco,Africa,Africa
Africa-Samalut,Samalut,Al Minya,Egypt,Africa,Africa
Africa-Sapele,Sapele,Delta,Nigeria,Africa,Africa
Africa-Settat,Settat,Chaouia-Ouardigha,Morocco,Africa,Africa
Africa-Shagamu,Shagamu,Ogun,Nigeria,Africa,Africa
Africa-Shinyanga,Shinyanga,Shinyanga,Tanzania,Africa,Africa
Africa-Sidi Bel Abbes,Sidi Bel Abbes,Sidi Bel Abbes,Algeria,Africa,Africa
Africa-Sidi Qacem,Sidi Qacem,Gharb-Chrarda-Béni Hssen,Morocco,Africa,Africa
Africa-Sikasso,Sikasso,Sikasso,Mali,Africa,Africa
Africa-Skikda,Skikda,Skikda,Algeria,Africa,Africa
Africa-Sohag,Sohag,Suhaj,Egypt,Africa,Africa
Africa-Sokode,Sokode,Centrale,Togo,Africa,Africa
Africa-Sokoto,Sokoto,Sokoto,Nigeria,Africa,Africa
Africa-Soweto,Soweto,Gauteng,South Africa,Africa,Africa
Africa-Springs,Springs,Gauteng,South Africa,Africa,Africa
Africa-Stanger,Stanger,Kwazulu-natal,South Africa,Africa,Africa
Africa-Stellenbosch,Stellenbosch,Western Cape,South Africa,Africa,Africa
Africa-Tabora,Tabora,Tabora,Tanzania,Africa,Africa
Africa-Tahta,Tahta,Suhaj,Egypt,Africa,Africa
Africa-Tamale,Tamale,Northern,Ghana,Africa,Africa
Africa-Tanga,Tanga,Tanga,Tanzania,Africa,Africa
Africa-Tangier,Tangier,Tanger-Tétouan,Morocco,Africa,Africa
Africa-Tanta,Tanta,Al Gharbiyah,Egypt,Africa,Africa
Africa-Taza,Taza,Taza-Al Hoceima-Taounate,Morocco,Africa,Africa
Africa-Tembisa,Tembisa,Gauteng,South Africa,Africa,Africa
Africa-Tete,Tete,Tete,Mozambique,Africa,Africa
Africa-Tetouan,Tetouan,Tanger-Tétouan,Morocco,Africa,Africa
Africa-Thies Nones,Thies Nones,Thies,Senegal,Africa,Africa
Africa-Thika,Thika,Central,Kenya,Africa,Africa
Africa-Tlemcen,Tlemcen,Tlemcen,Algeria,Africa,Africa
Africa-Toamasina,Toamasina,Atsinanana,Madagascar,Africa,Africa
Africa-Toliara,Toliara,Atsimo-Andrefana,Madagascar,Africa,Africa
Africa-Tunis,Tunis,Tunis,Tunisia,Africa,Africa
Africa-Ugep,Ugep,Cross River,Nigeria,Africa,Africa
Africa-Ulundi,Ulundi,Kwazulu-natal,South Africa,Africa,Africa
Africa-Umtata,Umtata,Eastern Cape,South Africa,Africa,Africa
Africa-Uvinza,Uvinza,Kigoma,Tanzania,Africa,Africa
Africa-Uvira,Uvira,South Kivu,Democratic Republic of the Congo,Africa,Africa
Africa-Vanderbijlpark,Vanderbijlpark,Gauteng,South Africa,Africa,Africa
Africa-Vereeniging,Vereeniging,Gauteng,South Africa,Africa,Africa
Africa-Victoria Falls,Victoria Falls,Matabeleland North,Zimbabwe,Africa,Africa
Africa-Volksrust,Volksrust,Mpumalanga,South Africa,Africa,Africa
Africa-Vryburg,Vryburg,North-West,South Africa,Africa,Africa
Africa-Wad Madani,Wad Madani,Gezira,Sudan,Africa,Africa
Africa-Warri,Warri,Delta,Nigeria,Africa,Africa
Africa-Westonaria,Westonaria,Gauteng,South Africa,Africa,Africa
Africa-Windhoek,Windhoek,Khomas,Namibia,Africa,Africa
Africa-Yamoussoukro,Yamoussoukro,Lacs,Cote d'Ivoire,Africa,Africa
Africa-Yaounde,Yaounde,Centre,Cameroon,Africa,Africa
Africa-Zaria,Zaria,Kaduna,Nigeria,Africa,Africa
Africa-Ziguinchor,Ziguinchor,Ziguinchor,Senegal,Africa,Africa
Africa-Zinder,Zinder,Zinder,Niger,Africa,Africa
Africa-Zwedru,Zwedru,Grand Gedeh,Liberia,Africa,Africa
APAC-Adelaide,Adelaide,South Australia,Australia,APAC,Oceania
APAC-Aew?l-li,Aew?l-li,Jeju,South Korea,APAC,North Asia
APAC-Agra,Agra,Uttar Pradesh,India,APAC,Central Asia
APAC-Ajmer,Ajmer,Rajasthan,India,APAC,Central Asia
APAC-Akola,Akola,Maharashtra,India,APAC,Central Asia
APAC-Aksu,Aksu,Xinjiang Uygur,China,APAC,North Asia
APAC-Albany,Albany,Western Australia,Australia,APAC,Oceania
APAC-Albury,Albury,New South Wales,Australia,APAC,Oceania
APAC-Alice Springs,Alice Springs,Northern Territory,Australia,APAC,Oceania
APAC-Aligarh,Aligarh,Uttar Pradesh,India,APAC,Central Asia
APAC-Allahabad,Allahabad,Uttar Pradesh,India,APAC,Central Asia
APAC-Amagasaki,Amagasaki,Hyogo,Japan,APAC,North Asia
APAC-Ambattur,Ambattur,Tamil Nadu,India,APAC,Central Asia
APAC-Ambon,Ambon,Maluku,Indonesia,APAC,Southeast Asia
APAC-Amravati,Amravati,Maharashtra,India,APAC,Central Asia
APAC-Amritsar,Amritsar,Punjab,India,APAC,Central Asia
APAC-Anantapur,Anantapur,Andhra Pradesh,India,APAC,Central Asia
APAC-Angeles City,Angeles City,Central Luzon,Philippines,APAC,Southeast Asia
APAC-Anjo,Anjo,Aichi,Japan,APAC,North Asia
APAC-Anqing,Anqing,Anhui,China,APAC,North Asia
APAC-Anshan,Anshan,Liaoning,China,APAC,North Asia
APAC-Anshun,Anshun,Guizhou,China,APAC,North Asia
APAC-Antipolo,Antipolo,Calabarzon,Philippines,APAC,Southeast Asia
APAC-Anyang,Anyang,Gyeonggi,South Korea,APAC,North Asia
APAC-Aoba-ku,Aoba-ku,Kanagawa,Japan,APAC,North Asia
APAC-Armidale,Armidale,New South Wales,Australia,APAC,Oceania
APAC-Asahikawa,Asahikawa,Hokkaido,Japan,APAC,North Asia
APAC-Asansol,Asansol,West Bengal,India,APAC,Central Asia
APAC-Atsugacho,Atsugacho,Hokkaido,Japan,APAC,North Asia
APAC-Auckland,Auckland,Auckland,New Zealand,APAC,Oceania
APAC-Aurangabad,Aurangabad,Bihar,India,APAC,Central Asia
APAC-Avadi,Avadi,Tamil Nadu,India,APAC,Central Asia
APAC-Bacolod City,Bacolod City,Western Visayas,Philippines,APAC,Southeast Asia
APAC-Bacoor,Bacoor,Calabarzon,Philippines,APAC,Southeast Asia
APAC-Baguio City,Baguio City,Cordillera,Philippines,APAC,Southeast Asia
APAC-Bahawalpur,Bahawalpur,Punjab,Pakistan,APAC,Central Asia
APAC-Balikpapan,Balikpapan,Kalimantan Timur,Indonesia,APAC,Southeast Asia
APAC-Ballarat,Ballarat,Victoria,Australia,APAC,Oceania
APAC-Banda Aceh,Banda Aceh,Aceh,Indonesia,APAC,Southeast Asia
APAC-Bandung,Bandung,Jawa Barat,Indonesia,APAC,Southeast Asia
APAC-Bangalore,Bangalore,Karnataka,India,APAC,Central Asia
APAC-Bangkok,Bangkok,Bangkok,Thailand,APAC,Southeast Asia
APAC-Banjarmasin,Banjarmasin,Kalimantan Selatan,Indonesia,APAC,Southeast Asia
APAC-Baoding,Baoding,Hebei,China,APAC,North Asia
APAC-Baotou,Baotou,Inner Mongolia,China,APAC,North Asia
APAC-Baranagar,Baranagar,West Bengal,India,APAC,Central Asia
APAC-Barasat,Barasat,West Bengal,India,APAC,Central Asia
APAC-Barddhaman,Barddhaman,West Bengal,India,APAC,Central Asia
APAC-Bareilly,Bareilly,Uttar Pradesh,India,APAC,Central Asia
APAC-Beijing,Beijing,Beijing,China,APAC,North Asia
APAC-Beipiao,Beipiao,Liaoning,China,APAC,North Asia
APAC-Bekasi,Bekasi,Jawa Barat,Indonesia,APAC,Southeast Asia
APAC-Belgaum,Belgaum,Karnataka,India,APAC,Central Asia
APAC-Bellary,Bellary,Karnataka,India,APAC,Central Asia
APAC-Bendigo,Bendigo,Victoria,Australia,APAC,Oceania
APAC-Bengbu,Bengbu,Anhui,China,APAC,North Asia
APAC-Bengkulu,Bengkulu,Bengkulu,Indonesia,APAC,Southeast Asia
APAC-Benxi,Benxi,Liaoning,China,APAC,North Asia
APAC-Bharatpur,Bharatpur,Rajasthan,India,APAC,Central Asia
APAC-Bhatinda,Bhatinda,Punjab,India,APAC,Central Asia
APAC-Bhatpara,Bhatpara,West Bengal,India,APAC,Central Asia
APAC-Bhavnagar,Bhavnagar,Gujarat,India,APAC,Central Asia
APAC-Bhilai,Bhilai,Chhattisgarh,India,APAC,Central Asia
APAC-Bhilwara,Bhilwara,Rajasthan,India,APAC,Central Asia
APAC-Bhiwandi,Bhiwandi,Maharashtra,India,APAC,Central Asia
APAC-Bhopal,Bhopal,Madhya Pradesh,India,APAC,Central Asia
APAC-Bhubaneswar,Bhubaneswar,Odisha,India,APAC,Central Asia
APAC-Bihar Sharif,Bihar Sharif,Bihar,India,APAC,Central Asia
APAC-Bijapur,Bijapur,Karnataka,India,APAC,Central Asia
APAC-Bijie,Bijie,Guizhou,China,APAC,North Asia
APAC-Bikaner,Bikaner,Rajasthan,India,APAC,Central Asia
APAC-Bilaspur,Bilaspur,Uttar Pradesh,India,APAC,Central Asia
APAC-Binjai,Binjai,Sumatera Utara,Indonesia,APAC,Southeast Asia
APAC-Binzhou,Binzhou,Shandong,China,APAC,North Asia
APAC-Blenheim,Blenheim,Marlborough,New Zealand,APAC,Oceania
APAC-Bogor,Bogor,Jawa Barat,Indonesia,APAC,Southeast Asia
APAC-Bokaro,Bokaro,Jharkhand,India,APAC,Central Asia
APAC-Brahmapur,Brahmapur,Odisha,India,APAC,Central Asia
APAC-Brisbane,Brisbane,Queensland,Australia,APAC,Oceania
APAC-Broken Hill,Broken Hill,New South Wales,Australia,APAC,Oceania
APAC-Bucheon,Bucheon,Gyeonggi,South Korea,APAC,North Asia
APAC-Bunbury,Bunbury,Western Australia,Australia,APAC,Oceania
APAC-Bundaberg,Bundaberg,Queensland,Australia,APAC,Oceania
APAC-Burnie,Burnie,Tasmania,Australia,APAC,Oceania
APAC-Busan,Busan,Busan,South Korea,APAC,North Asia
APAC-Cainta,Cainta,Calabarzon,Philippines,APAC,Southeast Asia
APAC-Cairns,Cairns,Queensland,Australia,APAC,Oceania
APAC-Calamba,Calamba,Calabarzon,Philippines,APAC,Southeast Asia
APAC-Caloocan,Caloocan,National Capital,Philippines,APAC,Southeast Asia
APAC-Caloundra,Caloundra,Queensland,Australia,APAC,Oceania
APAC-Cambridge,Cambridge,Waikato,New Zealand,APAC,Oceania
APAC-Can Tho,Can Tho,T?nh C?n Th?,Vietnam,APAC,Southeast Asia
APAC-Canberra,Canberra,Australian Capital Territory,Australia,APAC,Oceania
APAC-Cangzhou,Cangzhou,Hebei,China,APAC,North Asia
APAC-Cessnock,Cessnock,New South Wales,Australia,APAC,Oceania
APAC-Chandigarh,Chandigarh,Chandigarh,India,APAC,Central Asia
APAC-Changchun,Changchun,Jilin,China,APAC,North Asia
APAC-Changde,Changde,Hunan,China,APAC,North Asia
APAC-Changsha,Changsha,Hunan,China,APAC,North Asia
APAC-Changshu,Changshu,Jiangsu,China,APAC,North Asia
APAC-Changwon,Changwon,Gyeongsangnam,South Korea,APAC,North Asia
APAC-Changzhi,Changzhi,Shanxi,China,APAC,North Asia
APAC-Changzhou,Changzhou,Jiangsu,China,APAC,North Asia
APAC-Chaohu,Chaohu,Anhui,China,APAC,North Asia
APAC-Chaoyang,Chaoyang,Jilin,China,APAC,North Asia
APAC-Chaozhou,Chaozhou,Guangdong,China,APAC,North Asia
APAC-Chengdu,Chengdu,Sichuan,China,APAC,North Asia
APAC-Chengjiang,Chengjiang,Jiangsu,China,APAC,North Asia
APAC-Chennai,Chennai,Tamil Nadu,India,APAC,Central Asia
APAC-Chenzhou,Chenzhou,Hunan,China,APAC,North Asia
APAC-Cheonan,Cheonan,South Chungcheong,South Korea,APAC,North Asia
APAC-Chifeng,Chifeng,Inner Mongolia,China,APAC,North Asia
APAC-Chigasaki,Chigasaki,Kanagawa,Japan,APAC,North Asia
APAC-Chittagong,Chittagong,Chittagong,Bangladesh,APAC,Central Asia
APAC-Chongqing,Chongqing,Chongqing,China,APAC,North Asia
APAC-Christchurch,Christchurch,Canterbury,New Zealand,APAC,Oceania
APAC-Chuncheon,Chuncheon,Gangwon,South Korea,APAC,North Asia
APAC-Cirebon,Cirebon,Jawa Barat,Indonesia,APAC,Southeast Asia
APAC-Coffs Harbour,Coffs Harbour,New South Wales,Australia,APAC,Oceania
APAC-Coimbatore,Coimbatore,Tamil Nadu,India,APAC,Central Asia
APAC-Colombo,Colombo,Western,Sri Lanka,APAC,Central Asia
APAC-Coxs B?z?r,Coxs B?z?r,Chittagong,Bangladesh,APAC,Central Asia
APAC-Cuttack,Cuttack,Odisha,India,APAC,Central Asia
APAC-Da Nang,Da Nang,Dà Nang,Vietnam,APAC,Southeast Asia
APAC-Daegu,Daegu,Daegu,South Korea,APAC,North Asia
APAC-Daejeon,Daejeon,Daejeon,South Korea,APAC,North Asia
APAC-Dalian,Dalian,Liaoning,China,APAC,North Asia
APAC-Daqing,Daqing,Heilongjiang,China,APAC,North Asia
APAC-Darbhanga,Darbhanga,Bihar,India,APAC,Central Asia
APAC-Darwin,Darwin,Northern Territory,Australia,APAC,Oceania
APAC-Datong,Datong,Shanxi,China,APAC,North Asia
APAC-Dehra Dun,Dehra Dun,Uttarakhand,India,APAC,Central Asia
APAC-Delhi,Delhi,Delhi,India,APAC,Central Asia
APAC-Denpasar,Denpasar,Bali,Indonesia,APAC,Southeast Asia
APAC-Depok,Depok,Yogyakarta,Indonesia,APAC,Southeast Asia
APAC-Devonport,Devonport,Tasmania,Australia,APAC,Oceania
APAC-Dewas,Dewas,Madhya Pradesh,India,APAC,Central Asia
APAC-Deyang,Deyang,Sichuan,China,APAC,North Asia
APAC-Dhaka,Dhaka,Dhaka,Bangladesh,APAC,Central Asia
APAC-Dhule,Dhule,Maharashtra,India,APAC,Central Asia
APAC-Dongguan,Dongguan,Guangdong,China,APAC,North Asia
APAC-Donghai,Donghai,Guangdong,China,APAC,North Asia
APAC-Dubbo,Dubbo,New South Wales,Australia,APAC,Oceania
APAC-Dumai,Dumai,Riau,Indonesia,APAC,Southeast Asia
APAC-Dunedin,Dunedin,Otago,New Zealand,APAC,Oceania
APAC-Durg,Durg,Chhattisgarh,India,APAC,Central Asia
APAC-Durgapur,Durgapur,Maharashtra,India,APAC,Central Asia
APAC-Echuca,Echuca,Victoria,Australia,APAC,Oceania
APAC-Edogawa-ku,Edogawa-ku,Tokyo,Japan,APAC,North Asia
APAC-Etawah,Etawah,Uttar Pradesh,India,APAC,Central Asia
APAC-Ezhou,Ezhou,Hubei,China,APAC,North Asia
APAC-Faridabad,Faridabad,Haryana,India,APAC,Central Asia
APAC-Fatehpur,Fatehpur,Rajasthan,India,APAC,Central Asia
APAC-Fengcheng,Fengcheng,Liaoning,China,APAC,North Asia
APAC-Firozabad,Firozabad,Uttar Pradesh,India,APAC,Central Asia
APAC-Forster,Forster,New South Wales,Australia,APAC,Oceania
APAC-Foshan,Foshan,Guangdong,China,APAC,North Asia
APAC-Fuji,Fuji,Shizuoka,Japan,APAC,North Asia
APAC-Fujisawa,Fujisawa,Kanagawa,Japan,APAC,North Asia
APAC-Fukui,Fukui,Fukui,Japan,APAC,North Asia
APAC-Fukuyama,Fukuyama,Hiroshima,Japan,APAC,North Asia
APAC-Funabashi,Funabashi,Chiba,Japan,APAC,North Asia
APAC-Fushun,Fushun,Liaoning,China,APAC,North Asia
APAC-Fuzhou,Fuzhou,Fujian,China,APAC,North Asia
APAC-Ganganagar,Ganganagar,Rajasthan,India,APAC,Central Asia
APAC-Gaomi,Gaomi,Shandong,China,APAC,North Asia
APAC-Gaoyou,Gaoyou,Jiangsu,China,APAC,North Asia
APAC-Gawler,Gawler,South Australia,Australia,APAC,Oceania
APAC-Gaya,Gaya,Bihar,India,APAC,Central Asia
APAC-Geelong,Geelong,Victoria,Australia,APAC,Oceania
APAC-Geraldton,Geraldton,Western Australia,Australia,APAC,Oceania
APAC-Ghaziabad,Ghaziabad,Uttar Pradesh,India,APAC,Central Asia
APAC-Gisborne,Gisborne,Gisborne,New Zealand,APAC,Oceania
APAC-Gladstone,Gladstone,Queensland,Australia,APAC,Oceania
APAC-Gold Coast,Gold Coast,Queensland,Australia,APAC,Oceania
APAC-Gongzhuling,Gongzhuling,Jilin,China,APAC,North Asia
APAC-Gorakhpur,Gorakhpur,Haryana,India,APAC,Central Asia
APAC-Goulburn,Goulburn,New South Wales,Australia,APAC,Oceania
APAC-Goyang,Goyang,Gyeonggi,South Korea,APAC,North Asia
APAC-Griffith,Griffith,New South Wales,Australia,APAC,Oceania
APAC-Guangshui,Guangshui,Hubei,China,APAC,North Asia
APAC-Guangzhou,Guangzhou,Guangdong,China,APAC,North Asia
APAC-Guilin,Guilin,Guangxi,China,APAC,North Asia
APAC-Guiping,Guiping,Guangxi,China,APAC,North Asia
APAC-Guiyang,Guiyang,Guizhou,China,APAC,North Asia
APAC-Gujranwala,Gujranwala,Punjab,Pakistan,APAC,Central Asia
APAC-Gujrat,Gujrat,Punjab,Pakistan,APAC,Central Asia
APAC-Gulbarga,Gulbarga,Karnataka,India,APAC,Central Asia
APAC-Guntur,Guntur,Andhra Pradesh,India,APAC,Central Asia
APAC-Guwahati,Guwahati,Assam,India,APAC,Central Asia
APAC-Gwalior,Gwalior,Madhya Pradesh,India,APAC,Central Asia
APAC-Hachinohe,Hachinohe,Aomori,Japan,APAC,North Asia
APAC-Haikou,Haikou,Hainan,China,APAC,North Asia
APAC-Hailin,Hailin,Heilongjiang,China,APAC,North Asia
APAC-Hamamatsu,Hamamatsu,Shizuoka,Japan,APAC,North Asia
APAC-Hamilton,Hamilton,Waikato,New Zealand,APAC,Oceania
APAC-Handa,Handa,Aichi,Japan,APAC,North Asia
APAC-Handan,Handan,Hebei,China,APAC,North Asia
APAC-Hangu,Hangu,Tianjin,China,APAC,North Asia
APAC-Hangzhou,Hangzhou,Zhejiang,China,APAC,North Asia
APAC-Hanoi,Hanoi,Th? Dô Hà N?i,Vietnam,APAC,Southeast Asia
APAC-Hapur,Hapur,Uttar Pradesh,India,APAC,Central Asia
APAC-Harbin,Harbin,Heilongjiang,China,APAC,North Asia
APAC-Hastings,Hastings,Hawke's Bay,New Zealand,APAC,Oceania
APAC-Hebi,Hebi,Henan,China,APAC,North Asia
APAC-Hechuan,Hechuan,Chongqing,China,APAC,North Asia
APAC-Hefei,Hefei,Anhui,China,APAC,North Asia
APAC-Hengyang,Hengyang,Hunan,China,APAC,North Asia
APAC-Herat,Herat,Hirat,Afghanistan,APAC,Central Asia
APAC-Heyuan,Heyuan,Guangdong,China,APAC,North Asia
APAC-Heze,Heze,Shandong,China,APAC,North Asia
APAC-Himeji,Himeji,Hyogo,Japan,APAC,North Asia
APAC-Hirakata,Hirakata,Osaka,Japan,APAC,North Asia
APAC-Hiratsuka,Hiratsuka,Kanagawa,Japan,APAC,North Asia
APAC-Hisar,Hisar,Haryana,India,APAC,Central Asia
APAC-Ho Chi Minh City,Ho Chi Minh City,Ho Chí Minh City,Vietnam,APAC,Southeast Asia
APAC-Hobart,Hobart,Tasmania,Australia,APAC,Oceania
APAC-Hohhot,Hohhot,Inner Mongolia,China,APAC,North Asia
APAC-Huadian,Huadian,Jilin,China,APAC,North Asia
APAC-Huaibei,Huaibei,Anhui,China,APAC,North Asia
APAC-Huaihua,Huaihua,Hunan,China,APAC,North Asia
APAC-Huainan,Huainan,Anhui,China,APAC,North Asia
APAC-Huaiyin,Huaiyin,Jiangsu,China,APAC,North Asia
APAC-Huangshan,Huangshan,Anhui,China,APAC,North Asia
APAC-Huangshi,Huangshi,Hubei,China,APAC,North Asia
APAC-Hubli,Hubli,Karnataka,India,APAC,Central Asia
APAC-Huizhou,Huizhou,Guangdong,China,APAC,North Asia
APAC-Huzhou,Huzhou,Zhejiang,China,APAC,North Asia
APAC-Hyderabad,Hyderabad,Telangana,India,APAC,Central Asia
APAC-Ibaraki,Ibaraki,Osaka,Japan,APAC,North Asia
APAC-Ichalkaranji,Ichalkaranji,Maharashtra,India,APAC,Central Asia
APAC-Ichikawa,Ichikawa,Chiba,Japan,APAC,North Asia
APAC-Imphal,Imphal,Manipur,India,APAC,Central Asia
APAC-Indore,Indore,Madhya Pradesh,India,APAC,Central Asia
APAC-Invercargill,Invercargill,Southland,New Zealand,APAC,Oceania
APAC-Ipoh,Ipoh,Perak,Malaysia,APAC,Southeast Asia
APAC-Islamabad,Islamabad,F.C.T.,Pakistan,APAC,Central Asia
APAC-Jabalpur,Jabalpur,Madhya Pradesh,India,APAC,Central Asia
APAC-Jaipur,Jaipur,Rajasthan,India,APAC,Central Asia
APAC-Jakarta,Jakarta,Jakarta,Indonesia,APAC,Southeast Asia
APAC-Jalalabad,Jalalabad,Nangarhar,Afghanistan,APAC,Central Asia
APAC-Jalna,Jalna,Maharashtra,India,APAC,Central Asia
APAC-Jambi,Jambi,Jambi,Indonesia,APAC,Southeast Asia
APAC-Jammu,Jammu,Jammu and Kashmir,India,APAC,Central Asia
APAC-Jamnagar,Jamnagar,Gujarat,India,APAC,Central Asia
APAC-Jamshedpur,Jamshedpur,Jharkhand,India,APAC,Central Asia
APAC-Jayapura,Jayapura,Papua,Indonesia,APAC,Southeast Asia
APAC-Jember,Jember,Jawa Timur,Indonesia,APAC,Southeast Asia
APAC-Jhansi,Jhansi,Uttar Pradesh,India,APAC,Central Asia
APAC-Jiamusi,Jiamusi,Heilongjiang,China,APAC,North Asia
APAC-Jiangdu,Jiangdu,Jiangsu,China,APAC,North Asia
APAC-Jiangmen,Jiangmen,Guangdong,China,APAC,North Asia
APAC-Jiangyan,Jiangyan,Jiangsu,China,APAC,North Asia
APAC-Jiangyou,Jiangyou,Sichuan,China,APAC,North Asia
APAC-Jiaohe,Jiaohe,Jilin,China,APAC,North Asia
APAC-Jiaozuo,Jiaozuo,Henan,China,APAC,North Asia
APAC-Jiaxing,Jiaxing,Zhejiang,China,APAC,North Asia
APAC-Jieshou,Jieshou,Anhui,China,APAC,North Asia
APAC-Jieyang,Jieyang,Guangdong,China,APAC,North Asia
APAC-Jilin,Jilin,Jilin,China,APAC,North Asia
APAC-Jinan,Jinan,Shandong,China,APAC,North Asia
APAC-Jincheng,Jincheng,Shanxi,China,APAC,North Asia
APAC-Jingdezhen,Jingdezhen,Jiangxi,China,APAC,North Asia
APAC-Jingmen,Jingmen,Hubei,China,APAC,North Asia
APAC-Jinhua,Jinhua,Zhejiang,China,APAC,North Asia
APAC-Jining,Jining,Shandong,China,APAC,North Asia
APAC-Jinjiang,Jinjiang,Fujian,China,APAC,North Asia
APAC-Jiutai,Jiutai,Jilin,China,APAC,North Asia
APAC-Jixi,Jixi,Heilongjiang,China,APAC,North Asia
APAC-Jodhpur,Jodhpur,Rajasthan,India,APAC,Central Asia
APAC-Kabul,Kabul,Kabul,Afghanistan,APAC,Central Asia
APAC-Kaifeng,Kaifeng,Henan,China,APAC,North Asia
APAC-Kaiyuan,Kaiyuan,Liaoning,China,APAC,North Asia
APAC-Kakinada,Kakinada,Andhra Pradesh,India,APAC,Central Asia
APAC-Kalyan,Kalyan,Maharashtra,India,APAC,Central Asia
APAC-Kamarhati,Kamarhati,West Bengal,India,APAC,Central Asia
APAC-Kandahar,Kandahar,Kandahar,Afghanistan,APAC,Central Asia
APAC-Kanpur,Kanpur,Uttar Pradesh,India,APAC,Central Asia
APAC-Karimnagar,Karimnagar,Telangana,India,APAC,Central Asia
APAC-Karnal,Karnal,Haryana,India,APAC,Central Asia
APAC-Kasugai,Kasugai,Aichi,Japan,APAC,North Asia
APAC-Kathmandu,Kathmandu,Central,Nepal,APAC,Central Asia
APAC-Katoomba,Katoomba,New South Wales,Australia,APAC,Oceania
APAC-Katsushika-ku,Katsushika-ku,Tokyo,Japan,APAC,North Asia
APAC-Kawagoe,Kawagoe,Saitama,Japan,APAC,North Asia
APAC-Kawaguchi,Kawaguchi,Chiba,Japan,APAC,North Asia
APAC-Kawasaki,Kawasaki,Fukuoka,Japan,APAC,North Asia
APAC-Kediri,Kediri,Jawa Timur,Indonesia,APAC,Southeast Asia
APAC-Kendari,Kendari,Sulawesi Tenggara,Indonesia,APAC,Southeast Asia
APAC-Khulna,Khulna,Khulna,Bangladesh,APAC,Central Asia
APAC-Kita-ku,Kita-ku,Osaka,Japan,APAC,North Asia
APAC-Kochi,Kochi,Kerala,India,APAC,Central Asia
APAC-Kolhapur,Kolhapur,Maharashtra,India,APAC,Central Asia
APAC-Kollam,Kollam,Kerala,India,APAC,Central Asia
APAC-Korba,Korba,Chhattisgarh,India,APAC,Central Asia
APAC-Korla,Korla,Xinjiang Uygur,China,APAC,North Asia
APAC-Koshigaya,Koshigaya,Saitama,Japan,APAC,North Asia
APAC-Kota,Kota,Chhattisgarh,India,APAC,Central Asia
APAC-Kota Kinabalu,Kota Kinabalu,Sabah,Malaysia,APAC,Southeast Asia
APAC-Kowloon,Kowloon,Hong Kong,Hong Kong,APAC,North Asia
APAC-Kozhikode,Kozhikode,Kerala,India,APAC,Central Asia
APAC-Kuala Lumpur,Kuala Lumpur,Kuala Lumpur,Malaysia,APAC,Southeast Asia
APAC-Kuala Terengganu,Kuala Terengganu,Trengganu,Malaysia,APAC,Southeast Asia
APAC-Kuantan,Kuantan,Pahang,Malaysia,APAC,Southeast Asia
APAC-Kuching,Kuching,Sarawak,Malaysia,APAC,Southeast Asia
APAC-Kukatpalli,Kukatpalli,Telangana,India,APAC,Central Asia
APAC-Kulti,Kulti,West Bengal,India,APAC,Central Asia
APAC-Kunming,Kunming,Yunnan,China,APAC,North Asia
APAC-Kupang,Kupang,Nusa Tenggara Timur,Indonesia,APAC,Southeast Asia
APAC-Kurashiki,Kurashiki,Okayama,Japan,APAC,North Asia
APAC-Kure,Kure,Hiroshima,Japan,APAC,North Asia
APAC-Kwangju,Kwangju,Gyeonggi,South Korea,APAC,North Asia
APAC-Kwinana,Kwinana,Western Australia,Australia,APAC,Oceania
APAC-Lahore,Lahore,Punjab,Pakistan,APAC,Central Asia
APAC-Laiyang,Laiyang,Shandong,China,APAC,North Asia
APAC-Langfang,Langfang,Hebei,China,APAC,North Asia
APAC-Lanxi,Lanxi,Zhejiang,China,APAC,North Asia
APAC-Lanzhou,Lanzhou,Gansu,China,APAC,North Asia
APAC-Laohekou,Laohekou,Hubei,China,APAC,North Asia
APAC-Las Pinas,Las Pinas,National Capital,Philippines,APAC,Southeast Asia
APAC-Latur,Latur,Maharashtra,India,APAC,Central Asia
APAC-Launceston,Launceston,Tasmania,Australia,APAC,Oceania
APAC-Leshan,Leshan,Sichuan,China,APAC,North Asia
APAC-Levin,Levin,Manawatu-Wanganui,New Zealand,APAC,Oceania
APAC-Lianyuan,Lianyuan,Hunan,China,APAC,North Asia
APAC-Lianzhou,Lianzhou,Guangdong,China,APAC,North Asia
APAC-Liaocheng,Liaocheng,Shandong,China,APAC,North Asia
APAC-Liaoyang,Liaoyang,Liaoning,China,APAC,North Asia
APAC-Liaoyuan,Liaoyuan,Jilin,China,APAC,North Asia
APAC-Licheng,Licheng,Guangdong,China,APAC,North Asia
APAC-Linhai,Linhai,Zhejiang,China,APAC,North Asia
APAC-Linyi,Linyi,Shandong,China,APAC,North Asia
APAC-Lismore,Lismore,New South Wales,Australia,APAC,Oceania
APAC-Liuyang,Liuyang,Hunan,China,APAC,North Asia
APAC-Loudi,Loudi,Hunan,China,APAC,North Asia
APAC-Lower Hutt,Lower Hutt,Wellington,New Zealand,APAC,Oceania
APAC-Lucknow,Lucknow,Uttar Pradesh,India,APAC,Central Asia
APAC-Ludhiana,Ludhiana,Punjab,India,APAC,Central Asia
APAC-Luohe,Luohe,Henan,China,APAC,North Asia
APAC-Luoyang,Luoyang,Henan,China,APAC,North Asia
APAC-Macheng,Macheng,Hubei,China,APAC,North Asia
APAC-Mackay,Mackay,Queensland,Australia,APAC,Oceania
APAC-Madurai,Madurai,Tamil Nadu,India,APAC,Central Asia
APAC-Makati,Makati,National Capital,Philippines,APAC,Southeast Asia
APAC-Malang,Malang,Jawa Timur,Indonesia,APAC,Southeast Asia
APAC-Malegaon,Malegaon,Maharashtra,India,APAC,Central Asia
APAC-Manado,Manado,Sulawesi Utara,Indonesia,APAC,Southeast Asia
APAC-Mandurah,Mandurah,Western Australia,Australia,APAC,Oceania
APAC-Mangalore,Mangalore,Karnataka,India,APAC,Central Asia
APAC-Manila,Manila,National Capital,Philippines,APAC,Southeast Asia
APAC-Manukau City,Manukau City,Auckland,New Zealand,APAC,Oceania
APAC-Mardan,Mardan,Khyber Pakhtunkhwa,Pakistan,APAC,Central Asia
APAC-Marikina,Marikina,National Capital,Philippines,APAC,Southeast Asia
APAC-Maryborough,Maryborough,Queensland,Australia,APAC,Oceania
APAC-Masterton,Masterton,Wellington,New Zealand,APAC,Oceania
APAC-Mataram,Mataram,Nusa Tenggara Barat,Indonesia,APAC,Southeast Asia
APAC-Mathura,Mathura,Uttar Pradesh,India,APAC,Central Asia
APAC-Matsubara,Matsubara,Oita,Japan,APAC,North Asia
APAC-Matsudo,Matsudo,Chiba,Japan,APAC,North Asia
APAC-Matsumoto,Matsumoto,Nagano,Japan,APAC,North Asia
APAC-Mau,Mau,Madhya Pradesh,India,APAC,Central Asia
APAC-Medan,Medan,Sumatera Utara,Indonesia,APAC,Southeast Asia
APAC-Meerut,Meerut,Uttar Pradesh,India,APAC,Central Asia
APAC-Meizhou,Meizhou,Guangdong,China,APAC,North Asia
APAC-Melbourne,Melbourne,Victoria,Australia,APAC,Oceania
APAC-Melton,Melton,Victoria,Australia,APAC,Oceania
APAC-Mentougou,Mentougou,Beijing,China,APAC,North Asia
APAC-Mianyang,Mianyang,Sichuan,China,APAC,North Asia
APAC-Mildura,Mildura,Victoria,Australia,APAC,Oceania
APAC-Mirzapur,Mirzapur,Uttar Pradesh,India,APAC,Central Asia
APAC-Moradabad,Moradabad,Uttar Pradesh,India,APAC,Central Asia
APAC-Mount Gambier,Mount Gambier,South Australia,Australia,APAC,Oceania
APAC-Mount Isa,Mount Isa,Queensland,Australia,APAC,Oceania
APAC-Mudanjiang,Mudanjiang,Heilongjiang,China,APAC,North Asia
APAC-Multan,Multan,Punjab,Pakistan,APAC,Central Asia
APAC-Mumbai,Mumbai,Maharashtra,India,APAC,Central Asia
APAC-Murray Bridge,Murray Bridge,South Australia,Australia,APAC,Oceania
APAC-Muzaffarpur,Muzaffarpur,Bihar,India,APAC,Central Asia
APAC-Mysore,Mysore,Karnataka,India,APAC,Central Asia
APAC-Nagaoka,Nagaoka,Shizuoka,Japan,APAC,North Asia
APAC-Nagasaki,Nagasaki,Nagasaki,Japan,APAC,North Asia
APAC-Nagercoil,Nagercoil,Tamil Nadu,India,APAC,Central Asia
APAC-Nagpur,Nagpur,Maharashtra,India,APAC,Central Asia
APAC-Naihati,Naihati,West Bengal,India,APAC,Central Asia
APAC-Nakhon Ratchasima,Nakhon Ratchasima,Nakhon Ratchasima,Thailand,APAC,Southeast Asia
APAC-Nanchang,Nanchang,Jiangxi,China,APAC,North Asia
APAC-Nanchong,Nanchong,Sichuan,China,APAC,North Asia
APAC-Nanning,Nanning,Guangxi,China,APAC,North Asia
APAC-Nantong,Nantong,Jiangsu,China,APAC,North Asia
APAC-Nanyang,Nanyang,Henan,China,APAC,North Asia
APAC-Napier,Napier,Hawke's Bay,New Zealand,APAC,Oceania
APAC-Narsingdi,Narsingdi,Dhaka,Bangladesh,APAC,Central Asia
APAC-Nasik,Nasik,Maharashtra,India,APAC,Central Asia
APAC-Neijiang,Neijiang,Sichuan,China,APAC,North Asia
APAC-Nellore,Nellore,Andhra Pradesh,India,APAC,Central Asia
APAC-Nelson,Nelson,Nelson,New Zealand,APAC,Oceania
APAC-New Delhi,New Delhi,Delhi,India,APAC,Central Asia
APAC-New Plymouth,New Plymouth,Taranaki,New Zealand,APAC,Oceania
APAC-Newcastle,Newcastle,New South Wales,Australia,APAC,Oceania
APAC-Nha Trang,Nha Trang,Khánh Hòa,Vietnam,APAC,Southeast Asia
APAC-Ningbo,Ningbo,Zhejiang,China,APAC,North Asia
APAC-Ninghai,Ninghai,Shandong,China,APAC,North Asia
APAC-Nishinomiya,Nishinomiya,Hyogo,Japan,APAC,North Asia
APAC-Nizamabad,Nizamabad,Telangana,India,APAC,Central Asia
APAC-Noda,Noda,Chiba,Japan,APAC,North Asia
APAC-Nowra,Nowra,New South Wales,Australia,APAC,Oceania
APAC-Orange,Orange,New South Wales,Australia,APAC,Oceania
APAC-Oyama,Oyama,Tochigi,Japan,APAC,North Asia
APAC-Padang,Padang,Sumatera Barat,Indonesia,APAC,Southeast Asia
APAC-Palembang,Palembang,Sumatera Selatan,Indonesia,APAC,Southeast Asia
APAC-Palmerston,Palmerston,Northern Territory,Australia,APAC,Oceania
APAC-Palmerston North,Palmerston North,Manawatu-Wanganui,New Zealand,APAC,Oceania
APAC-Palu,Palu,Sulawesi Tengah,Indonesia,APAC,Southeast Asia
APAC-Panihati,Panihati,West Bengal,India,APAC,Central Asia
APAC-Panipat,Panipat,Haryana,India,APAC,Central Asia
APAC-Papakura,Papakura,Auckland,New Zealand,APAC,Oceania
APAC-Paraparaumu,Paraparaumu,Wellington,New Zealand,APAC,Oceania
APAC-Parbhani,Parbhani,Maharashtra,India,APAC,Central Asia
APAC-Pasig,Pasig,National Capital,Philippines,APAC,Southeast Asia
APAC-Patiala,Patiala,Punjab,India,APAC,Central Asia
APAC-Patna,Patna,Bihar,India,APAC,Central Asia
APAC-Pekalongan,Pekalongan,Jawa Tengah,Indonesia,APAC,Southeast Asia
APAC-Pekanbaru,Pekanbaru,Riau,Indonesia,APAC,Southeast Asia
APAC-Pematangsiantar,Pematangsiantar,Sumatera Utara,Indonesia,APAC,Southeast Asia
APAC-Penglai,Penglai,Shandong,China,APAC,North Asia
APAC-Perth,Perth,Western Australia,Australia,APAC,Oceania
APAC-Peshawar,Peshawar,Khyber Pakhtunkhwa,Pakistan,APAC,Central Asia
APAC-Phnom Penh,Phnom Penh,Phnom Penh,Cambodia,APAC,Southeast Asia
APAC-Pimpri,Pimpri,Maharashtra,India,APAC,Central Asia
APAC-Pingdingshan,Pingdingshan,Henan,China,APAC,North Asia
APAC-Pingnan,Pingnan,Guangxi,China,APAC,North Asia
APAC-Pingxiang,Pingxiang,Jiangxi,China,APAC,North Asia
APAC-Pontianak,Pontianak,Kalimantan Barat,Indonesia,APAC,Southeast Asia
APAC-Porirua,Porirua,Wellington,New Zealand,APAC,Oceania
APAC-Port Macquarie,Port Macquarie,New South Wales,Australia,APAC,Oceania
APAC-Port Moresby,Port Moresby,National Capital,Papua New Guinea,APAC,Oceania
APAC-Probolinggo,Probolinggo,Jawa Timur,Indonesia,APAC,Southeast Asia
APAC-Puducherry,Puducherry,Puducherry,India,APAC,Central Asia
APAC-Pune,Pune,Maharashtra,India,APAC,Central Asia
APAC-Purwokerto,Purwokerto,Jawa Tengah,Indonesia,APAC,Southeast Asia
APAC-Puyang,Puyang,Henan,China,APAC,North Asia
APAC-Qidong,Qidong,Jiangsu,China,APAC,North Asia
APAC-Qingdao,Qingdao,Shandong,China,APAC,North Asia
APAC-Qiqihar,Qiqihar,Heilongjiang,China,APAC,North Asia
APAC-Qitaihe,Qitaihe,Heilongjiang,China,APAC,North Asia
APAC-Quanzhou,Quanzhou,Fujian,China,APAC,North Asia
APAC-Queanbeyan,Queanbeyan,New South Wales,Australia,APAC,Oceania
APAC-Quetta,Quetta,Baluchistan,Pakistan,APAC,Central Asia
APAC-Rach Gia,Rach Gia,Kiên Giang,Vietnam,APAC,Southeast Asia
APAC-Raipur,Raipur,Uttarakhand,India,APAC,Central Asia
APAC-Rajkot,Rajkot,Gujarat,India,APAC,Central Asia
APAC-Rajshahi,Rajshahi,Rajshahi,Bangladesh,APAC,Central Asia
APAC-Ranchi,Ranchi,Jharkhand,India,APAC,Central Asia
APAC-Ratlam,Ratlam,Madhya Pradesh,India,APAC,Central Asia
APAC-Rawalpindi,Rawalpindi,Punjab,Pakistan,APAC,Central Asia
APAC-Renqiu,Renqiu,Hebei,China,APAC,North Asia
APAC-Rizhao,Rizhao,Shandong,China,APAC,North Asia
APAC-Rockhampton,Rockhampton,Queensland,Australia,APAC,Oceania
APAC-Rohtak,Rohtak,Haryana,India,APAC,Central Asia
APAC-Rotorua,Rotorua,Bay of Plenty,New Zealand,APAC,Oceania
APAC-Saga,Saga,Saga,Japan,APAC,North Asia
APAC-Sagamihara,Sagamihara,Kanagawa,Japan,APAC,North Asia
APAC-Saharanpur,Saharanpur,Uttar Pradesh,India,APAC,Central Asia
APAC-Sakai,Sakai,Gunma,Japan,APAC,North Asia
APAC-Salem,Salem,Tamil Nadu,India,APAC,Central Asia
APAC-Samarinda,Samarinda,Kalimantan Timur,Indonesia,APAC,Southeast Asia
APAC-San Jose del Monte,San Jose del Monte,Central Luzon,Philippines,APAC,Southeast Asia
APAC-San Pedro,San Pedro,Calabarzon,Philippines,APAC,Southeast Asia
APAC-Sandakan,Sandakan,Sabah,Malaysia,APAC,Southeast Asia
APAC-Sangli,Sangli,Maharashtra,India,APAC,Central Asia
APAC-Sanming,Sanming,Fujian,China,APAC,North Asia
APAC-Sanya,Sanya,Hainan,China,APAC,North Asia
APAC-Sargodha,Sargodha,Punjab,Pakistan,APAC,Central Asia
APAC-Satna,Satna,Madhya Pradesh,India,APAC,Central Asia
APAC-Semarang,Semarang,Jawa Tengah,Indonesia,APAC,Southeast Asia
APAC-Seoul,Seoul,Seoul,South Korea,APAC,North Asia
APAC-Seremban,Seremban,Negeri Sembilan,Malaysia,APAC,Southeast Asia
APAC-Shah Alam,Shah Alam,Selangor,Malaysia,APAC,Southeast Asia
APAC-Shahjahanpur,Shahjahanpur,Uttar Pradesh,India,APAC,Central Asia
APAC-Shanghai,Shanghai,Shanghai,China,APAC,North Asia
APAC-Shangqiu,Shangqiu,Henan,China,APAC,North Asia
APAC-Shangyu,Shangyu,Zhejiang,China,APAC,North Asia
APAC-Shangzhi,Shangzhi,Heilongjiang,China,APAC,North Asia
APAC-Shantou,Shantou,Guangdong,China,APAC,North Asia
APAC-Shanwei,Shanwei,Guangdong,China,APAC,North Asia
APAC-Shaoxing,Shaoxing,Zhejiang,China,APAC,North Asia
APAC-Shashi,Shashi,Hubei,China,APAC,North Asia
APAC-Shenyang,Shenyang,Liaoning,China,APAC,North Asia
APAC-Shenzhen,Shenzhen,Guangdong,China,APAC,North Asia
APAC-Shihezi,Shihezi,Xinjiang Uygur,China,APAC,North Asia
APAC-Shijiazhuang,Shijiazhuang,Hebei,China,APAC,North Asia
APAC-Shimoga,Shimoga,Karnataka,India,APAC,Central Asia
APAC-Shimonoseki,Shimonoseki,Yamaguchi,Japan,APAC,North Asia
APAC-Shizuishan,Shizuishan,Ningxia,China,APAC,North Asia
APAC-Shouguang,Shouguang,Shandong,China,APAC,North Asia
APAC-Shuangcheng,Shuangcheng,Heilongjiang,China,APAC,North Asia
APAC-Shuangyashan,Shuangyashan,Heilongjiang,China,APAC,North Asia
APAC-Shulan,Shulan,Jilin,China,APAC,North Asia
APAC-Sialkot,Sialkot,Punjab,Pakistan,APAC,Central Asia
APAC-Singapore,Singapore,Singapore,Singapore,APAC,Southeast Asia
APAC-Siping,Siping,Jilin,China,APAC,North Asia
APAC-Solapur,Solapur,Maharashtra,India,APAC,Central Asia
APAC-Sonipat,Sonipat,Haryana,India,APAC,Central Asia
APAC-Srinagar,Srinagar,Jammu and Kashmir,India,APAC,Central Asia
APAC-Suihua,Suihua,Heilongjiang,China,APAC,North Asia
APAC-Suining,Suining,Sichuan,China,APAC,North Asia
APAC-Suizhou,Suizhou,Hubei,China,APAC,North Asia
APAC-Sukabumi,Sukabumi,Jawa Barat,Indonesia,APAC,Southeast Asia
APAC-Sukkur,Sukkur,Sindh,Pakistan,APAC,Central Asia
APAC-Sunbury,Sunbury,Victoria,Australia,APAC,Oceania
APAC-Surabaya,Surabaya,Jawa Timur,Indonesia,APAC,Southeast Asia
APAC-Surakarta,Surakarta,Jawa Tengah,Indonesia,APAC,Southeast Asia
APAC-Surat,Surat,Gujarat,India,APAC,Central Asia
APAC-Suwon,Suwon,Gyeonggi,South Korea,APAC,North Asia
APAC-Suzhou,Suzhou,Anhui,China,APAC,North Asia
APAC-Sydney,Sydney,New South Wales,Australia,APAC,Oceania
APAC-Sylhet,Sylhet,Sylhet,Bangladesh,APAC,Central Asia
APAC-Taipei,Taipei,Taipei City,Taiwan,APAC,North Asia
APAC-Taiping,Taiping,Perak,Malaysia,APAC,Southeast Asia
APAC-Taixing,Taixing,Jiangsu,China,APAC,North Asia
APAC-Taiyuan,Taiyuan,Shanxi,China,APAC,North Asia
APAC-Taizhou,Taizhou,Jiangsu,China,APAC,North Asia
APAC-Takamatsu,Takamatsu,Kagawa,Japan,APAC,North Asia
APAC-Takasaki,Takasaki,Gunma,Japan,APAC,North Asia
APAC-Takatsuki,Takatsuki,Osaka,Japan,APAC,North Asia
APAC-Tamworth,Tamworth,New South Wales,Australia,APAC,Oceania
APAC-Tangerang,Tangerang,Jawa Barat,Indonesia,APAC,Southeast Asia
APAC-Tanggu,Tanggu,Tianjin,China,APAC,North Asia
APAC-Tangshan,Tangshan,Hebei,China,APAC,North Asia
APAC-Tasikmalaya,Tasikmalaya,Jawa Barat,Indonesia,APAC,Southeast Asia
APAC-Taupo,Taupo,Waikato,New Zealand,APAC,Oceania
APAC-Tauranga,Tauranga,Bay of Plenty,New Zealand,APAC,Oceania
APAC-Tawau,Tawau,Sabah,Malaysia,APAC,Southeast Asia
APAC-Taytay,Taytay,Calabarzon,Philippines,APAC,Southeast Asia
APAC-Tegal,Tegal,Jawa Tengah,Indonesia,APAC,Southeast Asia
APAC-Tengzhou,Tengzhou,Shandong,China,APAC,North Asia
APAC-Thane,Thane,Maharashtra,India,APAC,Central Asia
APAC-Thanjavur,Thanjavur,Tamil Nadu,India,APAC,Central Asia
APAC-Thiruvananthapuram,Thiruvananthapuram,Kerala,India,APAC,Central Asia
APAC-Tianjin,Tianjin,Tianjin,China,APAC,North Asia
APAC-Tieling,Tieling,Liaoning,China,APAC,North Asia
APAC-Timaru,Timaru,Canterbury,New Zealand,APAC,Oceania
APAC-Tiruchchirappalli,Tiruchchirappalli,Tamil Nadu,India,APAC,Central Asia
APAC-Tirunelveli,Tirunelveli,Tamil Nadu,India,APAC,Central Asia
APAC-Tirupati,Tirupati,Andhra Pradesh,India,APAC,Central Asia
APAC-Tiruppur,Tiruppur,Tamil Nadu,India,APAC,Central Asia
APAC-Tokyo,Tokyo,Tokyo,Japan,APAC,North Asia
APAC-Tongchuan,Tongchuan,Shaanxi,China,APAC,North Asia
APAC-Tongi,Tongi,Dhaka,Bangladesh,APAC,Central Asia
APAC-Tongliao,Tongliao,Inner Mongolia,China,APAC,North Asia
APAC-Tongling,Tongling,Anhui,China,APAC,North Asia
APAC-Tongzhou,Tongzhou,Beijing,China,APAC,North Asia
APAC-Toowoomba,Toowoomba,Queensland,Australia,APAC,Oceania
APAC-Torquay,Torquay,Queensland,Australia,APAC,Oceania
APAC-Tottori,Tottori,Tottori,Japan,APAC,North Asia
APAC-Townsville,Townsville,Queensland,Australia,APAC,Oceania
APAC-Toyohashi,Toyohashi,Aichi,Japan,APAC,North Asia
APAC-Traralgon,Traralgon,Victoria,Australia,APAC,Oceania
APAC-Tsukuba,Tsukuba,Ibaraki,Japan,APAC,North Asia
APAC-Tumkur,Tumkur,Karnataka,India,APAC,Central Asia
APAC-Ube,Ube,Yamaguchi,Japan,APAC,North Asia
APAC-Udaipur,Udaipur,Tripura,India,APAC,Central Asia
APAC-Ueda,Ueda,Nagano,Japan,APAC,North Asia
APAC-Ujjain,Ujjain,Madhya Pradesh,India,APAC,Central Asia
APAC-Ulan Bator,Ulan Bator,Ulaanbaatar,Mongolia,APAC,North Asia
APAC-Ulhasnagar,Ulhasnagar,Maharashtra,India,APAC,Central Asia
APAC-Ulsan,Ulsan,Ulsan,South Korea,APAC,North Asia
APAC-Upper Hutt,Upper Hutt,Wellington,New Zealand,APAC,Oceania
APAC-Vadodara,Vadodara,Gujarat,India,APAC,Central Asia
APAC-Valencia,Valencia,Northern Mindanao,Philippines,APAC,Southeast Asia
APAC-Valenzuela,Valenzuela,National Capital,Philippines,APAC,Southeast Asia
APAC-Varanasi,Varanasi,Uttar Pradesh,India,APAC,Central Asia
APAC-Vijayawada,Vijayawada,Andhra Pradesh,India,APAC,Central Asia
APAC-Visakhapatnam,Visakhapatnam,Andhra Pradesh,India,APAC,Central Asia
APAC-Wafangdian,Wafangdian,Liaoning,China,APAC,North Asia
APAC-Wagga Wagga,Wagga Wagga,New South Wales,Australia,APAC,Oceania
APAC-Waitakere,Waitakere,Auckland,New Zealand,APAC,Oceania
APAC-Warangal,Warangal,Telangana,India,APAC,Central Asia
APAC-Warrnambool,Warrnambool,Victoria,Australia,APAC,Oceania
APAC-Weifang,Weifang,Shandong,China,APAC,North Asia
APAC-Weihai,Weihai,Shandong,China,APAC,North Asia
APAC-Wellington,Wellington,Wellington,New Zealand,APAC,Oceania
APAC-Wendeng,Wendeng,Shandong,China,APAC,North Asia
APAC-Wenling,Wenling,Zhejiang,China,APAC,North Asia
APAC-Wenzhou,Wenzhou,Zhejiang,China,APAC,North Asia
APAC-Whakatane,Whakatane,Bay of Plenty,New Zealand,APAC,Oceania
APAC-Whangarei,Whangarei,Northland,New Zealand,APAC,Oceania
APAC-Whyalla,Whyalla,South Australia,Australia,APAC,Oceania
APAC-Wodonga,Wodonga,Victoria,Australia,APAC,Oceania
APAC-Wollongong,Wollongong,New South Wales,Australia,APAC,Oceania
APAC-Wuchang,Wuchang,Heilongjiang,China,APAC,North Asia
APAC-Wuchuan,Wuchuan,Guangdong,China,APAC,North Asia
APAC-Wuhai,Wuhai,Inner Mongolia,China,APAC,North Asia
APAC-Wuhan,Wuhan,Hubei,China,APAC,North Asia
APAC-Wuxi,Wuxi,Jiangsu,China,APAC,North Asia
APAC-Wuzhou,Wuzhou,Guangxi,China,APAC,North Asia
APAC-Xiamen,Xiamen,Fujian,China,APAC,North Asia
APAC-Xi'an,Xi'an,Shaanxi,China,APAC,North Asia
APAC-Xiangfan,Xiangfan,Hubei,China,APAC,North Asia
APAC-Xiangtan,Xiangtan,Hunan,China,APAC,North Asia
APAC-Xianning,Xianning,Hubei,China,APAC,North Asia
APAC-Xiantao,Xiantao,Hubei,China,APAC,North Asia
APAC-Xianyang,Xianyang,Shaanxi,China,APAC,North Asia
APAC-Xiaogan,Xiaogan,Hubei,China,APAC,North Asia
APAC-Xichang,Xichang,Sichuan,China,APAC,North Asia
APAC-Xinghua,Xinghua,Jiangsu,China,APAC,North Asia
APAC-Xingtai,Xingtai,Hebei,China,APAC,North Asia
APAC-Xining,Xining,Qinghai,China,APAC,North Asia
APAC-Xinshi,Xinshi,Hubei,China,APAC,North Asia
APAC-Xintai,Xintai,Shandong,China,APAC,North Asia
APAC-Xinxiang,Xinxiang,Henan,China,APAC,North Asia
APAC-Xinyi,Xinyi,Guangdong,China,APAC,North Asia
APAC-Xinzhou,Xinzhou,Shanxi,China,APAC,North Asia
APAC-Xuanhua,Xuanhua,Hebei,China,APAC,North Asia
APAC-Xuzhou,Xuzhou,Jiangsu,China,APAC,North Asia
APAC-Yancheng,Yancheng,Jiangsu,China,APAC,North Asia
APAC-Yangjiang,Yangjiang,Guangdong,China,APAC,North Asia
APAC-Yangon,Yangon,Yangon,Myanmar (Burma),APAC,Southeast Asia
APAC-Yangquan,Yangquan,Shanxi,China,APAC,North Asia
APAC-Yangzhou,Yangzhou,Jiangsu,China,APAC,North Asia
APAC-Yanji,Yanji,Jilin,China,APAC,North Asia
APAC-Yantai,Yantai,Shandong,China,APAC,North Asia
APAC-Yao,Yao,Osaka,Japan,APAC,North Asia
APAC-Yibin,Yibin,Sichuan,China,APAC,North Asia
APAC-Yicheng,Yicheng,Hubei,China,APAC,North Asia
APAC-Yichun,Yichun,Heilongjiang,China,APAC,North Asia
APAC-Yingcheng,Yingcheng,Hubei,China,APAC,North Asia
APAC-Yiwu,Yiwu,Zhejiang,China,APAC,North Asia
APAC-Yiyang,Yiyang,Hunan,China,APAC,North Asia
APAC-Yogyakarta,Yogyakarta,Yogyakarta,Indonesia,APAC,Southeast Asia
APAC-Yokkaichi,Yokkaichi,Mie,Japan,APAC,North Asia
APAC-Yongchuan,Yongchuan,Chongqing,China,APAC,North Asia
APAC-Yuanjiang,Yuanjiang,Hunan,China,APAC,North Asia
APAC-Yuci,Yuci,Shanxi,China,APAC,North Asia
APAC-Yueyang,Yueyang,Hunan,China,APAC,North Asia
APAC-Yulin,Yulin,Shaanxi,China,APAC,North Asia
APAC-Yuncheng,Yuncheng,Shanxi,China,APAC,North Asia
APAC-Yunyang,Yunyang,Henan,China,APAC,North Asia
APAC-Yushu,Yushu,Jilin,China,APAC,North Asia
APAC-Yuyao,Yuyao,Zhejiang,China,APAC,North Asia
APAC-Zaoyang,Zaoyang,Hubei,China,APAC,North Asia
APAC-Zaozhuang,Zaozhuang,Shandong,China,APAC,North Asia
APAC-Zhangjiakou,Zhangjiakou,Hebei,China,APAC,North Asia
APAC-Zhangzhou,Zhangzhou,Fujian,China,APAC,North Asia
APAC-Zhanjiang,Zhanjiang,Guangdong,China,APAC,North Asia
APAC-Zhaoqing,Zhaoqing,Guangdong,China,APAC,North Asia
APAC-Zhaoyuan,Zhaoyuan,Heilongjiang,China,APAC,North Asia
APAC-Zhengzhou,Zhengzhou,Henan,China,APAC,North Asia
APAC-Zhenjiang,Zhenjiang,Jiangsu,China,APAC,North Asia
APAC-Zhongxiang,Zhongxiang,Hubei,China,APAC,North Asia
APAC-Zhoukou,Zhoukou,Henan,China,APAC,North Asia
APAC-Zhuhai,Zhuhai,Guangdong,China,APAC,North Asia
APAC-Zhumadian,Zhumadian,Henan,China,APAC,North Asia
APAC-Zhuzhou,Zhuzhou,Hunan,China,APAC,North Asia
APAC-Zigong,Zigong,Sichuan,China,APAC,North Asia
APAC-Zunyi,Zunyi,Guizhou,China,APAC,North Asia
Canada-Abbotsford,Abbotsford,British Columbia,Canada,Canada,Canada
Canada-Barrie,Barrie,Ontario,Canada,Canada,Canada
Canada-Brampton,Brampton,Ontario,Canada,Canada,Canada
Canada-Brantford,Brantford,Ontario,Canada,Canada,Canada
Canada-Burlington,Burlington,Ontario,Canada,Canada,Canada
Canada-Burnaby,Burnaby,British Columbia,Canada,Canada,Canada
Canada-Calgary,Calgary,Alberta,Canada,Canada,Canada
Canada-Coquitlam,Coquitlam,British Columbia,Canada,Canada,Canada
Canada-Dartmouth,Dartmouth,Nova Scotia,Canada,Canada,Canada
Canada-Edmonton,Edmonton,Alberta,Canada,Canada,Canada
Canada-Gatineau,Gatineau,Quebec,Canada,Canada,Canada
Canada-Guelph,Guelph,Ontario,Canada,Canada,Canada
Canada-Halifax,Halifax,Nova Scotia,Canada,Canada,Canada
Canada-Hamilton,Hamilton,Ontario,Canada,Canada,Canada
Canada-Kingston,Kingston,Ontario,Canada,Canada,Canada
Canada-Kitchener,Kitchener,Ontario,Canada,Canada,Canada
Canada-Laval,Laval,Quebec,Canada,Canada,Canada
Canada-London,London,Ontario,Canada,Canada,Canada
Canada-Longueuil,Longueuil,Quebec,Canada,Canada,Canada
Canada-Markham,Markham,Ontario,Canada,Canada,Canada
Canada-Mississauga,Mississauga,Ontario,Canada,Canada,Canada
Canada-Montréal,Montréal,Quebec,Canada,Canada,Canada
Canada-North York,North York,Ontario,Canada,Canada,Canada
Canada-Oakville,Oakville,Ontario,Canada,Canada,Canada
Canada-Oshawa,Oshawa,Ontario,Canada,Canada,Canada
Canada-Ottawa,Ottawa,Ontario,Canada,Canada,Canada
Canada-Peterborough,Peterborough,Ontario,Canada,Canada,Canada
Canada-Pickering,Pickering,Ontario,Canada,Canada,Canada
Canada-Quebec,Quebec,Quebec,Canada,Canada,Canada
Canada-Red Deer,Red Deer,Alberta,Canada,Canada,Canada
Canada-Regina,Regina,Saskatchewan,Canada,Canada,Canada
Canada-Richmond,Richmond,British Columbia,Canada,Canada,Canada
Canada-Richmond Hill,Richmond Hill,Ontario,Canada,Canada,Canada
Canada-Saanich,Saanich,British Columbia,Canada,Canada,Canada
Canada-Saint-Laurent,Saint-Laurent,Quebec,Canada,Canada,Canada
Canada-Saskatoon,Saskatoon,Saskatchewan,Canada,Canada,Canada
Canada-St. Catharines,St. Catharines,Ontario,Canada,Canada,Canada
Canada-St. John's,St. John's,Newfoundland,Canada,Canada,Canada
Canada-Surrey,Surrey,British Columbia,Canada,Canada,Canada
Canada-Toronto,Toronto,Ontario,Canada,Canada,Canada
Canada-Vancouver,Vancouver,British Columbia,Canada,Canada,Canada
Canada-Vaughan,Vaughan,Ontario,Canada,Canada,Canada
Canada-Waterloo,Waterloo,Ontario,Canada,Canada,Canada
Canada-Whitby,Whitby,Ontario,Canada,Canada,Canada
Canada-Windsor,Windsor,Ontario,Canada,Canada,Canada
Canada-Winnipeg,Winnipeg,Manitoba,Canada,Canada,Canada
EMEA-Abadan,Abadan,Khuzestan,Iran,EMEA,EMEA
EMEA-Abha,Abha,'Asir,Saudi Arabia,EMEA,EMEA
EMEA-Ad Diwaniyah,Ad Diwaniyah,Al Qadisiyah,Iraq,EMEA,EMEA
EMEA-Adana,Adana,Adana,Turkey,EMEA,EMEA
EMEA-Adiyaman,Adiyaman,Adiyaman,Turkey,EMEA,EMEA
EMEA-Afyon,Afyon,Afyonkarahisar,Turkey,EMEA,EMEA
EMEA-Ahvaz,Ahvaz,Khuzestan,Iran,EMEA,EMEA
EMEA-Ajman,Ajman,'Ajman,United Arab Emirates,EMEA,EMEA
EMEA-Akhisar,Akhisar,Manisa,Turkey,EMEA,EMEA
EMEA-Aksaray,Aksaray,Aksaray,Turkey,EMEA,EMEA
EMEA-Al Amarah,Al Amarah,Maysan,Iraq,EMEA,EMEA
EMEA-Al Hillah,Al Hillah,Babil,Iraq,EMEA,EMEA
EMEA-Al Hudaydah,Al Hudaydah,Al Hudaydah,Yemen,EMEA,EMEA
EMEA-Al Hufuf,Al Hufuf,Ash Sharqiyah,Saudi Arabia,EMEA,EMEA
EMEA-Al Mubarraz,Al Mubarraz,Ash Sharqiyah,Saudi Arabia,EMEA,EMEA
EMEA-Al Muharraq,Al Muharraq,Muharraq,Bahrain,EMEA,EMEA
EMEA-Alanya,Alanya,Antalya,Turkey,EMEA,EMEA
EMEA-Aligudarz,Aligudarz,Lorestan,Iran,EMEA,EMEA
EMEA-Almaty,Almaty,Almaty City,Kazakhstan,EMEA,EMEA
EMEA-Amasya,Amasya,Amasya,Turkey,EMEA,EMEA
EMEA-Amman,Amman,'Amman,Jordan,EMEA,EMEA
EMEA-Amol,Amol,Mazandaran,Iran,EMEA,EMEA
EMEA-An Nasiriyah,An Nasiriyah,Dhi Qar,Iraq,EMEA,EMEA
EMEA-Andijon,Andijon,Andijan,Uzbekistan,EMEA,EMEA
EMEA-Angarsk,Angarsk,Irkutsk,Russia,EMEA,EMEA
EMEA-Ankara,Ankara,Ankara,Turkey,EMEA,EMEA
EMEA-Antakya,Antakya,Hatay,Turkey,EMEA,EMEA
EMEA-Antalya,Antalya,Antalya,Turkey,EMEA,EMEA
EMEA-Ar Raqqah,Ar Raqqah,Ar Raqqah,Syria,EMEA,EMEA
EMEA-Arad,Arad,Arad,Romania,EMEA,EMEA
EMEA-Arak,Arak,Markazi,Iran,EMEA,EMEA
EMEA-Arbil,Arbil,Arbil,Iraq,EMEA,EMEA
EMEA-Ardabil,Ardabil,Ardabil,Iran,EMEA,EMEA
EMEA-Ardahan,Ardahan,Ardahan,Turkey,EMEA,EMEA
EMEA-Arkhangelsk,Arkhangelsk,Arkhangel'sk,Russia,EMEA,EMEA
EMEA-Arzgir,Arzgir,Stavropol',Russia,EMEA,EMEA
EMEA-Ashdod,Ashdod,Southern,Israel,EMEA,EMEA
EMEA-Ashgabat,Ashgabat,Ashgabat,Turkmenistan,EMEA,EMEA
EMEA-Ashqelon,Ashqelon,Southern,Israel,EMEA,EMEA
EMEA-Astana,Astana,Astana,Kazakhstan,EMEA,EMEA
EMEA-Astrakhan',Astrakhan',Astrakhan',Russia,EMEA,EMEA
EMEA-Aydin,Aydin,Aydin,Turkey,EMEA,EMEA
EMEA-Babol,Babol,Mazandaran,Iran,EMEA,EMEA
EMEA-Bacau,Bacau,Bacau,Romania,EMEA,EMEA
EMEA-Bafra,Bafra,Samsun,Turkey,EMEA,EMEA
EMEA-Bagcilar,Bagcilar,Istanbul,Turkey,EMEA,EMEA
EMEA-Baghdad,Baghdad,Baghdad,Iraq,EMEA,EMEA
EMEA-Baia Mare,Baia Mare,Maramures,Romania,EMEA,EMEA
EMEA-Baku,Baku,Baki,Azerbaijan,EMEA,EMEA
EMEA-Balikesir,Balikesir,Balikesir,Turkey,EMEA,EMEA
EMEA-Balmazujvaros,Balmazujvaros,Hajdu-Bihar,Hungary,EMEA,EMEA
EMEA-Balti,Balti,Balti,Moldova,EMEA,EMEA
EMEA-Bandar Abbas,Bandar Abbas,Hormozgan,Iran,EMEA,EMEA
EMEA-Bandar-e Anzali,Bandar-e Anzali,Gilan,Iran,EMEA,EMEA
EMEA-Bandirma,Bandirma,Balikesir,Turkey,EMEA,EMEA
EMEA-Banska Bystrica,Banska Bystrica,Banská Bystrica,Slovakia,EMEA,EMEA
EMEA-Baqubah,Baqubah,Diyala,Iraq,EMEA,EMEA
EMEA-Basra,Basra,Al Basrah,Iraq,EMEA,EMEA
EMEA-Batman,Batman,Batman,Turkey,EMEA,EMEA
EMEA-Be'er Sheva,Be'er Sheva,Southern,Israel,EMEA,EMEA
EMEA-Behbahan,Behbahan,Khuzestan,Iran,EMEA,EMEA
EMEA-Behshahr,Behshahr,Mazandaran,Iran,EMEA,EMEA
EMEA-Beirut,Beirut,Beirut,Lebanon,EMEA,EMEA
EMEA-Belgorod,Belgorod,Belgorod,Russia,EMEA,EMEA
EMEA-Bene Beraq,Bene Beraq,Tel Aviv,Israel,EMEA,EMEA
EMEA-Berdyans'k,Berdyans'k,Zaporizhzhya,Ukraine,EMEA,EMEA
EMEA-Berdychiv,Berdychiv,Zhytomyr,Ukraine,EMEA,EMEA
EMEA-Beykoz,Beykoz,Istanbul,Turkey,EMEA,EMEA
EMEA-Bialystok,Bialystok,Podlaskie,Poland,EMEA,EMEA
EMEA-Bielsko-Biala,Bielsko-Biala,Silesia,Poland,EMEA,EMEA
EMEA-Bingol,Bingol,Bingol,Turkey,EMEA,EMEA
EMEA-Birjand,Birjand,South Khorasan,Iran,EMEA,EMEA
EMEA-Birobidzhan,Birobidzhan,Yevrey,Russia,EMEA,EMEA
EMEA-Bishkek,Bishkek,Bishkek,Kyrgyzstan,EMEA,EMEA
EMEA-Bistrita,Bistrita,Bistrita-Nasaud,Romania,EMEA,EMEA
EMEA-Bitola,Bitola,Bitola,Macedonia,EMEA,EMEA
EMEA-Blagoveshchensk,Blagoveshchensk,Amur,Russia,EMEA,EMEA
EMEA-Bolu,Bolu,Bolu,Turkey,EMEA,EMEA
EMEA-Borazjan,Borazjan,Bushehr,Iran,EMEA,EMEA
EMEA-Bornova,Bornova,Izmir,Turkey,EMEA,EMEA
EMEA-Borujerd,Borujerd,Lorestan,Iran,EMEA,EMEA
EMEA-Botosani,Botosani,Botosani,Romania,EMEA,EMEA
EMEA-Braila,Braila,Braila,Romania,EMEA,EMEA
EMEA-Brasov,Brasov,Brasov,Romania,EMEA,EMEA
EMEA-Bratsk,Bratsk,Irkutsk,Russia,EMEA,EMEA
EMEA-Brest,Brest,Brest,Belarus,EMEA,EMEA
EMEA-Bryansk,Bryansk,Bryansk,Russia,EMEA,EMEA
EMEA-Buca,Buca,Izmir,Turkey,EMEA,EMEA
EMEA-Budapest,Budapest,Budapest,Hungary,EMEA,EMEA
EMEA-Budënnovsk,Budënnovsk,Stavropol',Russia,EMEA,EMEA
EMEA-Burgas,Burgas,Burgas,Bulgaria,EMEA,EMEA
EMEA-Bursa,Bursa,Bursa,Turkey,EMEA,EMEA
EMEA-Buyukcekmece,Buyukcekmece,Istanbul,Turkey,EMEA,EMEA
EMEA-Buzau,Buzau,Buzau,Romania,EMEA,EMEA
EMEA-Bytom,Bytom,Silesia,Poland,EMEA,EMEA
EMEA-Canakkale,Canakkale,Canakkale,Turkey,EMEA,EMEA
EMEA-Cankaya,Cankaya,Ankara,Turkey,EMEA,EMEA
EMEA-Ceyhan,Ceyhan,Adana,Turkey,EMEA,EMEA
EMEA-Chalus,Chalus,Mazandaran,Iran,EMEA,EMEA
EMEA-Chelyabinsk,Chelyabinsk,Chelyabinsk,Russia,EMEA,EMEA
EMEA-Cherkasy,Cherkasy,Cherkasy,Ukraine,EMEA,EMEA
EMEA-Chernihiv,Chernihiv,Chernihiv,Ukraine,EMEA,EMEA
EMEA-Chisinau,Chisinau,Chisinau,Moldova,EMEA,EMEA
EMEA-Chorzow,Chorzow,Silesia,Poland,EMEA,EMEA
EMEA-Cizre,Cizre,Sirnak,Turkey,EMEA,EMEA
EMEA-Cluj-Napoca,Cluj-Napoca,Cluj,Romania,EMEA,EMEA
EMEA-Constanta,Constanta,Constanta,Romania,EMEA,EMEA
EMEA-Corlu,Corlu,Tekirdag,Turkey,EMEA,EMEA
EMEA-Corum,Corum,Corum,Turkey,EMEA,EMEA
EMEA-Craiova,Craiova,Dolj,Romania,EMEA,EMEA
EMEA-Cubuk,Cubuk,Ankara,Turkey,EMEA,EMEA
EMEA-Czestochowa,Czestochowa,Silesia,Poland,EMEA,EMEA
EMEA-Dabrowa Gornicza,Dabrowa Gornicza,Silesia,Poland,EMEA,EMEA
EMEA-Dayr az Zawr,Dayr az Zawr,Dayr Az Zawr,Syria,EMEA,EMEA
EMEA-Denizli,Denizli,Denizli,Turkey,EMEA,EMEA
EMEA-Derbent,Derbent,Dagestan,Russia,EMEA,EMEA
EMEA-Deva,Deva,Hunedoara,Romania,EMEA,EMEA
EMEA-Diyarbakir,Diyarbakir,Diyarbakir,Turkey,EMEA,EMEA
EMEA-Dniprodzerzhyns'k,Dniprodzerzhyns'k,Dnipropetrovs'k,Ukraine,EMEA,EMEA
EMEA-Dnipropetrovs'k,Dnipropetrovs'k,Dnipropetrovs'k,Ukraine,EMEA,EMEA
EMEA-Doha,Doha,Ad Dawhah,Qatar,EMEA,EMEA
EMEA-Donets'k,Donets'k,Donetsk,Ukraine,EMEA,EMEA
EMEA-Drobeta-Turnu Severin,Drobeta-Turnu Severin,Mehedinti,Romania,EMEA,EMEA
EMEA-Drogobych,Drogobych,L'viv,Ukraine,EMEA,EMEA
EMEA-Durres,Durres,Durrës,Albania,EMEA,EMEA
EMEA-Duzce,Duzce,Düzce,Turkey,EMEA,EMEA
EMEA-Dzhezkazgan,Dzhezkazgan,Qaraghandy,Kazakhstan,EMEA,EMEA
EMEA-Edirne,Edirne,Edirne,Turkey,EMEA,EMEA
EMEA-Ekibastuz,Ekibastuz,Pavlodar,Kazakhstan,EMEA,EMEA
EMEA-Elazig,Elazig,Elazig,Turkey,EMEA,EMEA
EMEA-Elbasan,Elbasan,Elbasan,Albania,EMEA,EMEA
EMEA-Erzurum,Erzurum,Erzurum,Turkey,EMEA,EMEA
EMEA-Esenyurt,Esenyurt,Istanbul,Turkey,EMEA,EMEA
EMEA-Eskisehir,Eskisehir,Eskisehir,Turkey,EMEA,EMEA
EMEA-Etimesgut,Etimesgut,Ankara,Turkey,EMEA,EMEA
EMEA-Fasa,Fasa,Fars,Iran,EMEA,EMEA
EMEA-Felahiye,Felahiye,Kayseri,Turkey,EMEA,EMEA
EMEA-Focsani,Focsani,Vrancea,Romania,EMEA,EMEA
EMEA-Galati,Galati,Galati,Romania,EMEA,EMEA
EMEA-Gaziantep,Gaziantep,Gaziantep,Turkey,EMEA,EMEA
EMEA-Gaziemir,Gaziemir,Izmir,Turkey,EMEA,EMEA
EMEA-Gdansk,Gdansk,Pomerania,Poland,EMEA,EMEA
EMEA-Gdynia,Gdynia,Pomerania,Poland,EMEA,EMEA
EMEA-Gebze,Gebze,Kocaeli,Turkey,EMEA,EMEA
EMEA-Giurgiu,Giurgiu,Giurgiu,Romania,EMEA,EMEA
EMEA-Gliwice,Gliwice,Silesia,Poland,EMEA,EMEA
EMEA-Gonabad,Gonabad,Razavi Khorasan,Iran,EMEA,EMEA
EMEA-Gorgan,Gorgan,Golestan,Iran,EMEA,EMEA
EMEA-Gorzow Wielkopolski,Gorzow Wielkopolski,Lubusz,Poland,EMEA,EMEA
EMEA-Graz,Graz,Styria,Austria,EMEA,EMEA
EMEA-Gubkin,Gubkin,Belgorod,Russia,EMEA,EMEA
EMEA-Gyor,Gyor,Gyor,Hungary,EMEA,EMEA
EMEA-Gyula,Gyula,Bekes,Hungary,EMEA,EMEA
EMEA-Hadera,Hadera,Haifa,Israel,EMEA,EMEA
EMEA-Haifa,Haifa,Haifa,Israel,EMEA,EMEA
EMEA-Hamadan,Hamadan,Hamadan,Iran,EMEA,EMEA
EMEA-Hod HaSharon,Hod HaSharon,Central,Israel,EMEA,EMEA
EMEA-Holon,Holon,Tel Aviv,Israel,EMEA,EMEA
EMEA-Homs,Homs,Hims,Syria,EMEA,EMEA
EMEA-Homyel',Homyel',Homyel',Belarus,EMEA,EMEA
EMEA-Horlivka,Horlivka,Donetsk,Ukraine,EMEA,EMEA
EMEA-Hradec Kralove,Hradec Kralove,Hradec Kralove,Czech Republic,EMEA,EMEA
EMEA-Hrodna,Hrodna,Hrodna,Belarus,EMEA,EMEA
EMEA-Iasi,Iasi,Iasi,Romania,EMEA,EMEA
EMEA-Ibb,Ibb,Ibb,Yemen,EMEA,EMEA
EMEA-Igdir,Igdir,Igdir,Turkey,EMEA,EMEA
EMEA-Ilam,Ilam,Ilam,Iran,EMEA,EMEA
EMEA-Inegol,Inegol,Bursa,Turkey,EMEA,EMEA
EMEA-Innsbruck,Innsbruck,Tyrol,Austria,EMEA,EMEA
EMEA-Iranshahr,Iranshahr,Sistan Va Baluchestan,Iran,EMEA,EMEA
EMEA-Irbid,Irbid,Irbid,Jordan,EMEA,EMEA
EMEA-Irkutsk,Irkutsk,Irkutsk,Russia,EMEA,EMEA
EMEA-Iskenderun,Iskenderun,Hatay,Turkey,EMEA,EMEA
EMEA-Isparta,Isparta,Isparta,Turkey,EMEA,EMEA
EMEA-Istanbul,Istanbul,Istanbul,Turkey,EMEA,EMEA
EMEA-Ivano-Frankivs'k,Ivano-Frankivs'k,Ivano-Frankivsk,Ukraine,EMEA,EMEA
EMEA-Ivanovo,Ivanovo,Ivanovo,Russia,EMEA,EMEA
EMEA-Izmir,Izmir,Izmir,Turkey,EMEA,EMEA
EMEA-Jastrzebie Zdroj,Jastrzebie Zdroj,Silesia,Poland,EMEA,EMEA
EMEA-Javanrud,Javanrud,Kermanshah,Iran,EMEA,EMEA
EMEA-Jaworzno,Jaworzno,Silesia,Poland,EMEA,EMEA
EMEA-Jeddah,Jeddah,Makkah,Saudi Arabia,EMEA,EMEA
EMEA-Jerusalem,Jerusalem,Jerusalem,Israel,EMEA,EMEA
EMEA-Jizan,Jizan,Jizan,Saudi Arabia,EMEA,EMEA
EMEA-Jizzakh,Jizzakh,Jizzakh,Uzbekistan,EMEA,EMEA
EMEA-Kahramanmaras,Kahramanmaras,Kahramanmaras,Turkey,EMEA,EMEA
EMEA-Kaliningrad,Kaliningrad,Kaliningrad,Russia,EMEA,EMEA
EMEA-Kalisz,Kalisz,Greater Poland,Poland,EMEA,EMEA
EMEA-Kaluga,Kaluga,Kaluga,Russia,EMEA,EMEA
EMEA-Kalush,Kalush,Ivano-Frankivsk,Ukraine,EMEA,EMEA
EMEA-Karaman,Karaman,Karaman,Turkey,EMEA,EMEA
EMEA-Karbala',Karbala',Karbala',Iraq,EMEA,EMEA
EMEA-Karliova,Karliova,Bingol,Turkey,EMEA,EMEA
EMEA-Kars,Kars,Kars,Turkey,EMEA,EMEA
EMEA-Kartal,Kartal,Istanbul,Turkey,EMEA,EMEA
EMEA-Kashan,Kashan,Esfahan,Iran,EMEA,EMEA
EMEA-Kashira,Kashira,Moscow,Russia,EMEA,EMEA
EMEA-Kaspiysk,Kaspiysk,Dagestan,Russia,EMEA,EMEA
EMEA-Kastamonu,Kastamonu,Kastamonu,Turkey,EMEA,EMEA
EMEA-Katowice,Katowice,Silesia,Poland,EMEA,EMEA
EMEA-Kaunas,Kaunas,Kaunas,Lithuania,EMEA,EMEA
EMEA-Kayseri,Kayseri,Kayseri,Turkey,EMEA,EMEA
EMEA-Kazerun,Kazerun,Fars,Iran,EMEA,EMEA
EMEA-Kerman,Kerman,Kerman,Iran,EMEA,EMEA
EMEA-Kermanshah,Kermanshah,Kermanshah,Iran,EMEA,EMEA
EMEA-Kharkiv,Kharkiv,Kharkiv,Ukraine,EMEA,EMEA
EMEA-Khasavyurt,Khasavyurt,Dagestan,Russia,EMEA,EMEA
EMEA-Kherson,Kherson,Kherson,Ukraine,EMEA,EMEA
EMEA-Khmel'nyts'kyy,Khmel'nyts'kyy,Khmel'nyts'kyy,Ukraine,EMEA,EMEA
EMEA-Khomeynishahr,Khomeynishahr,Esfahan,Iran,EMEA,EMEA
EMEA-Khorramabad,Khorramabad,Lorestan,Iran,EMEA,EMEA
EMEA-Khorramshahr,Khorramshahr,Khuzestan,Iran,EMEA,EMEA
EMEA-Kilis,Kilis,Kilis,Turkey,EMEA,EMEA
EMEA-Kirovohrad,Kirovohrad,Kirovohrad,Ukraine,EMEA,EMEA
EMEA-Kirsehir,Kirsehir,Kirsehir,Turkey,EMEA,EMEA
EMEA-Kiziltepe,Kiziltepe,Mardin,Turkey,EMEA,EMEA
EMEA-Klagenfurt,Klagenfurt,Carinthia,Austria,EMEA,EMEA
EMEA-Klaipeda,Klaipeda,Klaipeda,Lithuania,EMEA,EMEA
EMEA-Kocaeli,Kocaeli,Kocaeli,Turkey,EMEA,EMEA
EMEA-Kokshetau,Kokshetau,Aqmola,Kazakhstan,EMEA,EMEA
EMEA-Konya,Konya,Konya,Turkey,EMEA,EMEA
EMEA-Kopeysk,Kopeysk,Chelyabinsk,Russia,EMEA,EMEA
EMEA-Korce,Korce,Korçë,Albania,EMEA,EMEA
EMEA-Kozan,Kozan,Adana,Turkey,EMEA,EMEA
EMEA-Kramators'k,Kramators'k,Donetsk,Ukraine,EMEA,EMEA
EMEA-Krasnyy Luch,Krasnyy Luch,Luhans'k,Ukraine,EMEA,EMEA
EMEA-Kremenchuk,Kremenchuk,Poltava,Ukraine,EMEA,EMEA
EMEA-Kryvyy Rih,Kryvyy Rih,Dnipropetrovs'k,Ukraine,EMEA,EMEA
EMEA-Kulob,Kulob,Khatlon,Tajikistan,EMEA,EMEA
EMEA-Kumanovo,Kumanovo,Kumanovo,Macedonia,EMEA,EMEA
EMEA-Kutahya,Kutahya,Kutahya,Turkey,EMEA,EMEA
EMEA-K'ut'aisi,K'ut'aisi,Imereti,Georgia,EMEA,EMEA
EMEA-Leoben,Leoben,Styria,Austria,EMEA,EMEA
EMEA-Liberec,Liberec,Liberec,Czech Republic,EMEA,EMEA
EMEA-Lida,Lida,Hrodna,Belarus,EMEA,EMEA
EMEA-Linz,Linz,Upper Austria,Austria,EMEA,EMEA
EMEA-Lisichansk,Lisichansk,Luhans'k,Ukraine,EMEA,EMEA
EMEA-Ljubljana,Ljubljana,Ljubljana,Slovenia,EMEA,EMEA
EMEA-Lodz,Lodz,Lodz,Poland,EMEA,EMEA
EMEA-Lublin,Lublin,Lublin,Poland,EMEA,EMEA
EMEA-Lugoj,Lugoj,Timis,Romania,EMEA,EMEA
EMEA-Luhans'k,Luhans'k,Luhans'k,Ukraine,EMEA,EMEA
EMEA-Luts'k,Luts'k,Volyn,Ukraine,EMEA,EMEA
EMEA-L'viv,L'viv,L'viv,Ukraine,EMEA,EMEA
EMEA-Magnitogorsk,Magnitogorsk,Chelyabinsk,Russia,EMEA,EMEA
EMEA-Makhachkala,Makhachkala,Dagestan,Russia,EMEA,EMEA
EMEA-Malatya,Malatya,Malatya,Turkey,EMEA,EMEA
EMEA-Malayer,Malayer,Hamadan,Iran,EMEA,EMEA
EMEA-Maltepe,Maltepe,Istanbul,Turkey,EMEA,EMEA
EMEA-Mamak,Mamak,Ankara,Turkey,EMEA,EMEA
EMEA-Manisa,Manisa,Manisa,Turkey,EMEA,EMEA
EMEA-Mardin,Mardin,Mardin,Turkey,EMEA,EMEA
EMEA-Mariupol',Mariupol',Donetsk,Ukraine,EMEA,EMEA
EMEA-Mary,Mary,Mary,Turkmenistan,EMEA,EMEA
EMEA-Mashhad,Mashhad,Razavi Khorasan,Iran,EMEA,EMEA
EMEA-Masjed Soleyman,Masjed Soleyman,Khuzestan,Iran,EMEA,EMEA
EMEA-Mazyr,Mazyr,Homyel',Belarus,EMEA,EMEA
EMEA-Mecca,Mecca,Makkah,Saudi Arabia,EMEA,EMEA
EMEA-Medina,Medina,Al Madinah,Saudi Arabia,EMEA,EMEA
EMEA-Melitopol',Melitopol',Zaporizhzhya,Ukraine,EMEA,EMEA
EMEA-Menemen,Menemen,Izmir,Turkey,EMEA,EMEA
EMEA-Mersin,Mersin,Mersin,Turkey,EMEA,EMEA
EMEA-Mezitli,Mezitli,Mersin,Turkey,EMEA,EMEA
EMEA-Miass,Miass,Chelyabinsk,Russia,EMEA,EMEA
EMEA-Midyat,Midyat,Mardin,Turkey,EMEA,EMEA
EMEA-Mosul,Mosul,Ninawa,Iraq,EMEA,EMEA
EMEA-Mykolayiv,Mykolayiv,Mykolayiv,Ukraine,EMEA,EMEA
EMEA-Myslowice,Myslowice,Silesia,Poland,EMEA,EMEA
EMEA-Najafabad,Najafabad,Esfahan,Iran,EMEA,EMEA
EMEA-Nal'chik,Nal'chik,Kabardino-Balkariya,Russia,EMEA,EMEA
EMEA-Namangan,Namangan,Namangan,Uzbekistan,EMEA,EMEA
EMEA-Nazilli,Nazilli,Aydin,Turkey,EMEA,EMEA
EMEA-Nevsehir,Nevsehir,Nevsehir,Turkey,EMEA,EMEA
EMEA-Neyshabur,Neyshabur,Razavi Khorasan,Iran,EMEA,EMEA
EMEA-Nigde,Nigde,Nigde,Turkey,EMEA,EMEA
EMEA-Nikopol',Nikopol',Dnipropetrovs'k,Ukraine,EMEA,EMEA
EMEA-Nitra,Nitra,Nitra,Slovakia,EMEA,EMEA
EMEA-Nizhyn,Nizhyn,Chernihiv,Ukraine,EMEA,EMEA
EMEA-Nysa,Nysa,Opole,Poland,EMEA,EMEA
EMEA-Obninsk,Obninsk,Kaluga,Russia,EMEA,EMEA
EMEA-Oktyabr'skiy,Oktyabr'skiy,Bashkortostan,Russia,EMEA,EMEA
EMEA-Oleksandriya,Oleksandriya,Kirovohrad,Ukraine,EMEA,EMEA
EMEA-Olomouc,Olomouc,Olomouc,Czech Republic,EMEA,EMEA
EMEA-Opole,Opole,Opole,Poland,EMEA,EMEA
EMEA-Oradea,Oradea,Bihor,Romania,EMEA,EMEA
EMEA-Ordu,Ordu,Ordu,Turkey,EMEA,EMEA
EMEA-Orsha,Orsha,Vitsyebsk,Belarus,EMEA,EMEA
EMEA-Osh,Osh,Osh,Kyrgyzstan,EMEA,EMEA
EMEA-Osijek,Osijek,Osjecko-Baranjska,Croatia,EMEA,EMEA
EMEA-Osmaniye,Osmaniye,Osmaniye,Turkey,EMEA,EMEA
EMEA-Ostrava,Ostrava,Moravian-Silesian,Czech Republic,EMEA,EMEA
EMEA-Panevezys,Panevezys,Panevezys,Lithuania,EMEA,EMEA
EMEA-Pavlodar,Pavlodar,Pavlodar,Kazakhstan,EMEA,EMEA
EMEA-Pazardzhik,Pazardzhik,Pazardzhik,Bulgaria,EMEA,EMEA
EMEA-Pernik,Pernik,Pernik,Bulgaria,EMEA,EMEA
EMEA-Pestovo,Pestovo,Novgorod,Russia,EMEA,EMEA
EMEA-Piatra-Neamt,Piatra-Neamt,Neamt,Romania,EMEA,EMEA
EMEA-Pila,Pila,Greater Poland,Poland,EMEA,EMEA
EMEA-Pinsk,Pinsk,Brest,Belarus,EMEA,EMEA
EMEA-Piotrkow Trybunalski,Piotrkow Trybunalski,Lodz,Poland,EMEA,EMEA
EMEA-Pitesti,Pitesti,Arges,Romania,EMEA,EMEA
EMEA-Pleven,Pleven,Pleven,Bulgaria,EMEA,EMEA
EMEA-Plock,Plock,Masovia,Poland,EMEA,EMEA
EMEA-Ploiesti,Ploiesti,Prahova,Romania,EMEA,EMEA
EMEA-Plovdiv,Plovdiv,Plovdiv,Bulgaria,EMEA,EMEA
EMEA-Plzen,Plzen,Plzen,Czech Republic,EMEA,EMEA
EMEA-Podgorica,Podgorica,Podgorica,Montenegro,EMEA,EMEA
EMEA-Polatli,Polatli,Ankara,Turkey,EMEA,EMEA
EMEA-Polatsk,Polatsk,Vitsyebsk,Belarus,EMEA,EMEA
EMEA-Poltava,Poltava,Poltava,Ukraine,EMEA,EMEA
EMEA-Poznan,Poznan,Greater Poland,Poland,EMEA,EMEA
EMEA-Prague,Prague,Prague,Czech Republic,EMEA,EMEA
EMEA-Qaraghandy,Qaraghandy,Qaraghandy,Kazakhstan,EMEA,EMEA
EMEA-Qarshi,Qarshi,Qashqadaryo,Uzbekistan,EMEA,EMEA
EMEA-Qazvin,Qazvin,Qazvin,Iran,EMEA,EMEA
EMEA-Qom,Qom,Qom,Iran,EMEA,EMEA
EMEA-Qostanay,Qostanay,Qostanay,Kazakhstan,EMEA,EMEA
EMEA-Quchan,Quchan,Razavi Khorasan,Iran,EMEA,EMEA
EMEA-Radom,Radom,Masovia,Poland,EMEA,EMEA
EMEA-Rafsanjan,Rafsanjan,Kerman,Iran,EMEA,EMEA
EMEA-Ramat Aviv,Ramat Aviv,Tel Aviv,Israel,EMEA,EMEA
EMEA-Ramat Gan,Ramat Gan,Tel Aviv,Israel,EMEA,EMEA
EMEA-Ramnicu Valcea,Ramnicu Valcea,Valcea,Romania,EMEA,EMEA
EMEA-Ras al Khaymah,Ras al Khaymah,Ra's Al Khaymah,United Arab Emirates,EMEA,EMEA
EMEA-Rasht,Rasht,Gilan,Iran,EMEA,EMEA
EMEA-Rehovot,Rehovot,Central,Israel,EMEA,EMEA
EMEA-Resita,Resita,Caras-Severin,Romania,EMEA,EMEA
EMEA-Rijeka,Rijeka,Primorsko-Goranska,Croatia,EMEA,EMEA
EMEA-Rivne,Rivne,Rivne,Ukraine,EMEA,EMEA
EMEA-Riyadh,Riyadh,Ar Riyad,Saudi Arabia,EMEA,EMEA
EMEA-Rize,Rize,Rize,Turkey,EMEA,EMEA
EMEA-Roman,Roman,Neamt,Romania,EMEA,EMEA
EMEA-Ruda Slaska,Ruda Slaska,Silesia,Poland,EMEA,EMEA
EMEA-Rybinsk,Rybinsk,Yaroslavl',Russia,EMEA,EMEA
EMEA-Rybnik,Rybnik,Silesia,Poland,EMEA,EMEA
EMEA-Sabzevar,Sabzevar,Razavi Khorasan,Iran,EMEA,EMEA
EMEA-Sakaka,Sakaka,Al Jawf,Saudi Arabia,EMEA,EMEA
EMEA-Salavat,Salavat,Bashkortostan,Russia,EMEA,EMEA
EMEA-Salihli,Salihli,Manisa,Turkey,EMEA,EMEA
EMEA-Salzburg,Salzburg,Salzburg,Austria,EMEA,EMEA
EMEA-Samarra',Samarra',Salah Ad Din,Iraq,EMEA,EMEA
EMEA-Samobor,Samobor,Zagrebacka,Croatia,EMEA,EMEA
EMEA-Samsun,Samsun,Samsun,Turkey,EMEA,EMEA
EMEA-Sanandaj,Sanandaj,Kordestan,Iran,EMEA,EMEA
EMEA-Sanliurfa,Sanliurfa,Sanliurfa,Turkey,EMEA,EMEA
EMEA-Saqqez,Saqqez,Kordestan,Iran,EMEA,EMEA
EMEA-Sarajevo,Sarajevo,Federation of Bosnia and Herzegovina,Bosnia and Herzegovina,EMEA,EMEA
EMEA-Sari,Sari,Mazandaran,Iran,EMEA,EMEA
EMEA-Sarkand,Sarkand,Almaty,Kazakhstan,EMEA,EMEA
EMEA-Satu Mare,Satu Mare,Satu Mare,Romania,EMEA,EMEA
EMEA-Saveh,Saveh,Markazi,Iran,EMEA,EMEA
EMEA-Semnan,Semnan,Semnan,Iran,EMEA,EMEA
EMEA-Sevastopol,Sevastopol,Sevastopol',Ukraine,EMEA,EMEA
EMEA-Severodvinsk,Severodvinsk,Arkhangel'sk,Russia,EMEA,EMEA
EMEA-Shahreza,Shahreza,Esfahan,Iran,EMEA,EMEA
EMEA-Shahriar,Shahriar,Tehran,Iran,EMEA,EMEA
EMEA-Shiraz,Shiraz,Fars,Iran,EMEA,EMEA
EMEA-Shkoder,Shkoder,Shkodër,Albania,EMEA,EMEA
EMEA-Shumen,Shumen,Shumen,Bulgaria,EMEA,EMEA
EMEA-Shushtar,Shushtar,Khuzestan,Iran,EMEA,EMEA
EMEA-Siauliai,Siauliai,iauliai,Lithuania,EMEA,EMEA
EMEA-Sibiu,Sibiu,Sibiu,Romania,EMEA,EMEA
EMEA-Siedlce,Siedlce,Masovia,Poland,EMEA,EMEA
EMEA-Siirt,Siirt,Siirt,Turkey,EMEA,EMEA
EMEA-Silivri,Silivri,Istanbul,Turkey,EMEA,EMEA
EMEA-Silopi,Silopi,Sirnak,Turkey,EMEA,EMEA
EMEA-Sincan,Sincan,Ankara,Turkey,EMEA,EMEA
EMEA-Sivas,Sivas,Sivas,Turkey,EMEA,EMEA
EMEA-Sliven,Sliven,Sliven,Bulgaria,EMEA,EMEA
EMEA-Slupsk,Slupsk,Pomerania,Poland,EMEA,EMEA
EMEA-Sofia,Sofia,Sofiya-Grad,Bulgaria,EMEA,EMEA
EMEA-Soma,Soma,Manisa,Turkey,EMEA,EMEA
EMEA-Sosnowiec,Sosnowiec,Silesia,Poland,EMEA,EMEA
EMEA-Split,Split,Splitsko-Dalmatinska,Croatia,EMEA,EMEA
EMEA-Stakhanov,Stakhanov,Luhans'k,Ukraine,EMEA,EMEA
EMEA-Stara Zagora,Stara Zagora,Stara Zagora,Bulgaria,EMEA,EMEA
EMEA-Sterlitamak,Sterlitamak,Bashkortostan,Russia,EMEA,EMEA
EMEA-Suceava,Suceava,Suceava,Romania,EMEA,EMEA
EMEA-Sumy,Sumy,Sumy,Ukraine,EMEA,EMEA
EMEA-Tabuk,Tabuk,Tabuk,Saudi Arabia,EMEA,EMEA
EMEA-Taizz,Taizz,Ta'izz,Yemen,EMEA,EMEA
EMEA-Takestan,Takestan,Qazvin,Iran,EMEA,EMEA
EMEA-Taldyqorghan,Taldyqorghan,Almaty,Kazakhstan,EMEA,EMEA
EMEA-Tallinn,Tallinn,Harjumaa,Estonia,EMEA,EMEA
EMEA-Taraz,Taraz,Zhambyl,Kazakhstan,EMEA,EMEA
EMEA-Targu Jiu,Targu Jiu,Gorj,Romania,EMEA,EMEA
EMEA-Targu Mures,Targu Mures,Mures,Romania,EMEA,EMEA
EMEA-Tarnow,Tarnow,Lesser Poland,Poland,EMEA,EMEA
EMEA-Tarsus,Tarsus,Mersin,Turkey,EMEA,EMEA
EMEA-Tartu,Tartu,Tartumaa,Estonia,EMEA,EMEA
EMEA-Tbilisi,Tbilisi,Tbilisi,Georgia,EMEA,EMEA
EMEA-Tehran,Tehran,Tehran,Iran,EMEA,EMEA
EMEA-Tekirdag,Tekirdag,Tekirdag,Turkey,EMEA,EMEA
EMEA-Tel Aviv,Tel Aviv,Tel Aviv,Israel,EMEA,EMEA
EMEA-Temirtau,Temirtau,Qaraghandy,Kazakhstan,EMEA,EMEA
EMEA-Termez,Termez,Surxondaryo,Uzbekistan,EMEA,EMEA
EMEA-Ternopil',Ternopil',Ternopil',Ukraine,EMEA,EMEA
EMEA-Timisoara,Timisoara,Timis,Romania,EMEA,EMEA
EMEA-Toguchin,Toguchin,Novosibirsk,Russia,EMEA,EMEA
EMEA-Tokat,Tokat,Tokat,Turkey,EMEA,EMEA
EMEA-Torbali,Torbali,Izmir,Turkey,EMEA,EMEA
EMEA-Torbat-e Heydariyeh,Torbat-e Heydariyeh,Razavi Khorasan,Iran,EMEA,EMEA
EMEA-Trabzon,Trabzon,Trabzon,Turkey,EMEA,EMEA
EMEA-Tripoli,Tripoli,North Lebanon,Lebanon,EMEA,EMEA
EMEA-Turgutlu,Turgutlu,Manisa,Turkey,EMEA,EMEA
EMEA-Turkmenabat,Turkmenabat,Lebap,Turkmenistan,EMEA,EMEA
EMEA-Tuzla,Tuzla,Federation of Bosnia and Herzegovina,Bosnia and Herzegovina,EMEA,EMEA
EMEA-Tychy,Tychy,Silesia,Poland,EMEA,EMEA
EMEA-Ufa,Ufa,Bashkortostan,Russia,EMEA,EMEA
EMEA-Ulan Bator,Ulan Bator,Ulaanbaatar,Mongolia,EMEA,EMEA
EMEA-Uman',Uman',Cherkasy,Ukraine,EMEA,EMEA
EMEA-Umraniye,Umraniye,Istanbul,Turkey,EMEA,EMEA
EMEA-Urganch,Urganch,Khorezm,Uzbekistan,EMEA,EMEA
EMEA-Usak,Usak,Usak,Turkey,EMEA,EMEA
EMEA-Uskudar,Uskudar,Istanbul,Turkey,EMEA,EMEA
EMEA-Usol'ye-Sibirskoye,Usol'ye-Sibirskoye,Irkutsk,Russia,EMEA,EMEA
EMEA-Usti nad Labem,Usti nad Labem,Usti nad Labem,Czech Republic,EMEA,EMEA
EMEA-Uvarovo,Uvarovo,Tambov,Russia,EMEA,EMEA
EMEA-Van,Van,Van,Turkey,EMEA,EMEA
EMEA-Vanadzor,Vanadzor,Lori,Armenia,EMEA,EMEA
EMEA-Varamin,Varamin,Tehran,Iran,EMEA,EMEA
EMEA-Varna,Varna,Varna,Bulgaria,EMEA,EMEA
EMEA-Vienna,Vienna,Vienna,Austria,EMEA,EMEA
EMEA-Vilnius,Vilnius,Vilnius,Lithuania,EMEA,EMEA
EMEA-Vinnytsya,Vinnytsya,Vinnytsya,Ukraine,EMEA,EMEA
EMEA-Viransehir,Viransehir,Sanliurfa,Turkey,EMEA,EMEA
EMEA-Vladimir,Vladimir,Vladimir,Russia,EMEA,EMEA
EMEA-Vlore,Vlore,Vlorë,Albania,EMEA,EMEA
EMEA-Voronezh,Voronezh,Voronezh,Russia,EMEA,EMEA
EMEA-Vratsa,Vratsa,Vratsa,Bulgaria,EMEA,EMEA
EMEA-Wadi as Sir,Wadi as Sir,'Amman,Jordan,EMEA,EMEA
EMEA-Warsaw,Warsaw,Masovia,Poland,EMEA,EMEA
EMEA-Yalova,Yalova,Yalova,Turkey,EMEA,EMEA
EMEA-Yambol,Yambol,Yambol,Bulgaria,EMEA,EMEA
EMEA-Yanbu al Bahr,Yanbu al Bahr,Al Madinah,Saudi Arabia,EMEA,EMEA
EMEA-Yaroslavl',Yaroslavl',Yaroslavl',Russia,EMEA,EMEA
EMEA-Yazd,Yazd,Yazd,Iran,EMEA,EMEA
EMEA-Zabol,Zabol,Sistan Va Baluchestan,Iran,EMEA,EMEA
EMEA-Zabrze,Zabrze,Silesia,Poland,EMEA,EMEA
EMEA-Zagreb,Zagreb,Grad Zagreb,Croatia,EMEA,EMEA
EMEA-Zahedan,Zahedan,Sistan Va Baluchestan,Iran,EMEA,EMEA
EMEA-Zanjan,Zanjan,Zanjan,Iran,EMEA,EMEA
EMEA-Zaporizhzhya,Zaporizhzhya,Zaporizhzhya,Ukraine,EMEA,EMEA
EMEA-Zenica,Zenica,Federation of Bosnia and Herzegovina,Bosnia and Herzegovina,EMEA,EMEA
EMEA-Zhlobin,Zhlobin,Homyel',Belarus,EMEA,EMEA
EMEA-Zhytomyr,Zhytomyr,Zhytomyr,Ukraine,EMEA,EMEA
EMEA-Zielona Gora,Zielona Gora,Lubusz,Poland,EMEA,EMEA
EMEA-Zilina,Zilina,ilina,Slovakia,EMEA,EMEA
EMEA-Zlatoust,Zlatoust,Chelyabinsk,Russia,EMEA,EMEA
EU-Aachen,Aachen,North Rhine-Westphalia,Germany,EU,Central
EU-Aalen,Aalen,Baden-Württemberg,Germany,EU,Central
EU-Aalst,Aalst,East Flanders,Belgium,EU,Central
EU-Abbeville,Abbeville,Picardy,France,EU,Central
EU-Aberdeen,Aberdeen,Scotland,United Kingdom,EU,North
EU-Acerra,Acerra,Campania,Italy,EU,South
EU-Acireale,Acireale,Sicily,Italy,EU,South
EU-Afragola,Afragola,Campania,Italy,EU,South
EU-Agde,Agde,Languedoc-Roussillon,France,EU,Central
EU-Agen,Agen,Aquitaine,France,EU,Central
EU-Agrigento,Agrigento,Sicily,Italy,EU,South
EU-Aix-en-Provence,Aix-en-Provence,Provence-Alpes-Côte d'Azur,France,EU,Central
EU-Aix-les-Bains,Aix-les-Bains,Rhône-Alpes,France,EU,Central
EU-Ajaccio,Ajaccio,Corsica,France,EU,Central
EU-Albacete,Albacete,Castile-La Mancha,Spain,EU,South
EU-Albertville,Albertville,Rhône-Alpes,France,EU,Central
EU-Albi,Albi,Midi-Pyrénées,France,EU,Central
EU-Alcobendas,Alcobendas,Madrid,Spain,EU,South
EU-Alessandria,Alessandria,Piedmont,Italy,EU,South
EU-Alfortville,Alfortville,Ile-de-France,France,EU,Central
EU-Alicante,Alicante,Valenciana,Spain,EU,South
EU-Alkmaar,Alkmaar,North Holland,Netherlands,EU,Central
EU-Allauch,Allauch,Provence-Alpes-Côte d'Azur,France,EU,Central
EU-Almelo,Almelo,Overijssel,Netherlands,EU,Central
EU-Alphen aan den Rijn,Alphen aan den Rijn,South Holland,Netherlands,EU,Central
EU-Altamura,Altamura,Apulia,Italy,EU,South
EU-Amadora,Amadora,Lisboa,Portugal,EU,South
EU-Amersfoort,Amersfoort,Utrecht,Netherlands,EU,Central
EU-Amiens,Amiens,Picardy,France,EU,Central
EU-Amstelveen,Amstelveen,North Holland,Netherlands,EU,Central
EU-Amsterdam,Amsterdam,North Holland,Netherlands,EU,Central
EU-Ancona,Ancona,Marche,Italy,EU,South
EU-Andria,Andria,Apulia,Italy,EU,South
EU-Angers,Angers,Pays de la Loire,France,EU,Central
EU-Anglet,Anglet,Aquitaine,France,EU,Central
EU-Annecy,Annecy,Rhône-Alpes,France,EU,Central
EU-Annecy-le-Vieux,Annecy-le-Vieux,Rhône-Alpes,France,EU,Central
EU-Annemasse,Annemasse,Rhône-Alpes,France,EU,Central
EU-Annonay,Annonay,Rhône-Alpes,France,EU,Central
EU-Antibes,Antibes,Provence-Alpes-Côte d'Azur,France,EU,Central
EU-Antony,Antony,Ile-de-France,France,EU,Central
EU-Antwerp,Antwerp,Antwerp,Belgium,EU,Central
EU-Anzio,Anzio,Lazio,Italy,EU,South
EU-Apeldoorn,Apeldoorn,Gelderland,Netherlands,EU,Central
EU-Aprilia,Aprilia,Lazio,Italy,EU,South
EU-Arezzo,Arezzo,Tuscany,Italy,EU,South
EU-Argentan,Argentan,Lower Normandy,France,EU,Central
EU-Argenteuil,Argenteuil,Ile-de-France,France,EU,Central
EU-Arles,Arles,Provence-Alpes-Côte d'Azur,France,EU,Central
EU-Arnhem,Arnhem,Gelderland,Netherlands,EU,Central
EU-Arnsberg,Arnsberg,North Rhine-Westphalia,Germany,EU,Central
EU-Arras,Arras,Nord-Pas-de-Calais,France,EU,Central
EU-Arrentela,Arrentela,Setúbal,Portugal,EU,South
EU-Aschaffenburg,Aschaffenburg,Bavaria,Germany,EU,Central
EU-Ashford,Ashford,England,United Kingdom,EU,North
EU-Assen,Assen,Drenthe,Netherlands,EU,Central
EU-Asti,Asti,Piedmont,Italy,EU,South
EU-Athis-Mons,Athis-Mons,Ile-de-France,France,EU,Central
EU-Aubervilliers,Aubervilliers,Ile-de-France,France,EU,Central
EU-Auch,Auch,Midi-Pyrénées,France,EU,Central
EU-Augsburg,Augsburg,Bavaria,Germany,EU,Central
EU-Aulnay-sous-Bois,Aulnay-sous-Bois,Ile-de-France,France,EU,Central
EU-Auxerre,Auxerre,Burgundy,France,EU,Central
EU-Avellino,Avellino,Campania,Italy,EU,South
EU-Avignon,Avignon,Provence-Alpes-Côte d'Azur,France,EU,Central
EU-Avion,Avion,Nord-Pas-de-Calais,France,EU,Central
EU-Avon,Avon,Ile-de-France,France,EU,Central
EU-Aylesbury,Aylesbury,England,United Kingdom,EU,North
EU-Bad Waldsee,Bad Waldsee,Baden-Württemberg,Germany,EU,Central
EU-Badajoz,Badajoz,Extremadura,Spain,EU,South
EU-Badalona,Badalona,Catalonia,Spain,EU,South
EU-Baden-Baden,Baden-Baden,Baden-Württemberg,Germany,EU,Central
EU-Bagneux,Bagneux,Ile-de-France,France,EU,Central
EU-Bagnolet,Bagnolet,Ile-de-France,France,EU,Central
EU-Bamberg,Bamberg,Bavaria,Germany,EU,Central
EU-Barakaldo,Barakaldo,Basque Country,Spain,EU,South
EU-Barcelona,Barcelona,Catalonia,Spain,EU,South
EU-Bari,Bari,Apulia,Italy,EU,South
EU-Bar-le-Duc,Bar-le-Duc,Lorraine,France,EU,Central
EU-Barletta,Barletta,Apulia,Italy,EU,South
EU-Barneveld,Barneveld,Gelderland,Netherlands,EU,Central
EU-Barnsley,Barnsley,England,United Kingdom,EU,North
EU-Barry,Barry,Wales,United Kingdom,EU,North
EU-Basel,Basel,Basel-Stadt,Switzerland,EU,Central
EU-Basildon,Basildon,England,United Kingdom,EU,North
EU-Basingstoke,Basingstoke,England,United Kingdom,EU,North
EU-Bastia,Bastia,Corsica,France,EU,Central
EU-Bath,Bath,England,United Kingdom,EU,North
EU-Battipaglia,Battipaglia,Campania,Italy,EU,South
EU-Bayeux,Bayeux,Lower Normandy,France,EU,Central
EU-Bayonne,Bayonne,Aquitaine,France,EU,Central
EU-Bayreuth,Bayreuth,Bavaria,Germany,EU,Central
EU-Beaune,Beaune,Burgundy,France,EU,Central
EU-Beauvais,Beauvais,Picardy,France,EU,Central
EU-Bebington,Bebington,England,United Kingdom,EU,North
EU-Bedford,Bedford,England,United Kingdom,EU,North
EU-Belfort,Belfort,Franche-Comté,France,EU,Central
EU-Benevento,Benevento,Campania,Italy,EU,South
EU-Benidorm,Benidorm,Valenciana,Spain,EU,South
EU-Berck,Berck,Nord-Pas-de-Calais,France,EU,Central
EU-Bergamo,Bergamo,Lombardy,Italy,EU,South
EU-Bergen,Bergen,Hordaland,Norway,EU,North
EU-Bergen op Zoom,Bergen op Zoom,North Brabant,Netherlands,EU,Central
EU-Bergerac,Bergerac,Aquitaine,France,EU,Central
EU-Bergheim,Bergheim,North Rhine-Westphalia,Germany,EU,Central
EU-Bergisch Gladbach,Bergisch Gladbach,North Rhine-Westphalia,Germany,EU,Central
EU-Berlin,Berlin,Berlin,Germany,EU,Central
EU-Berne,Berne,Bern,Switzerland,EU,Central
EU-Bezons,Bezons,Ile-de-France,France,EU,Central
EU-Biarritz,Biarritz,Aquitaine,France,EU,Central
EU-Bideford,Bideford,England,United Kingdom,EU,North
EU-Bielefeld,Bielefeld,North Rhine-Westphalia,Germany,EU,Central
EU-Bilbao,Bilbao,Basque Country,Spain,EU,South
EU-Birkenhead,Birkenhead,England,United Kingdom,EU,North
EU-Birmingham,Birmingham,England,United Kingdom,EU,North
EU-Bisceglie,Bisceglie,Apulia,Italy,EU,South
EU-Bitonto,Bitonto,Apulia,Italy,EU,South
EU-Blackburn,Blackburn,England,United Kingdom,EU,North
EU-Blackpool,Blackpool,England,United Kingdom,EU,North
EU-Blanquefort,Blanquefort,Aquitaine,France,EU,Central
EU-Blois,Blois,Centre,France,EU,Central
EU-Bobigny,Bobigny,Ile-de-France,France,EU,Central
EU-Bochum,Bochum,North Rhine-Westphalia,Germany,EU,Central
EU-Bognor Regis,Bognor Regis,England,United Kingdom,EU,North
EU-Bologna,Bologna,Emilia-Romagna,Italy,EU,South
EU-Bolton,Bolton,England,United Kingdom,EU,North
EU-Bolzano,Bolzano,Trentino-Alto Adige,Italy,EU,South
EU-Bondy,Bondy,Ile-de-France,France,EU,Central
EU-Bonn,Bonn,North Rhine-Westphalia,Germany,EU,Central
EU-Bonneuil-sur-Marne,Bonneuil-sur-Marne,Ile-de-France,France,EU,Central
EU-Bordeaux,Bordeaux,Aquitaine,France,EU,Central
EU-Borken,Borken,North Rhine-Westphalia,Germany,EU,Central
EU-Boscoreale,Boscoreale,Campania,Italy,EU,South
EU-Bottrop,Bottrop,North Rhine-Westphalia,Germany,EU,Central
EU-Boulogne-Billancourt,Boulogne-Billancourt,Ile-de-France,France,EU,Central
EU-Boulogne-sur-Mer,Boulogne-sur-Mer,Nord-Pas-de-Calais,France,EU,Central
EU-Bourg-en-Bresse,Bourg-en-Bresse,Rhône-Alpes,France,EU,Central
EU-Bourges,Bourges,Centre,France,EU,Central
EU-Bourgoin-Jallieu,Bourgoin-Jallieu,Rhône-Alpes,France,EU,Central
EU-Bournemouth,Bournemouth,England,United Kingdom,EU,North
EU-Bracknell,Bracknell,England,United Kingdom,EU,North
EU-Bradford,Bradford,England,United Kingdom,EU,North
EU-Braga,Braga,Braga,Portugal,EU,South
EU-Brandenburg,Brandenburg,Brandenburg,Germany,EU,Central
EU-Breda,Breda,North Brabant,Netherlands,EU,Central
EU-Bremen,Bremen,Bremen,Germany,EU,Central
EU-Bremerhaven,Bremerhaven,Bremen,Germany,EU,Central
EU-Brescia,Brescia,Lombardy,Italy,EU,South
EU-Bressuire,Bressuire,Poitou-Charentes,France,EU,Central
EU-Brest,Brest,Brittany,France,EU,Central
EU-Brighton,Brighton,England,United Kingdom,EU,North
EU-Brindisi,Brindisi,Apulia,Italy,EU,South
EU-Bristol,Bristol,England,United Kingdom,EU,North
EU-Briton Ferry,Briton Ferry,Wales,United Kingdom,EU,North
EU-Brive-la-Gaillarde,Brive-la-Gaillarde,Limousin,France,EU,Central
EU-Bron,Bron,Rhône-Alpes,France,EU,Central
EU-Bruges,Bruges,West Flanders,Belgium,EU,Central
EU-Brussels,Brussels,Brussels,Belgium,EU,Central
EU-Bry-sur-Marne,Bry-sur-Marne,Ile-de-France,France,EU,Central
EU-Burgos,Burgos,Castile and León,Spain,EU,South
EU-Burnley,Burnley,England,United Kingdom,EU,North
EU-Bury,Bury,England,United Kingdom,EU,North
EU-Busto Arsizio,Busto Arsizio,Lombardy,Italy,EU,South
EU-Cachan,Cachan,Ile-de-France,France,EU,Central
EU-Caen,Caen,Lower Normandy,France,EU,Central
EU-Cagliari,Cagliari,Sardinia,Italy,EU,South
EU-Cagnes-sur-Mer,Cagnes-sur-Mer,Provence-Alpes-Côte d'Azur,France,EU,Central
EU-Calais,Calais,Nord-Pas-de-Calais,France,EU,Central
EU-Caluire-et-Cuire,Caluire-et-Cuire,Rhône-Alpes,France,EU,Central
EU-Cambrai,Cambrai,Nord-Pas-de-Calais,France,EU,Central
EU-Cambridge,Cambridge,England,United Kingdom,EU,North
EU-Cannes,Cannes,Provence-Alpes-Côte d'Azur,France,EU,Central
EU-Capannori,Capannori,Tuscany,Italy,EU,South
EU-Capelle aan den IJssel,Capelle aan den IJssel,South Holland,Netherlands,EU,Central
EU-Capua,Capua,Campania,Italy,EU,South
EU-Carcassonne,Carcassonne,Languedoc-Roussillon,France,EU,Central
EU-Cardiff,Cardiff,Wales,United Kingdom,EU,North
EU-Carlisle,Carlisle,England,United Kingdom,EU,North
EU-Carpentras,Carpentras,Provence-Alpes-Côte d'Azur,France,EU,Central
EU-Carpi,Carpi,Emilia-Romagna,Italy,EU,South
EU-Carquefou,Carquefou,Pays de la Loire,France,EU,Central
EU-Carrara,Carrara,Tuscany,Italy,EU,South
EU-Cartagena,Cartagena,Murcia,Spain,EU,South
EU-Cártama,Cártama,Andalusía,Spain,EU,South
EU-Carvin,Carvin,Nord-Pas-de-Calais,France,EU,Central
EU-Caserta,Caserta,Campania,Italy,EU,South
EU-Casoria,Casoria,Campania,Italy,EU,South
EU-Castellammare di Stabia,Castellammare di Stabia,Campania,Italy,EU,South
EU-Castelldefels,Castelldefels,Catalonia,Spain,EU,South
EU-Castelnau-le-Lez,Castelnau-le-Lez,Languedoc-Roussillon,France,EU,Central
EU-Castres,Castres,Midi-Pyrénées,France,EU,Central
EU-Castrop-Rauxel,Castrop-Rauxel,North Rhine-Westphalia,Germany,EU,Central
EU-Catania,Catania,Sicily,Italy,EU,South
EU-Cavaillon,Cavaillon,Provence-Alpes-Côte d'Azur,France,EU,Central
EU-Celle,Celle,Lower Saxony,Germany,EU,Central
EU-Cercola,Cercola,Campania,Italy,EU,South
EU-Cergy,Cergy,Ile-de-France,France,EU,Central
EU-Cerignola,Cerignola,Apulia,Italy,EU,South
EU-Cesena,Cesena,Emilia-Romagna,Italy,EU,South
EU-Cestas,Cestas,Aquitaine,France,EU,Central
EU-Ceuta,Ceuta,Ceuta,Spain,EU,South
EU-Champigny-sur-Marne,Champigny-sur-Marne,Ile-de-France,France,EU,Central
EU-Chapel Allerton,Chapel Allerton,England,United Kingdom,EU,North
EU-Charleroi,Charleroi,Hainaut,Belgium,EU,Central
EU-Chartres,Chartres,Centre,France,EU,Central
EU-Chatham,Chatham,England,United Kingdom,EU,North
EU-Chatou,Chatou,Ile-de-France,France,EU,Central
EU-Chaumont,Chaumont,Champagne-Ardenne,France,EU,Central
EU-Chaville,Chaville,Ile-de-France,France,EU,Central
EU-Chelles,Chelles,Ile-de-France,France,EU,Central
EU-Chelmsford,Chelmsford,England,United Kingdom,EU,North
EU-Cheltenham,Cheltenham,England,United Kingdom,EU,North
EU-Chemnitz,Chemnitz,Saxony,Germany,EU,Central
EU-Cherbourg-Octeville,Cherbourg-Octeville,Lower Normandy,France,EU,Central
EU-Cheshunt,Cheshunt,England,United Kingdom,EU,North
EU-Chester,Chester,England,United Kingdom,EU,North
EU-Chesterfield,Chesterfield,England,United Kingdom,EU,North
EU-Chevilly-Larue,Chevilly-Larue,Ile-de-France,France,EU,Central
EU-Chiclana de la Frontera,Chiclana de la Frontera,Andalusía,Spain,EU,South
EU-Chieti,Chieti,Abruzzi,Italy,EU,South
EU-Chilly-Mazarin,Chilly-Mazarin,Ile-de-France,France,EU,Central
EU-Chioggia,Chioggia,Veneto,Italy,EU,South
EU-Choisy-le-Roi,Choisy-le-Roi,Ile-de-France,France,EU,Central
EU-Cholet,Cholet,Pays de la Loire,France,EU,Central
EU-Cinisello Balsamo,Cinisello Balsamo,Lombardy,Italy,EU,South
EU-Civitavecchia,Civitavecchia,Lazio,Italy,EU,South
EU-Clacton-on-Sea,Clacton-on-Sea,England,United Kingdom,EU,North
EU-Clamart,Clamart,Ile-de-France,France,EU,Central
EU-Clermont-Ferrand,Clermont-Ferrand,Auvergne,France,EU,Central
EU-Clichy,Clichy,Ile-de-France,France,EU,Central
EU-Clichy-sous-Bois,Clichy-sous-Bois,Ile-de-France,France,EU,Central
EU-Cluses,Cluses,Rhône-Alpes,France,EU,Central
EU-Clydach,Clydach,Wales,United Kingdom,EU,North
EU-Cognac,Cognac,Poitou-Charentes,France,EU,Central
EU-Coimbra,Coimbra,Coimbra,Portugal,EU,South
EU-Colchester,Colchester,England,United Kingdom,EU,North
EU-Colmar,Colmar,Alsace,France,EU,Central
EU-Cologne,Cologne,North Rhine-Westphalia,Germany,EU,Central
EU-Colombes,Colombes,Ile-de-France,France,EU,Central
EU-Colomiers,Colomiers,Midi-Pyrénées,France,EU,Central
EU-Como,Como,Lombardy,Italy,EU,South
EU-Concarneau,Concarneau,Brittany,France,EU,Central
EU-Conflans-Sainte-Honorine,Conflans-Sainte-Honorine,Ile-de-France,France,EU,Central
EU-Copenhagen,Copenhagen,Hovedstaden,Denmark,EU,North
EU-Corbeil-Essonnes,Corbeil-Essonnes,Ile-de-France,France,EU,Central
EU-Cork,Cork,Cork,Ireland,EU,North
EU-Cormeilles-en-Parisis,Cormeilles-en-Parisis,Ile-de-France,France,EU,Central
EU-Cosenza,Cosenza,Calabria,Italy,EU,South
EU-Coslada,Coslada,Madrid,Spain,EU,South
EU-Cottbus,Cottbus,Brandenburg,Germany,EU,Central
EU-Coudekerque-Branche,Coudekerque-Branche,Nord-Pas-de-Calais,France,EU,Central
EU-Coulommiers,Coulommiers,Ile-de-France,France,EU,Central
EU-Courbevoie,Courbevoie,Ile-de-France,France,EU,Central
EU-Cournon-d'Auvergne,Cournon-d'Auvergne,Auvergne,France,EU,Central
EU-Coventry,Coventry,England,United Kingdom,EU,North
EU-Crawley,Crawley,England,United Kingdom,EU,North
EU-Creil,Creil,Picardy,France,EU,Central
EU-Cremona,Cremona,Lombardy,Italy,EU,South
EU-Crewe,Crewe,England,United Kingdom,EU,North
EU-Crotone,Crotone,Calabria,Italy,EU,South
EU-Cuenca,Cuenca,Castile-La Mancha,Spain,EU,South
EU-Cumbernauld,Cumbernauld,Scotland,United Kingdom,EU,North
EU-Cuneo,Cuneo,Piedmont,Italy,EU,South
EU-Cuxhaven,Cuxhaven,Lower Saxony,Germany,EU,Central
EU-Darlington,Darlington,England,United Kingdom,EU,North
EU-Darmstadt,Darmstadt,Hesse,Germany,EU,Central
EU-Dartford,Dartford,England,United Kingdom,EU,North
EU-Darton,Darton,England,United Kingdom,EU,North
EU-Dax,Dax,Aquitaine,France,EU,Central
EU-Delft,Delft,South Holland,Netherlands,EU,Central
EU-Delmenhorst,Delmenhorst,Lower Saxony,Germany,EU,Central
EU-Den Helder,Den Helder,North Holland,Netherlands,EU,Central
EU-Denain,Denain,Nord-Pas-de-Calais,France,EU,Central
EU-Derby,Derby,England,United Kingdom,EU,North
EU-Detmold,Detmold,North Rhine-Westphalia,Germany,EU,Central
EU-Deuil-la-Barre,Deuil-la-Barre,Ile-de-France,France,EU,Central
EU-Deventer,Deventer,Overijssel,Netherlands,EU,Central
EU-Dewsbury,Dewsbury,England,United Kingdom,EU,North
EU-Dieppe,Dieppe,Upper Normandy,France,EU,Central
EU-Digne-les-Bains,Digne-les-Bains,Provence-Alpes-Côte d'Azur,France,EU,Central
EU-Dijon,Dijon,Burgundy,France,EU,Central
EU-Dinslaken,Dinslaken,North Rhine-Westphalia,Germany,EU,Central
EU-Doetinchem,Doetinchem,Gelderland,Netherlands,EU,Central
EU-Dole,Dole,Franche-Comté,France,EU,Central
EU-Domont,Domont,Ile-de-France,France,EU,Central
EU-Doncaster,Doncaster,England,United Kingdom,EU,North
EU-Dordrecht,Dordrecht,South Holland,Netherlands,EU,Central
EU-Dormagen,Dormagen,North Rhine-Westphalia,Germany,EU,Central
EU-Dorsten,Dorsten,North Rhine-Westphalia,Germany,EU,Central
EU-Dortmund,Dortmund,North Rhine-Westphalia,Germany,EU,Central
EU-Dos Hermanas,Dos Hermanas,Andalusía,Spain,EU,South
EU-Douai,Douai,Nord-Pas-de-Calais,France,EU,Central
EU-Douarnenez,Douarnenez,Brittany,France,EU,Central
EU-Draguignan,Draguignan,Provence-Alpes-Côte d'Azur,France,EU,Central
EU-Drammen,Drammen,Buskerud,Norway,EU,North
EU-Drancy,Drancy,Ile-de-France,France,EU,Central
EU-Dresden,Dresden,Saxony,Germany,EU,Central
EU-Dreux,Dreux,Centre,France,EU,Central
EU-Dronfield,Dronfield,England,United Kingdom,EU,North
EU-Dublin,Dublin,Dublin,Ireland,EU,North
EU-Dudley,Dudley,England,United Kingdom,EU,North
EU-Duisburg,Duisburg,North Rhine-Westphalia,Germany,EU,Central
EU-Dundee,Dundee,Scotland,United Kingdom,EU,North
EU-Dunstable,Dunstable,England,United Kingdom,EU,North
EU-East Kilbride,East Kilbride,Scotland,United Kingdom,EU,North
EU-Eastbourne,Eastbourne,England,United Kingdom,EU,North
EU-Echirolles,Echirolles,Rhône-Alpes,France,EU,Central
EU-Edinburgh,Edinburgh,Scotland,United Kingdom,EU,North
EU-Eggenstein-Leopoldshafen,Eggenstein-Leopoldshafen,Baden-Württemberg,Germany,EU,Central
EU-Eindhoven,Eindhoven,North Brabant,Netherlands,EU,Central
EU-El Ejido,El Ejido,Andalusía,Spain,EU,South
EU-El Escorial,El Escorial,Madrid,Spain,EU,South
EU-El Prat de Llobregat,El Prat de Llobregat,Catalonia,Spain,EU,South
EU-Elbeuf,Elbeuf,Upper Normandy,France,EU,Central
EU-Elda,Elda,Valenciana,Spain,EU,South
EU-Elx,Elx,Valenciana,Spain,EU,South
EU-Emden,Emden,Lower Saxony,Germany,EU,Central
EU-Emmen,Emmen,Drenthe,Netherlands,EU,Central
EU-Ennigerloh,Ennigerloh,North Rhine-Westphalia,Germany,EU,Central
EU-Enschede,Enschede,Overijssel,Netherlands,EU,Central
EU-Epinal,Epinal,Lorraine,France,EU,Central
EU-Eragny,Eragny,Ile-de-France,France,EU,Central
EU-Ercolano,Ercolano,Campania,Italy,EU,South
EU-Erftstadt,Erftstadt,North Rhine-Westphalia,Germany,EU,Central
EU-Erfurt,Erfurt,Thuringia,Germany,EU,Central
EU-Erlangen,Erlangen,Bavaria,Germany,EU,Central
EU-Ermont,Ermont,Ile-de-France,France,EU,Central
EU-Esbjerg,Esbjerg,South Denmark,Denmark,EU,North
EU-Eskilstuna,Eskilstuna,Södermanland,Sweden,EU,North
EU-Espoo,Espoo,Uusimaa,Finland,EU,North
EU-Essen,Essen,North Rhine-Westphalia,Germany,EU,Central
EU-Estepona,Estepona,Andalusía,Spain,EU,South
EU-Euskirchen,Euskirchen,North Rhine-Westphalia,Germany,EU,Central
EU-Evreux,Evreux,Upper Normandy,France,EU,Central
EU-Evry,Evry,Ile-de-France,France,EU,Central
EU-Exeter,Exeter,England,United Kingdom,EU,North
EU-Faches-Thumesnil,Faches-Thumesnil,Nord-Pas-de-Calais,France,EU,Central
EU-Faenza,Faenza,Emilia-Romagna,Italy,EU,South
EU-Falconara Marittima,Falconara Marittima,Marche,Italy,EU,South
EU-Fano,Fano,Marche,Italy,EU,South
EU-Fareham,Fareham,England,United Kingdom,EU,North
EU-Farnborough,Farnborough,England,United Kingdom,EU,North
EU-Feira,Feira,Aveiro,Portugal,EU,South
EU-Ferndown,Ferndown,England,United Kingdom,EU,North
EU-Ferrara,Ferrara,Emilia-Romagna,Italy,EU,South
EU-Firminy,Firminy,Rhône-Alpes,France,EU,Central
EU-Fiumicino,Fiumicino,Lazio,Italy,EU,South
EU-Flensburg,Flensburg,Schleswig-Holstein,Germany,EU,Central
EU-Flers,Flers,Lower Normandy,France,EU,Central
EU-Fleury-les-Aubrais,Fleury-les-Aubrais,Centre,France,EU,Central
EU-Florence,Florence,Tuscany,Italy,EU,South
EU-Foggia,Foggia,Apulia,Italy,EU,South
EU-Foligno,Foligno,Umbria,Italy,EU,South
EU-Fontaine,Fontaine,Rhône-Alpes,France,EU,Central
EU-Fontainebleau,Fontainebleau,Ile-de-France,France,EU,Central
EU-Fontenay-aux-Roses,Fontenay-aux-Roses,Ile-de-France,France,EU,Central
EU-Fontenay-le-Comte,Fontenay-le-Comte,Pays de la Loire,France,EU,Central
EU-Fontenay-sous-Bois,Fontenay-sous-Bois,Ile-de-France,France,EU,Central
EU-Forbach,Forbach,Lorraine,France,EU,Central
EU-Forst,Forst,Brandenburg,Germany,EU,Central
EU-Franconville,Franconville,Ile-de-France,France,EU,Central
EU-Frankfurt,Frankfurt,Hesse,Germany,EU,Central
EU-Frederiksberg,Frederiksberg,Hovedstaden,Denmark,EU,North
EU-Freiburg,Freiburg,Baden-Württemberg,Germany,EU,Central
EU-Fresnes,Fresnes,Ile-de-France,France,EU,Central
EU-Friedberg,Friedberg,Hesse,Germany,EU,Central
EU-Friedrichshafen,Friedrichshafen,Baden-Württemberg,Germany,EU,Central
EU-Frontignan,Frontignan,Languedoc-Roussillon,France,EU,Central
EU-Fuengirola,Fuengirola,Andalusía,Spain,EU,South
EU-Fuenlabrada,Fuenlabrada,Madrid,Spain,EU,South
EU-Fulda,Fulda,Hesse,Germany,EU,Central
EU-Gagny,Gagny,Ile-de-France,France,EU,Central
EU-Gallarate,Gallarate,Lombardy,Italy,EU,South
EU-Galway,Galway,Galway,Ireland,EU,North
EU-Gandia,Gandia,Valenciana,Spain,EU,South
EU-Gap,Gap,Provence-Alpes-Côte d'Azur,France,EU,Central
EU-Garbsen,Garbsen,Lower Saxony,Germany,EU,Central
EU-Garches,Garches,Ile-de-France,France,EU,Central
EU-Gardanne,Gardanne,Provence-Alpes-Côte d'Azur,France,EU,Central
EU-Garforth,Garforth,England,United Kingdom,EU,North
EU-Gateshead,Gateshead,England,United Kingdom,EU,North
EU-Gela,Gela,Sicily,Italy,EU,South
EU-Gelsenkirchen,Gelsenkirchen,North Rhine-Westphalia,Germany,EU,Central
EU-Geneva,Geneva,Geneva,Switzerland,EU,Central
EU-Genk,Genk,Limburg,Belgium,EU,Central
EU-Gennevilliers,Gennevilliers,Ile-de-France,France,EU,Central
EU-Genoa,Genoa,Liguria,Italy,EU,South
EU-Gera,Gera,Thuringia,Germany,EU,Central
EU-Getafe,Getafe,Madrid,Spain,EU,South
EU-Getxo,Getxo,Basque Country,Spain,EU,South
EU-Ghent,Ghent,East Flanders,Belgium,EU,Central
EU-Gien,Gien,Centre,France,EU,Central
EU-Gillingham,Gillingham,England,United Kingdom,EU,North
EU-Girona,Girona,Catalonia,Spain,EU,South
EU-Givors,Givors,Rhône-Alpes,France,EU,Central
EU-Gladbeck,Gladbeck,North Rhine-Westphalia,Germany,EU,Central
EU-Glasgow,Glasgow,Scotland,United Kingdom,EU,North
EU-Gloucester,Gloucester,England,United Kingdom,EU,North
EU-Gonesse,Gonesse,Ile-de-France,France,EU,Central
EU-Gosport,Gosport,England,United Kingdom,EU,North
EU-Gothenburg,Gothenburg,Västra Götaland,Sweden,EU,North
EU-Goussainville,Goussainville,Ile-de-France,France,EU,Central
EU-Gradignan,Gradignan,Aquitaine,France,EU,Central
EU-Granada,Granada,Andalusía,Spain,EU,South
EU-Granollers,Granollers,Catalonia,Spain,EU,South
EU-Grasse,Grasse,Provence-Alpes-Côte d'Azur,France,EU,Central
EU-Gravesend,Gravesend,England,United Kingdom,EU,North
EU-Graz,Graz,Styria,Austria,EU,Central
EU-Great Yarmouth,Great Yarmouth,England,United Kingdom,EU,North
EU-Greifswald,Greifswald,Mecklenburg-Vorpommern,Germany,EU,Central
EU-Grenoble,Grenoble,Rhône-Alpes,France,EU,Central
EU-Grevenbroich,Grevenbroich,North Rhine-Westphalia,Germany,EU,Central
EU-Grigny,Grigny,Ile-de-France,France,EU,Central
EU-Gronau,Gronau,North Rhine-Westphalia,Germany,EU,Central
EU-Groningen,Groningen,Groningen,Netherlands,EU,Central
EU-Grosseto,Grosseto,Tuscany,Italy,EU,South
EU-Guadalajara,Guadalajara,Castile-La Mancha,Spain,EU,South
EU-Guidonia Montecelio,Guidonia Montecelio,Lazio,Italy,EU,South
EU-Guildford,Guildford,England,United Kingdom,EU,North
EU-Guimarães,Guimarães,Braga,Portugal,EU,South
EU-Gummersbach,Gummersbach,North Rhine-Westphalia,Germany,EU,Central
EU-Günzburg,Günzburg,Bavaria,Germany,EU,Central
EU-Guyancourt,Guyancourt,Ile-de-France,France,EU,Central
EU-Haarlem,Haarlem,North Holland,Netherlands,EU,Central
EU-Hagen,Hagen,North Rhine-Westphalia,Germany,EU,Central
EU-Haguenau,Haguenau,Alsace,France,EU,Central
EU-Halesowen,Halesowen,England,United Kingdom,EU,North
EU-Halifax,Halifax,England,United Kingdom,EU,North
EU-Halle,Halle,Saxony-Anhalt,Germany,EU,Central
EU-Halluin,Halluin,Nord-Pas-de-Calais,France,EU,Central
EU-Halmstad,Halmstad,Halland,Sweden,EU,North
EU-Hamar,Hamar,Hedmark,Norway,EU,North
EU-Hamburg,Hamburg,Hamburg,Germany,EU,Central
EU-Hamm,Hamm,North Rhine-Westphalia,Germany,EU,Central
EU-Hamme,Hamme,East Flanders,Belgium,EU,Central
EU-Haninge,Haninge,Stockholm,Sweden,EU,North
EU-Hanover,Hanover,Lower Saxony,Germany,EU,Central
EU-Hardenberg,Hardenberg,Overijssel,Netherlands,EU,Central
EU-Harlow,Harlow,England,United Kingdom,EU,North
EU-Harrogate,Harrogate,England,United Kingdom,EU,North
EU-Harrow,Harrow,England,United Kingdom,EU,North
EU-Hartlepool,Hartlepool,England,United Kingdom,EU,North
EU-Hasselt,Hasselt,Limburg,Belgium,EU,Central
EU-Hastings,Hastings,England,United Kingdom,EU,North
EU-Hattingen,Hattingen,North Rhine-Westphalia,Germany,EU,Central
EU-Hautmont,Hautmont,Nord-Pas-de-Calais,France,EU,Central
EU-Hayange,Hayange,Lorraine,France,EU,Central
EU-Hazebrouck,Hazebrouck,Nord-Pas-de-Calais,France,EU,Central
EU-Heerlen,Heerlen,Limburg,Netherlands,EU,Central
EU-Heidelberg,Heidelberg,Baden-Württemberg,Germany,EU,Central
EU-Heilbronn,Heilbronn,Baden-Württemberg,Germany,EU,Central
EU-Helmond,Helmond,North Brabant,Netherlands,EU,Central
EU-Helsingborg,Helsingborg,Skåne,Sweden,EU,North
EU-Helsinki,Helsinki,Uusimaa,Finland,EU,North
EU-Hemel Hempstead,Hemel Hempstead,England,United Kingdom,EU,North
EU-Hengelo,Hengelo,Overijssel,Netherlands,EU,Central
EU-Hereford,Hereford,England,United Kingdom,EU,North
EU-Herford,Herford,North Rhine-Westphalia,Germany,EU,Central
EU-Herne,Herne,North Rhine-Westphalia,Germany,EU,Central
EU-Herten,Herten,North Rhine-Westphalia,Germany,EU,Central
EU-High Wycombe,High Wycombe,England,United Kingdom,EU,North
EU-Hilden,Hilden,North Rhine-Westphalia,Germany,EU,Central
EU-Hildesheim,Hildesheim,Lower Saxony,Germany,EU,Central
EU-Hilversum,Hilversum,North Holland,Netherlands,EU,Central
EU-Hinckley,Hinckley,England,United Kingdom,EU,North
EU-Houilles,Houilles,Ile-de-France,France,EU,Central
EU-Hove,Hove,England,United Kingdom,EU,North
EU-Huddersfield,Huddersfield,England,United Kingdom,EU,North
EU-Huddinge,Huddinge,Stockholm,Sweden,EU,North
EU-Huelva,Huelva,Andalusía,Spain,EU,South
EU-Huyton,Huyton,England,United Kingdom,EU,North
EU-Illkirch-Graffenstaden,Illkirch-Graffenstaden,Alsace,France,EU,Central
EU-Imola,Imola,Emilia-Romagna,Italy,EU,South
EU-Ingolstadt,Ingolstadt,Bavaria,Germany,EU,Central
EU-Innsbruck,Innsbruck,Tyrol,Austria,EU,Central
EU-Ipswich,Ipswich,England,United Kingdom,EU,North
EU-Irun,Irun,Basque Country,Spain,EU,South
EU-Iserlohn,Iserlohn,North Rhine-Westphalia,Germany,EU,Central
EU-Issoire,Issoire,Auvergne,France,EU,Central
EU-Issy-les-Moulineaux,Issy-les-Moulineaux,Ile-de-France,France,EU,Central
EU-Istres,Istres,Provence-Alpes-Côte d'Azur,France,EU,Central
EU-Ivry-sur-Seine,Ivry-sur-Seine,Ile-de-France,France,EU,Central
EU-Jena,Jena,Thuringia,Germany,EU,Central
EU-Jerez de la Frontera,Jerez de la Frontera,Andalusía,Spain,EU,South
EU-Kaiserslautern,Kaiserslautern,Rhineland-Palatinate,Germany,EU,Central
EU-Kalundborg,Kalundborg,Zealand,Denmark,EU,North
EU-Karlsruhe,Karlsruhe,Baden-Württemberg,Germany,EU,Central
EU-Karlstad,Karlstad,Värmland,Sweden,EU,North
EU-Kassel,Kassel,Hesse,Germany,EU,Central
EU-Kerpen,Kerpen,North Rhine-Westphalia,Germany,EU,Central
EU-Kettering,Kettering,England,United Kingdom,EU,North
EU-Kidderminster,Kidderminster,England,United Kingdom,EU,North
EU-Kiel,Kiel,Schleswig-Holstein,Germany,EU,Central
EU-Kilwinning,Kilwinning,Scotland,United Kingdom,EU,North
EU-Kingswood,Kingswood,England,United Kingdom,EU,North
EU-Klagenfurt,Klagenfurt,Carinthia,Austria,EU,Central
EU-Koblenz,Koblenz,Rhineland-Palatinate,Germany,EU,Central
EU-Kortrijk,Kortrijk,West Flanders,Belgium,EU,Central
EU-Kotka,Kotka,Kymenlaakso,Finland,EU,North
EU-Krefeld,Krefeld,North Rhine-Westphalia,Germany,EU,Central
EU-Kristiansand,Kristiansand,Vest-Agder,Norway,EU,North
EU-La Baule-Escoublac,La Baule-Escoublac,Pays de la Loire,France,EU,Central
EU-La Celle-Saint-Cloud,La Celle-Saint-Cloud,Ile-de-France,France,EU,Central
EU-La Chapelle-sur-Erdre,La Chapelle-sur-Erdre,Pays de la Loire,France,EU,Central
EU-La Ciotat,La Ciotat,Provence-Alpes-Côte d'Azur,France,EU,Central
EU-La Crau,La Crau,Provence-Alpes-Côte d'Azur,France,EU,Central
EU-La Madeleine,La Madeleine,Nord-Pas-de-Calais,France,EU,Central
EU-La Rochelle,La Rochelle,Poitou-Charentes,France,EU,Central
EU-La Roche-sur-Yon,La Roche-sur-Yon,Pays de la Loire,France,EU,Central
EU-La Seyne-sur-Mer,La Seyne-sur-Mer,Provence-Alpes-Côte d'Azur,France,EU,Central
EU-La Spezia,La Spezia,Liguria,Italy,EU,South
EU-La Teste-de-Buch,La Teste-de-Buch,Aquitaine,France,EU,Central
EU-Lagny-sur-Marne,Lagny-sur-Marne,Ile-de-France,France,EU,Central
EU-Landerneau,Landerneau,Brittany,France,EU,Central
EU-Landskrona,Landskrona,Skåne,Sweden,EU,North
EU-Lanester,Lanester,Brittany,France,EU,Central
EU-Langen,Langen,Lower Saxony,Germany,EU,Central
EU-Langenfeld,Langenfeld,North Rhine-Westphalia,Germany,EU,Central
EU-Langenhagen,Langenhagen,Lower Saxony,Germany,EU,Central
EU-Lannion,Lannion,Brittany,France,EU,Central
EU-Laon,Laon,Picardy,France,EU,Central
EU-Las Rozas de Madrid,Las Rozas de Madrid,Madrid,Spain,EU,South
EU-Latina,Latina,Lazio,Italy,EU,South
EU-Lattes,Lattes,Languedoc-Roussillon,France,EU,Central
EU-Lausanne,Lausanne,Vaud,Switzerland,EU,Central
EU-Laval,Laval,Pays de la Loire,France,EU,Central
EU-Le Blanc-Mesnil,Le Blanc-Mesnil,Ile-de-France,France,EU,Central
EU-Le Bouscat,Le Bouscat,Aquitaine,France,EU,Central
EU-Le Cannet,Le Cannet,Provence-Alpes-Côte d'Azur,France,EU,Central
EU-Le Chesnay,Le Chesnay,Ile-de-France,France,EU,Central
EU-Le Creusot,Le Creusot,Burgundy,France,EU,Central
EU-Le Havre,Le Havre,Upper Normandy,France,EU,Central
EU-Le Mans,Le Mans,Pays de la Loire,France,EU,Central
EU-Le Petit-Quevilly,Le Petit-Quevilly,Upper Normandy,France,EU,Central
EU-Le Plessis-Robinson,Le Plessis-Robinson,Ile-de-France,France,EU,Central
EU-Le Pontet,Le Pontet,Provence-Alpes-Côte d'Azur,France,EU,Central
EU-Le Pré-Saint-Gervais,Le Pré-Saint-Gervais,Ile-de-France,France,EU,Central
EU-Lecce,Lecce,Apulia,Italy,EU,South
EU-Leeds,Leeds,England,United Kingdom,EU,North
EU-Leeuwarden,Leeuwarden,Friesland,Netherlands,EU,Central
EU-Legnano,Legnano,Lombardy,Italy,EU,South
EU-Leicester,Leicester,England,United Kingdom,EU,North
EU-Leiden,Leiden,South Holland,Netherlands,EU,Central
EU-Leipzig,Leipzig,Saxony,Germany,EU,Central
EU-Lens,Lens,Nord-Pas-de-Calais,France,EU,Central
EU-Les Clayes-sous-Bois,Les Clayes-sous-Bois,Ile-de-France,France,EU,Central
EU-Les Herbiers,Les Herbiers,Pays de la Loire,France,EU,Central
EU-Les Lilas,Les Lilas,Ile-de-France,France,EU,Central
EU-Les Mureaux,Les Mureaux,Ile-de-France,France,EU,Central
EU-Les Pavillons-sous-Bois,Les Pavillons-sous-Bois,Ile-de-France,France,EU,Central
EU-Les Pennes-Mirabeau,Les Pennes-Mirabeau,Provence-Alpes-Côte d'Azur,France,EU,Central
EU-Les Ulis,Les Ulis,Ile-de-France,France,EU,Central
EU-Letchworth,Letchworth,England,United Kingdom,EU,North
EU-Leuven,Leuven,Flemish Brabant,Belgium,EU,Central
EU-Levallois-Perret,Levallois-Perret,Ile-de-France,France,EU,Central
EU-Leverkusen,Leverkusen,North Rhine-Westphalia,Germany,EU,Central
EU-Libourne,Libourne,Aquitaine,France,EU,Central
EU-Lille,Lille,Nord-Pas-de-Calais,France,EU,Central
EU-Limay,Limay,Ile-de-France,France,EU,Central
EU-Limoges,Limoges,Limousin,France,EU,Central
EU-Lincoln,Lincoln,England,United Kingdom,EU,North
EU-Lingolsheim,Lingolsheim,Alsace,France,EU,Central
EU-Linz,Linz,Upper Austria,Austria,EU,Central
EU-Lippstadt,Lippstadt,North Rhine-Westphalia,Germany,EU,Central
EU-Lisbon,Lisbon,Lisboa,Portugal,EU,South
EU-Lisieux,Lisieux,Lower Normandy,France,EU,Central
EU-Littlehampton,Littlehampton,England,United Kingdom,EU,North
EU-Liverpool,Liverpool,England,United Kingdom,EU,North
EU-Livingston,Livingston,Scotland,United Kingdom,EU,North
EU-Livry-Gargan,Livry-Gargan,Ile-de-France,France,EU,Central
EU-Lohne,Lohne,Lower Saxony,Germany,EU,Central
EU-Lomme,Lomme,Nord-Pas-de-Calais,France,EU,Central
EU-London,London,England,United Kingdom,EU,North
EU-Longjumeau,Longjumeau,Ile-de-France,France,EU,Central
EU-Lons-le-Saunier,Lons-le-Saunier,Franche-Comté,France,EU,Central
EU-Loos,Loos,Nord-Pas-de-Calais,France,EU,Central
EU-Lora del Río,Lora del Río,Andalusía,Spain,EU,South
EU-Lorca,Lorca,Murcia,Spain,EU,South
EU-Lorient,Lorient,Brittany,France,EU,Central
EU-Lormont,Lormont,Aquitaine,France,EU,Central
EU-Loughborough,Loughborough,England,United Kingdom,EU,North
EU-Loures,Loures,Lisboa,Portugal,EU,South
EU-Louviers,Louviers,Upper Normandy,France,EU,Central
EU-Lowestoft,Lowestoft,England,United Kingdom,EU,North
EU-Lucca,Lucca,Tuscany,Italy,EU,South
EU-Lucerne,Lucerne,Lucerne,Switzerland,EU,Central
EU-Ludwigsburg,Ludwigsburg,Baden-Württemberg,Germany,EU,Central
EU-Ludwigsfelde,Ludwigsfelde,Brandenburg,Germany,EU,Central
EU-Ludwigshafen am Rhein,Ludwigshafen am Rhein,Rhineland-Palatinate,Germany,EU,Central
EU-Lugo,Lugo,Galicia,Spain,EU,South
EU-Lund,Lund,Skåne,Sweden,EU,North
EU-Lunel,Lunel,Languedoc-Roussillon,France,EU,Central
EU-Luton,Luton,England,United Kingdom,EU,North
EU-Lyon,Lyon,Rhône-Alpes,France,EU,Central
EU-Maastricht,Maastricht,Limburg,Netherlands,EU,Central
EU-Mâcon,Mâcon,Burgundy,France,EU,Central
EU-Madrid,Madrid,Madrid,Spain,EU,South
EU-Magdeburg,Magdeburg,Saxony-Anhalt,Germany,EU,Central
EU-Maidenhead,Maidenhead,England,United Kingdom,EU,North
EU-Maidstone,Maidstone,England,United Kingdom,EU,North
EU-Mainz,Mainz,Rhineland-Palatinate,Germany,EU,Central
EU-Maisons-Alfort,Maisons-Alfort,Ile-de-France,France,EU,Central
EU-Maisons-Laffitte,Maisons-Laffitte,Ile-de-France,France,EU,Central
EU-Majadahonda,Majadahonda,Madrid,Spain,EU,South
EU-Malakoff,Malakoff,Ile-de-France,France,EU,Central
EU-Manchester,Manchester,England,United Kingdom,EU,North
EU-Manfredonia,Manfredonia,Apulia,Italy,EU,South
EU-Mannheim,Mannheim,Baden-Württemberg,Germany,EU,Central
EU-Manresa,Manresa,Catalonia,Spain,EU,South
EU-Mansfield,Mansfield,England,United Kingdom,EU,North
EU-Mantes-la-Jolie,Mantes-la-Jolie,Ile-de-France,France,EU,Central
EU-Mantes-la-Ville,Mantes-la-Ville,Ile-de-France,France,EU,Central
EU-Marano di Napoli,Marano di Napoli,Campania,Italy,EU,South
EU-Marbella,Marbella,Andalusía,Spain,EU,South
EU-Margate,Margate,England,United Kingdom,EU,North
EU-Marignane,Marignane,Provence-Alpes-Côte d'Azur,France,EU,Central
EU-Marina di Carrara,Marina di Carrara,Tuscany,Italy,EU,South
EU-Marl,Marl,North Rhine-Westphalia,Germany,EU,Central
EU-Marly-le-Roi,Marly-le-Roi,Ile-de-France,France,EU,Central
EU-Marsala,Marsala,Sicily,Italy,EU,South
EU-Marseille,Marseille,Provence-Alpes-Côte d'Azur,France,EU,Central
EU-Martigues,Martigues,Provence-Alpes-Côte d'Azur,France,EU,Central
EU-Massa,Massa,Tuscany,Italy,EU,South
EU-Massy,Massy,Ile-de-France,France,EU,Central
EU-Maubeuge,Maubeuge,Nord-Pas-de-Calais,France,EU,Central
EU-Mauguio,Mauguio,Languedoc-Roussillon,France,EU,Central
EU-Meaux,Meaux,Ile-de-France,France,EU,Central
EU-Mechelen,Mechelen,Antwerp,Belgium,EU,Central
EU-Melilla,Melilla,Melilla,Spain,EU,South
EU-Melun,Melun,Ile-de-France,France,EU,Central
EU-Menden,Menden,North Rhine-Westphalia,Germany,EU,Central
EU-Menton,Menton,Provence-Alpes-Côte d'Azur,France,EU,Central
EU-Messina,Messina,Sicily,Italy,EU,South
EU-Metz,Metz,Lorraine,France,EU,Central
EU-Meudon,Meudon,Ile-de-France,France,EU,Central
EU-Meyzieu,Meyzieu,Rhône-Alpes,France,EU,Central
EU-Middlesbrough,Middlesbrough,England,United Kingdom,EU,North
EU-Mijas,Mijas,Andalusía,Spain,EU,South
EU-Milan,Milan,Lombardy,Italy,EU,South
EU-Millau,Millau,Midi-Pyrénées,France,EU,Central
EU-Minden,Minden,North Rhine-Westphalia,Germany,EU,Central
EU-Miramas,Miramas,Provence-Alpes-Côte d'Azur,France,EU,Central
EU-Mitry-Mory,Mitry-Mory,Ile-de-France,France,EU,Central
EU-Modena,Modena,Emilia-Romagna,Italy,EU,South
EU-Modica,Modica,Sicily,Italy,EU,South
EU-Moers,Moers,North Rhine-Westphalia,Germany,EU,Central
EU-Moissy-Cramayel,Moissy-Cramayel,Ile-de-France,France,EU,Central
EU-Molfetta,Molfetta,Apulia,Italy,EU,South
EU-Molina de Segura,Molina de Segura,Murcia,Spain,EU,South
EU-Moncalieri,Moncalieri,Piedmont,Italy,EU,South
EU-Mons-en-Baroeul,Mons-en-Baroeul,Nord-Pas-de-Calais,France,EU,Central
EU-Montargis,Montargis,Centre,France,EU,Central
EU-Montauban,Montauban,Midi-Pyrénées,France,EU,Central
EU-Montbrison,Montbrison,Rhône-Alpes,France,EU,Central
EU-Montceau-les-Mines,Montceau-les-Mines,Burgundy,France,EU,Central
EU-Mont-de-Marsan,Mont-de-Marsan,Aquitaine,France,EU,Central
EU-Montecatini Terme,Montecatini Terme,Tuscany,Italy,EU,South
EU-Montereau-Fault-Yonne,Montereau-Fault-Yonne,Ile-de-France,France,EU,Central
EU-Montesson,Montesson,Ile-de-France,France,EU,Central
EU-Montfermeil,Montfermeil,Ile-de-France,France,EU,Central
EU-Montgeron,Montgeron,Ile-de-France,France,EU,Central
EU-Montigny-le-Bretonneux,Montigny-le-Bretonneux,Ile-de-France,France,EU,Central
EU-Montmorency,Montmorency,Ile-de-France,France,EU,Central
EU-Montpellier,Montpellier,Languedoc-Roussillon,France,EU,Central
EU-Montreuil,Montreuil,Ile-de-France,France,EU,Central
EU-Montrouge,Montrouge,Ile-de-France,France,EU,Central
EU-Mont-Saint-Aignan,Mont-Saint-Aignan,Upper Normandy,France,EU,Central
EU-Monza,Monza,Lombardy,Italy,EU,South
EU-Morley,Morley,England,United Kingdom,EU,North
EU-Mougins,Mougins,Provence-Alpes-Côte d'Azur,France,EU,Central
EU-Moulins,Moulins,Auvergne,France,EU,Central
EU-Mouscron,Mouscron,Hainaut,Belgium,EU,Central
EU-Mulhouse,Mulhouse,Alsace,France,EU,Central
EU-Munich,Munich,Bavaria,Germany,EU,Central
EU-Munster,Munster,Lower Saxony,Germany,EU,Central
EU-Murcia,Murcia,Murcia,Spain,EU,South
EU-Muret,Muret,Midi-Pyrénées,France,EU,Central
EU-Nacka,Nacka,Stockholm,Sweden,EU,North
EU-Namur,Namur,Namur,Belgium,EU,Central
EU-Nancy,Nancy,Lorraine,France,EU,Central
EU-Nanterre,Nanterre,Ile-de-France,France,EU,Central
EU-Nantes,Nantes,Pays de la Loire,France,EU,Central
EU-Naples,Naples,Campania,Italy,EU,South
EU-Narbonne,Narbonne,Languedoc-Roussillon,France,EU,Central
EU-Naumburg,Naumburg,Saxony-Anhalt,Germany,EU,Central
EU-Neubrandenburg,Neubrandenburg,Mecklenburg-Vorpommern,Germany,EU,Central
EU-Neuilly-Plaisance,Neuilly-Plaisance,Ile-de-France,France,EU,Central
EU-Neuilly-sur-Marne,Neuilly-sur-Marne,Ile-de-France,France,EU,Central
EU-Neuilly-sur-Seine,Neuilly-sur-Seine,Ile-de-France,France,EU,Central
EU-Neunkirchen,Neunkirchen,Saarland,Germany,EU,Central
EU-Neu-Ulm,Neu-Ulm,Bavaria,Germany,EU,Central
EU-Neuwied,Neuwied,Rhineland-Palatinate,Germany,EU,Central
EU-Newcastle upon Tyne,Newcastle upon Tyne,England,United Kingdom,EU,North
EU-Nice,Nice,Provence-Alpes-Côte d'Azur,France,EU,Central
EU-Nieuwegein,Nieuwegein,Utrecht,Netherlands,EU,Central
EU-Nijmegen,Nijmegen,Gelderland,Netherlands,EU,Central
EU-Niort,Niort,Poitou-Charentes,France,EU,Central
EU-Nogent-sur-Oise,Nogent-sur-Oise,Picardy,France,EU,Central
EU-Noisy-le-Grand,Noisy-le-Grand,Ile-de-France,France,EU,Central
EU-Noisy-le-Sec,Noisy-le-Sec,Ile-de-France,France,EU,Central
EU-Norderstedt,Norderstedt,Schleswig-Holstein,Germany,EU,Central
EU-Northampton,Northampton,England,United Kingdom,EU,North
EU-Northwich,Northwich,England,United Kingdom,EU,North
EU-Norwich,Norwich,England,United Kingdom,EU,North
EU-Nottingham,Nottingham,England,United Kingdom,EU,North
EU-Novara,Novara,Piedmont,Italy,EU,South
EU-Nuneaton,Nuneaton,England,United Kingdom,EU,North
EU-Nuremberg,Nuremberg,Bavaria,Germany,EU,Central
EU-Oberhausen,Oberhausen,North Rhine-Westphalia,Germany,EU,Central
EU-Odense,Odense,South Denmark,Denmark,EU,North
EU-Odivelas,Odivelas,Lisboa,Portugal,EU,South
EU-Offenbach,Offenbach,Hesse,Germany,EU,Central
EU-Offenburg,Offenburg,Baden-Württemberg,Germany,EU,Central
EU-Oldenburg,Oldenburg,Lower Saxony,Germany,EU,Central
EU-Oldham,Oldham,England,United Kingdom,EU,North
EU-Olivet,Olivet,Centre,France,EU,Central
EU-Oosterhout,Oosterhout,North Brabant,Netherlands,EU,Central
EU-Orihuela,Orihuela,Valenciana,Spain,EU,South
EU-Orsay,Orsay,Ile-de-France,France,EU,Central
EU-Oslo,Oslo,Oslo,Norway,EU,North
EU-Osny,Osny,Ile-de-France,France,EU,Central
EU-Oss,Oss,North Brabant,Netherlands,EU,Central
EU-Oullins,Oullins,Rhône-Alpes,France,EU,Central
EU-Outreau,Outreau,Nord-Pas-de-Calais,France,EU,Central
EU-Oviedo,Oviedo,Asturias,Spain,EU,South
EU-Oxford,Oxford,England,United Kingdom,EU,North
EU-Oyonnax,Oyonnax,Rhône-Alpes,France,EU,Central
EU-Paderborn,Paderborn,North Rhine-Westphalia,Germany,EU,Central
EU-Paisley,Paisley,Scotland,United Kingdom,EU,North
EU-Palaiseau,Palaiseau,Ile-de-France,France,EU,Central
EU-Palencia,Palencia,Castile and León,Spain,EU,South
EU-Palermo,Palermo,Sicily,Italy,EU,South
EU-Palma de Mallorca,Palma de Mallorca,Balearic Islands,Spain,EU,South
EU-Pamiers,Pamiers,Midi-Pyrénées,France,EU,Central
EU-Pamplona,Pamplona,Navarra,Spain,EU,South
EU-Pantin,Pantin,Ile-de-France,France,EU,Central
EU-Paris,Paris,Ile-de-France,France,EU,Central
EU-Parla,Parla,Madrid,Spain,EU,South
EU-Parma,Parma,Emilia-Romagna,Italy,EU,South
EU-Passau,Passau,Bavaria,Germany,EU,Central
EU-Pau,Pau,Aquitaine,France,EU,Central
EU-Peer,Peer,Limburg,Belgium,EU,Central
EU-Perpignan,Perpignan,Languedoc-Roussillon,France,EU,Central
EU-Pertuis,Pertuis,Provence-Alpes-Côte d'Azur,France,EU,Central
EU-Perugia,Perugia,Umbria,Italy,EU,South
EU-Pesaro,Pesaro,Marche,Italy,EU,South
EU-Pescara,Pescara,Abruzzi,Italy,EU,South
EU-Pessac,Pessac,Aquitaine,France,EU,Central
EU-Peterborough,Peterborough,England,United Kingdom,EU,North
EU-Pforzheim,Pforzheim,Baden-Württemberg,Germany,EU,Central
EU-Piacenza,Piacenza,Emilia-Romagna,Italy,EU,South
EU-Pierrefitte-sur-Seine,Pierrefitte-sur-Seine,Ile-de-France,France,EU,Central
EU-Pisa,Pisa,Tuscany,Italy,EU,South
EU-Pistoia,Pistoia,Tuscany,Italy,EU,South
EU-Plaisance-du-Touch,Plaisance-du-Touch,Midi-Pyrénées,France,EU,Central
EU-Plaisir,Plaisir,Ile-de-France,France,EU,Central
EU-Ploemeur,Ploemeur,Brittany,France,EU,Central
EU-Plymouth,Plymouth,England,United Kingdom,EU,North
EU-Poissy,Poissy,Ile-de-France,France,EU,Central
EU-Poitiers,Poitiers,Poitou-Charentes,France,EU,Central
EU-Pomezia,Pomezia,Lazio,Italy,EU,South
EU-Ponferrada,Ponferrada,Castile and León,Spain,EU,South
EU-Pontault-Combault,Pontault-Combault,Ile-de-France,France,EU,Central
EU-Ponteareas,Ponteareas,Galicia,Spain,EU,South
EU-Pontevedra,Pontevedra,Galicia,Spain,EU,South
EU-Pontivy,Pontivy,Brittany,France,EU,Central
EU-Pontoise,Pontoise,Ile-de-France,France,EU,Central
EU-Poole,Poole,England,United Kingdom,EU,North
EU-Portici,Portici,Campania,Italy,EU,South
EU-Porto,Porto,Porto,Portugal,EU,South
EU-Portsmouth,Portsmouth,England,United Kingdom,EU,North
EU-Potenza,Potenza,Basilicata,Italy,EU,South
EU-Potsdam,Potsdam,Brandenburg,Germany,EU,Central
EU-Pozzuoli,Pozzuoli,Campania,Italy,EU,South
EU-Prato,Prato,Tuscany,Italy,EU,South
EU-Preston,Preston,England,United Kingdom,EU,North
EU-Puertollano,Puertollano,Castile-La Mancha,Spain,EU,South
EU-Pulheim,Pulheim,North Rhine-Westphalia,Germany,EU,Central
EU-Purmerend,Purmerend,North Holland,Netherlands,EU,Central
EU-Puteaux,Puteaux,Ile-de-France,France,EU,Central
EU-Quartu Sant'Elena,Quartu Sant'Elena,Sardinia,Italy,EU,South
EU-Quimper,Quimper,Brittany,France,EU,Central
EU-Ragusa,Ragusa,Sicily,Italy,EU,South
EU-Rambouillet,Rambouillet,Ile-de-France,France,EU,Central
EU-Randers,Randers,Central Jutland,Denmark,EU,North
EU-Ratingen,Ratingen,North Rhine-Westphalia,Germany,EU,Central
EU-Ravenna,Ravenna,Emilia-Romagna,Italy,EU,South
EU-Reading,Reading,England,United Kingdom,EU,North
EU-Recklinghausen,Recklinghausen,North Rhine-Westphalia,Germany,EU,Central
EU-Redditch,Redditch,England,United Kingdom,EU,North
EU-Regensburg,Regensburg,Bavaria,Germany,EU,Central
EU-Reggio nell'Emilia,Reggio nell'Emilia,Emilia-Romagna,Italy,EU,South
EU-Reims,Reims,Champagne-Ardenne,France,EU,Central
EU-Remscheid,Remscheid,North Rhine-Westphalia,Germany,EU,Central
EU-Rennes,Rennes,Brittany,France,EU,Central
EU-Reus,Reus,Catalonia,Spain,EU,South
EU-Reutlingen,Reutlingen,Baden-Württemberg,Germany,EU,Central
EU-Rheine,Rheine,North Rhine-Westphalia,Germany,EU,Central
EU-Rhondda,Rhondda,Wales,United Kingdom,EU,North
EU-Rillieux-la-Pape,Rillieux-la-Pape,Rhône-Alpes,France,EU,Central
EU-Rimini,Rimini,Emilia-Romagna,Italy,EU,South
EU-Riom,Riom,Auvergne,France,EU,Central
EU-Ris-Orangis,Ris-Orangis,Ile-de-France,France,EU,Central
EU-Roanne,Roanne,Rhône-Alpes,France,EU,Central
EU-Rochdale,Rochdale,England,United Kingdom,EU,North
EU-Rochefort,Rochefort,Poitou-Charentes,France,EU,Central
EU-Roermond,Roermond,Limburg,Netherlands,EU,Central
EU-Roeselare,Roeselare,West Flanders,Belgium,EU,Central
EU-Roissy-en-Brie,Roissy-en-Brie,Ile-de-France,France,EU,Central
EU-Rome,Rome,Lazio,Italy,EU,South
EU-Ronchin,Ronchin,Nord-Pas-de-Calais,France,EU,Central
EU-Roosendaal,Roosendaal,North Brabant,Netherlands,EU,Central
EU-Rosenheim,Rosenheim,Bavaria,Germany,EU,Central
EU-Rosny-sous-Bois,Rosny-sous-Bois,Ile-de-France,France,EU,Central
EU-Rostock,Rostock,Mecklenburg-Vorpommern,Germany,EU,Central
EU-Rotherham,Rotherham,England,United Kingdom,EU,North
EU-Rotterdam,Rotterdam,South Holland,Netherlands,EU,Central
EU-Rottingdean,Rottingdean,England,United Kingdom,EU,North
EU-Roubaix,Roubaix,Nord-Pas-de-Calais,France,EU,Central
EU-Rouen,Rouen,Upper Normandy,France,EU,Central
EU-Rovigo,Rovigo,Veneto,Italy,EU,South
EU-Rubí,Rubí,Catalonia,Spain,EU,South
EU-Rueil-Malmaison,Rueil-Malmaison,Ile-de-France,France,EU,Central
EU-Rugby,Rugby,England,United Kingdom,EU,North
EU-Runcorn,Runcorn,England,United Kingdom,EU,North
EU-Sabadell,Sabadell,Catalonia,Spain,EU,South
EU-Sagunto,Sagunto,Valenciana,Spain,EU,South
EU-Saint-Avold,Saint-Avold,Lorraine,France,EU,Central
EU-Saint-Brieuc,Saint-Brieuc,Brittany,France,EU,Central
EU-Saint-Chamond,Saint-Chamond,Rhône-Alpes,France,EU,Central
EU-Saint-Cloud,Saint-Cloud,Ile-de-France,France,EU,Central
EU-Saint-Cyr-sur-Loire,Saint-Cyr-sur-Loire,Centre,France,EU,Central
EU-Saint-Denis,Saint-Denis,Ile-de-France,France,EU,Central
EU-Saint-Dizier,Saint-Dizier,Champagne-Ardenne,France,EU,Central
EU-Saint-Genis-Laval,Saint-Genis-Laval,Rhône-Alpes,France,EU,Central
EU-Saint-Germain-en-Laye,Saint-Germain-en-Laye,Ile-de-France,France,EU,Central
EU-Saint-Gratien,Saint-Gratien,Ile-de-France,France,EU,Central
EU-Saint-Herblain,Saint-Herblain,Pays de la Loire,France,EU,Central
EU-Saint-Jean-de-la-Ruelle,Saint-Jean-de-la-Ruelle,Centre,France,EU,Central
EU-Saint-Laurent-du-Var,Saint-Laurent-du-Var,Provence-Alpes-Côte d'Azur,France,EU,Central
EU-Saint-Louis,Saint-Louis,Alsace,France,EU,Central
EU-Saint-Malo,Saint-Malo,Brittany,France,EU,Central
EU-Saint-Michel-sur-Orge,Saint-Michel-sur-Orge,Ile-de-France,France,EU,Central
EU-Saint-Nazaire,Saint-Nazaire,Pays de la Loire,France,EU,Central
EU-Saint-Ouen,Saint-Ouen,Ile-de-France,France,EU,Central
EU-Saint-Pierre-des-Corps,Saint-Pierre-des-Corps,Centre,France,EU,Central
EU-Saint-Pol-sur-Mer,Saint-Pol-sur-Mer,Nord-Pas-de-Calais,France,EU,Central
EU-Saint-Priest,Saint-Priest,Rhône-Alpes,France,EU,Central
EU-Saint-Quentin,Saint-Quentin,Picardy,France,EU,Central
EU-Salamanca,Salamanca,Castile and León,Spain,EU,South
EU-Sale,Sale,England,United Kingdom,EU,North
EU-Sallanches,Sallanches,Rhône-Alpes,France,EU,Central
EU-Salon-de-Provence,Salon-de-Provence,Provence-Alpes-Côte d'Azur,France,EU,Central
EU-Salzburg,Salzburg,Salzburg,Austria,EU,Central
EU-San Fernando,San Fernando,Andalusía,Spain,EU,South
EU-San Sebastian,San Sebastian,Basque Country,Spain,EU,South
EU-San Severo,San Severo,Apulia,Italy,EU,South
EU-Sanary-sur-Mer,Sanary-sur-Mer,Provence-Alpes-Côte d'Azur,France,EU,Central
EU-Sandnes,Sandnes,Rogaland,Norway,EU,North
EU-Sannois,Sannois,Ile-de-France,France,EU,Central
EU-Sant Boi de Llobregat,Sant Boi de Llobregat,Catalonia,Spain,EU,South
EU-Santander,Santander,Cantabria,Spain,EU,South
EU-Santiago de Compostela,Santiago de Compostela,Galicia,Spain,EU,South
EU-Sarcelles,Sarcelles,Ile-de-France,France,EU,Central
EU-Sarreguemines,Sarreguemines,Lorraine,France,EU,Central
EU-Sartrouville,Sartrouville,Ile-de-France,France,EU,Central
EU-Sassari,Sassari,Sardinia,Italy,EU,South
EU-Saumur,Saumur,Pays de la Loire,France,EU,Central
EU-Savigny-le-Temple,Savigny-le-Temple,Ile-de-France,France,EU,Central
EU-Savona,Savona,Liguria,Italy,EU,South
EU-Sceaux,Sceaux,Ile-de-France,France,EU,Central
EU-Schiedam,Schiedam,South Holland,Netherlands,EU,Central
EU-Schiffweiler,Schiffweiler,Saarland,Germany,EU,Central
EU-Schiltigheim,Schiltigheim,Alsace,France,EU,Central
EU-Schweinfurt,Schweinfurt,Bavaria,Germany,EU,Central
EU-Schwerin,Schwerin,Mecklenburg-Vorpommern,Germany,EU,Central
EU-Segovia,Segovia,Castile and León,Spain,EU,South
EU-Senlis,Senlis,Picardy,France,EU,Central
EU-Seraing,Seraing,Liège,Belgium,EU,Central
EU-Sesto San Giovanni,Sesto San Giovanni,Lombardy,Italy,EU,South
EU-Sète,Sète,Languedoc-Roussillon,France,EU,Central
EU-Seville,Seville,Andalusía,Spain,EU,South
EU-Sevran,Sevran,Ile-de-France,France,EU,Central
EU-Sheffield,Sheffield,England,United Kingdom,EU,North
EU-Shrewsbury,Shrewsbury,England,United Kingdom,EU,North
EU-Siegen,Siegen,North Rhine-Westphalia,Germany,EU,Central
EU-Siena,Siena,Tuscany,Italy,EU,South
EU-Sindelfingen,Sindelfingen,Baden-Württemberg,Germany,EU,Central
EU-Sittard,Sittard,Limburg,Netherlands,EU,Central
EU-Six-Fours-les-Plages,Six-Fours-les-Plages,Provence-Alpes-Côte d'Azur,France,EU,Central
EU-Slough,Slough,England,United Kingdom,EU,North
EU-Soissons,Soissons,Picardy,France,EU,Central
EU-Solihull,Solihull,England,United Kingdom,EU,North
EU-Solingen,Solingen,North Rhine-Westphalia,Germany,EU,Central
EU-Solna,Solna,Stockholm,Sweden,EU,North
EU-Sonderborg,Sonderborg,South Denmark,Denmark,EU,North
EU-Sonneberg,Sonneberg,Thuringia,Germany,EU,Central
EU-Sorgues,Sorgues,Provence-Alpes-Côte d'Azur,France,EU,Central
EU-South Shields,South Shields,England,United Kingdom,EU,North
EU-Southampton,Southampton,England,United Kingdom,EU,North
EU-Southend-on-Sea,Southend-on-Sea,England,United Kingdom,EU,North
EU-Southport,Southport,England,United Kingdom,EU,North
EU-Spijkenisse,Spijkenisse,South Holland,Netherlands,EU,Central
EU-St. Gallen,St. Gallen,St. Gallen,Switzerland,EU,Central
EU-Stadtlohn,Stadtlohn,North Rhine-Westphalia,Germany,EU,Central
EU-Stafford,Stafford,England,United Kingdom,EU,North
EU-Stains,Stains,Ile-de-France,France,EU,Central
EU-Stavanger,Stavanger,Rogaland,Norway,EU,North
EU-Stevenage,Stevenage,England,United Kingdom,EU,North
EU-Stockholm,Stockholm,Stockholm,Sweden,EU,North
EU-Stockport,Stockport,England,United Kingdom,EU,North
EU-Stockton-on-Tees,Stockton-on-Tees,England,United Kingdom,EU,North
EU-Stoke-on-Trent,Stoke-on-Trent,England,United Kingdom,EU,North
EU-Stolberg,Stolberg,North Rhine-Westphalia,Germany,EU,Central
EU-Stourbridge,Stourbridge,England,United Kingdom,EU,North
EU-Stralsund,Stralsund,Mecklenburg-Vorpommern,Germany,EU,Central
EU-Strasbourg,Strasbourg,Alsace,France,EU,Central
EU-Stuttgart,Stuttgart,Baden-Württemberg,Germany,EU,Central
EU-Sucy-en-Brie,Sucy-en-Brie,Ile-de-France,France,EU,Central
EU-Sunderland,Sunderland,England,United Kingdom,EU,North
EU-Suresnes,Suresnes,Ile-de-France,France,EU,Central
EU-Swansea,Swansea,Wales,United Kingdom,EU,North
EU-Swindon,Swindon,England,United Kingdom,EU,North
EU-Talavera de la Reina,Talavera de la Reina,Castile-La Mancha,Spain,EU,South
EU-Talence,Talence,Aquitaine,France,EU,Central
EU-Tallaght,Tallaght,South Dublin,Ireland,EU,North
EU-Tamworth,Tamworth,England,United Kingdom,EU,North
EU-Taranto,Taranto,Apulia,Italy,EU,South
EU-Tarbes,Tarbes,Midi-Pyrénées,France,EU,Central
EU-Tarragona,Tarragona,Catalonia,Spain,EU,South
EU-Taunton,Taunton,England,United Kingdom,EU,North
EU-Taverny,Taverny,Ile-de-France,France,EU,Central
EU-Teramo,Teramo,Abruzzi,Italy,EU,South
EU-Terneuzen,Terneuzen,Zeeland,Netherlands,EU,Central
EU-The Hague,The Hague,South Holland,Netherlands,EU,Central
EU-Thiais,Thiais,Ile-de-France,France,EU,Central
EU-Thionville,Thionville,Lorraine,France,EU,Central
EU-Thonon-les-Bains,Thonon-les-Bains,Rhône-Alpes,France,EU,Central
EU-Tilburg,Tilburg,North Brabant,Netherlands,EU,Central
EU-Tivoli,Tivoli,Lazio,Italy,EU,South
EU-Toledo,Toledo,Castile-La Mancha,Spain,EU,South
EU-Torcy,Torcy,Ile-de-France,France,EU,Central
EU-Torquay,Torquay,England,United Kingdom,EU,North
EU-Torre del Greco,Torre del Greco,Campania,Italy,EU,South
EU-Torremolinos,Torremolinos,Andalusía,Spain,EU,South
EU-Torrevieja,Torrevieja,Valenciana,Spain,EU,South
EU-Toul,Toul,Lorraine,France,EU,Central
EU-Toulon,Toulon,Provence-Alpes-Côte d'Azur,France,EU,Central
EU-Toulouse,Toulouse,Midi-Pyrénées,France,EU,Central
EU-Tourcoing,Tourcoing,Nord-Pas-de-Calais,France,EU,Central
EU-Tournai,Tournai,Hainaut,Belgium,EU,Central
EU-Tournefeuille,Tournefeuille,Midi-Pyrénées,France,EU,Central
EU-Tours,Tours,Centre,France,EU,Central
EU-Trani,Trani,Apulia,Italy,EU,South
EU-Trapani,Trapani,Sicily,Italy,EU,South
EU-Trappes,Trappes,Ile-de-France,France,EU,Central
EU-Tremblay-en-France,Tremblay-en-France,Ile-de-France,France,EU,Central
EU-Trento,Trento,Trentino-Alto Adige,Italy,EU,South
EU-Treviglio,Treviglio,Lombardy,Italy,EU,South
EU-Treviso,Treviso,Veneto,Italy,EU,South
EU-Trier,Trier,Rhineland-Palatinate,Germany,EU,Central
EU-Trieste,Trieste,Friuli-Venezia Giulia,Italy,EU,South
EU-Troisdorf,Troisdorf,North Rhine-Westphalia,Germany,EU,Central
EU-Troyes,Troyes,Champagne-Ardenne,France,EU,Central
EU-Tulle,Tulle,Limousin,France,EU,Central
EU-Turin,Turin,Piedmont,Italy,EU,South
EU-Turku,Turku,Finland Proper,Finland,EU,North
EU-Uithoorn,Uithoorn,North Holland,Netherlands,EU,Central
EU-Ulm,Ulm,Baden-Württemberg,Germany,EU,Central
EU-Unna,Unna,North Rhine-Westphalia,Germany,EU,Central
EU-Upplands Väsby,Upplands Väsby,Stockholm,Sweden,EU,North
EU-Uppsala,Uppsala,Uppsala,Sweden,EU,North
EU-Utrecht,Utrecht,Utrecht,Netherlands,EU,Central
EU-Valdemoro,Valdemoro,Madrid,Spain,EU,South
EU-Valence,Valence,Rhône-Alpes,France,EU,Central
EU-Valencia,Valencia,Valenciana,Spain,EU,South
EU-Valenciennes,Valenciennes,Nord-Pas-de-Calais,France,EU,Central
EU-Valladolid,Valladolid,Castile and León,Spain,EU,South
EU-Vallauris,Vallauris,Provence-Alpes-Côte d'Azur,France,EU,Central
EU-Vannes,Vannes,Brittany,France,EU,Central
EU-Vantaa,Vantaa,Uusimaa,Finland,EU,North
EU-Vanves,Vanves,Ile-de-France,France,EU,Central
EU-Varese,Varese,Lombardy,Italy,EU,South
EU-Vaulx-en-Velin,Vaulx-en-Velin,Rhône-Alpes,France,EU,Central
EU-Veenendaal,Veenendaal,Utrecht,Netherlands,EU,Central
EU-Velbert,Velbert,North Rhine-Westphalia,Germany,EU,Central
EU-Velletri,Velletri,Lazio,Italy,EU,South
EU-Velsen,Velsen,North Holland,Netherlands,EU,Central
EU-Vence,Vence,Provence-Alpes-Côte d'Azur,France,EU,Central
EU-Venice,Venice,Veneto,Italy,EU,South
EU-Venlo,Venlo,Limburg,Netherlands,EU,Central
EU-Verdun,Verdun,Lorraine,France,EU,Central
EU-Vernon,Vernon,Upper Normandy,France,EU,Central
EU-Verona,Verona,Veneto,Italy,EU,South
EU-Versailles,Versailles,Ile-de-France,France,EU,Central
EU-Vertou,Vertou,Pays de la Loire,France,EU,Central
EU-Verviers,Verviers,Liège,Belgium,EU,Central
EU-Vesoul,Vesoul,Franche-Comté,France,EU,Central
EU-Vicenza,Vicenza,Veneto,Italy,EU,South
EU-Vichy,Vichy,Auvergne,France,EU,Central
EU-Vienna,Vienna,Vienna,Austria,EU,Central
EU-Viersen,Viersen,North Rhine-Westphalia,Germany,EU,Central
EU-Vigevano,Vigevano,Lombardy,Italy,EU,South
EU-Vigneux-sur-Seine,Vigneux-sur-Seine,Ile-de-France,France,EU,Central
EU-Vignola,Vignola,Emilia-Romagna,Italy,EU,South
EU-Vigo,Vigo,Galicia,Spain,EU,South
EU-Vila Nova de Gaia,Vila Nova de Gaia,Porto,Portugal,EU,South
EU-Villach,Villach,Carinthia,Austria,EU,Central
EU-Villefontaine,Villefontaine,Rhône-Alpes,France,EU,Central
EU-Villejuif,Villejuif,Ile-de-France,France,EU,Central
EU-Villemomble,Villemomble,Ile-de-France,France,EU,Central
EU-Villenave-d'Ornon,Villenave-d'Ornon,Aquitaine,France,EU,Central
EU-Villeneuve-d'Ascq,Villeneuve-d'Ascq,Nord-Pas-de-Calais,France,EU,Central
EU-Villeneuve-la-Garenne,Villeneuve-la-Garenne,Ile-de-France,France,EU,Central
EU-Villeneuve-le-Roi,Villeneuve-le-Roi,Ile-de-France,France,EU,Central
EU-Villeneuve-Saint-Georges,Villeneuve-Saint-Georges,Ile-de-France,France,EU,Central
EU-Villeneuve-sur-Lot,Villeneuve-sur-Lot,Aquitaine,France,EU,Central
EU-Villeparisis,Villeparisis,Ile-de-France,France,EU,Central
EU-Villeurbanne,Villeurbanne,Rhône-Alpes,France,EU,Central
EU-Villiers-le-Bel,Villiers-le-Bel,Ile-de-France,France,EU,Central
EU-Villiers-sur-Marne,Villiers-sur-Marne,Ile-de-France,France,EU,Central
EU-Villingen-Schwenningen,Villingen-Schwenningen,Baden-Württemberg,Germany,EU,Central
EU-Vincennes,Vincennes,Ile-de-France,France,EU,Central
EU-Viroflay,Viroflay,Ile-de-France,France,EU,Central
EU-Viterbo,Viterbo,Lazio,Italy,EU,South
EU-Vitoria,Vitoria,Basque Country,Spain,EU,South
EU-Vitrolles,Vitrolles,Provence-Alpes-Côte d'Azur,France,EU,Central
EU-Vitry-sur-Seine,Vitry-sur-Seine,Ile-de-France,France,EU,Central
EU-Vittoria,Vittoria,Sicily,Italy,EU,South
EU-Vlaardingen,Vlaardingen,South Holland,Netherlands,EU,Central
EU-Voiron,Voiron,Rhône-Alpes,France,EU,Central
EU-Waiblingen,Waiblingen,Baden-Württemberg,Germany,EU,Central
EU-Wakefield,Wakefield,England,United Kingdom,EU,North
EU-Wallasey,Wallasey,England,United Kingdom,EU,North
EU-Walsall,Walsall,England,United Kingdom,EU,North
EU-Warrington,Warrington,England,United Kingdom,EU,North
EU-Washington,Washington,England,United Kingdom,EU,North
EU-Wasquehal,Wasquehal,Nord-Pas-de-Calais,France,EU,Central
EU-Waterlooville,Waterlooville,England,United Kingdom,EU,North
EU-Watford,Watford,England,United Kingdom,EU,North
EU-Wattrelos,Wattrelos,Nord-Pas-de-Calais,France,EU,Central
EU-Weimar,Weimar,Thuringia,Germany,EU,Central
EU-Wels,Wels,Upper Austria,Austria,EU,Central
EU-West Bromwich,West Bromwich,England,United Kingdom,EU,North
EU-Weston-super-Mare,Weston-super-Mare,England,United Kingdom,EU,North
EU-Wetter (Ruhr),Wetter (Ruhr),North Rhine-Westphalia,Germany,EU,Central
EU-Wetzlar,Wetzlar,Hesse,Germany,EU,Central
EU-Widnes,Widnes,England,United Kingdom,EU,North
EU-Wiesbaden,Wiesbaden,Hesse,Germany,EU,Central
EU-Wigan,Wigan,England,United Kingdom,EU,North
EU-Wilhelmshaven,Wilhelmshaven,Lower Saxony,Germany,EU,Central
EU-Willich,Willich,North Rhine-Westphalia,Germany,EU,Central
EU-Winterthur,Winterthur,Zürich,Switzerland,EU,Central
EU-Witten,Witten,North Rhine-Westphalia,Germany,EU,Central
EU-Woking,Woking,England,United Kingdom,EU,North
EU-Wolfsburg,Wolfsburg,Lower Saxony,Germany,EU,Central
EU-Wolverhampton,Wolverhampton,England,United Kingdom,EU,North
EU-Worcester,Worcester,England,United Kingdom,EU,North
EU-Worms,Worms,Rhineland-Palatinate,Germany,EU,Central
EU-Worthing,Worthing,England,United Kingdom,EU,North
EU-Wuppertal,Wuppertal,North Rhine-Westphalia,Germany,EU,Central
EU-Yerres,Yerres,Ile-de-France,France,EU,Central
EU-York,York,England,United Kingdom,EU,North
EU-Zaanstad,Zaanstad,North Holland,Netherlands,EU,Central
EU-Zamora,Zamora,Castile and León,Spain,EU,South
EU-Zeist,Zeist,Utrecht,Netherlands,EU,Central
EU-Zurich,Zurich,Zürich,Switzerland,EU,Central
EU-Zwickau,Zwickau,Saxony,Germany,EU,Central
EU-Zwolle,Zwolle,Overijssel,Netherlands,EU,Central
LATAM-Abreu e Lima,Abreu e Lima,Pernambuco,Brazil,LATAM,South
LATAM-Acámbaro,Acámbaro,Guanajuato,Mexico,LATAM,North
LATAM-Acarigua,Acarigua,Portuguesa,Venezuela,LATAM,South
LATAM-Acayucan,Acayucan,Veracruz,Mexico,LATAM,North
LATAM-Açu,Açu,Rio Grande do Norte,Brazil,LATAM,South
LATAM-Acuña,Acuña,Coahuila,Mexico,LATAM,North
LATAM-Águas Lindas de Goiás,Águas Lindas de Goiás,Goiás,Brazil,LATAM,South
LATAM-Altamira,Altamira,Pará,Brazil,LATAM,South
LATAM-Altotonga,Altotonga,Veracruz,Mexico,LATAM,North
LATAM-Amatitlán,Amatitlán,Guatemala,Guatemala,LATAM,Central
LATAM-Americana,Americana,São Paulo,Brazil,LATAM,South
LATAM-Ananindeua,Ananindeua,Pará,Brazil,LATAM,South
LATAM-Anápolis,Anápolis,Goiás,Brazil,LATAM,South
LATAM-Andradina,Andradina,São Paulo,Brazil,LATAM,South
LATAM-Antiguo Cuscatlán,Antiguo Cuscatlán,La Libertad,El Salvador,LATAM,Central
LATAM-Antofagasta,Antofagasta,Antofagasta,Chile,LATAM,South
LATAM-Apartadó,Apartadó,Antioquia,Colombia,LATAM,South
LATAM-Apatzingán de la Constitución,Apatzingán de la Constitución,Michoacán,Mexico,LATAM,North
LATAM-Apodaca,Apodaca,Nuevo León,Mexico,LATAM,North
LATAM-Apopa,Apopa,San Salvador,El Salvador,LATAM,Central
LATAM-Apucarana,Apucarana,Parana,Brazil,LATAM,South
LATAM-Aracaju,Aracaju,Sergipe,Brazil,LATAM,South
LATAM-Aracati,Aracati,Ceará,Brazil,LATAM,South
LATAM-Araçatuba,Araçatuba,São Paulo,Brazil,LATAM,South
LATAM-Araguaína,Araguaína,Tocantins,Brazil,LATAM,South
LATAM-Arapiraca,Arapiraca,Alagoas,Brazil,LATAM,South
LATAM-Arapongas,Arapongas,Parana,Brazil,LATAM,South
LATAM-Araranguá,Araranguá,Santa Catarina,Brazil,LATAM,South
LATAM-Araraquara,Araraquara,São Paulo,Brazil,LATAM,South
LATAM-Arauca,Arauca,Arauca,Colombia,LATAM,South
LATAM-Araucária,Araucária,Parana,Brazil,LATAM,South
LATAM-Arcoverde,Arcoverde,Pernambuco,Brazil,LATAM,South
LATAM-Arequipa,Arequipa,Arequipa,Peru,LATAM,South
LATAM-Arica,Arica,Arica y Parinacota,Chile,LATAM,South
LATAM-Ariquemes,Ariquemes,Rondônia,Brazil,LATAM,South
LATAM-Armenia,Armenia,Quindío,Colombia,LATAM,South
LATAM-Arraiján,Arraiján,Panama,Panama,LATAM,Central
LATAM-Artemisa,Artemisa,Artemisa,Cuba,LATAM,Caribbean
LATAM-Asunción,Asunción,Asunción,Paraguay,LATAM,South
LATAM-Atlixco,Atlixco,Puebla,Mexico,LATAM,North
LATAM-Avellaneda,Avellaneda,Santa Fe,Argentina,LATAM,South
LATAM-Ayacucho,Ayacucho,Ayacucho,Peru,LATAM,South
LATAM-Azcapotzalco,Azcapotzalco,Distrito Federal,Mexico,LATAM,North
LATAM-Bagé,Bagé,Rio Grande do Sul,Brazil,LATAM,South
LATAM-Bahía Blanca,Bahía Blanca,Provincia de Buenos Aires,Argentina,LATAM,South
LATAM-Bajos de Haina,Bajos de Haina,San Cristóbal,Dominican Republic,LATAM,Caribbean
LATAM-Balneário Camboriú,Balneário Camboriú,Santa Catarina,Brazil,LATAM,South
LATAM-Baní,Baní,Peravia,Dominican Republic,LATAM,Caribbean
LATAM-Barbacena,Barbacena,Minas Gerais,Brazil,LATAM,South
LATAM-Barcelona,Barcelona,Anzoátegui,Venezuela,LATAM,South
LATAM-Barquisimeto,Barquisimeto,Lara,Venezuela,LATAM,South
LATAM-Barra do Piraí,Barra do Piraí,Rio de Janeiro,Brazil,LATAM,South
LATAM-Barra Mansa,Barra Mansa,Rio de Janeiro,Brazil,LATAM,South
LATAM-Barranca,Barranca,Lima,Peru,LATAM,South
LATAM-Barranquilla,Barranquilla,Atlántico,Colombia,LATAM,South
LATAM-Barreiras,Barreiras,Bahia,Brazil,LATAM,South
LATAM-Barreirinhas,Barreirinhas,Maranhão,Brazil,LATAM,South
LATAM-Barretos,Barretos,São Paulo,Brazil,LATAM,South
LATAM-Barueri,Barueri,São Paulo,Brazil,LATAM,South
LATAM-Baruta,Baruta,Miranda,Venezuela,LATAM,South
LATAM-Bayamo,Bayamo,Granma,Cuba,LATAM,Caribbean
LATAM-Bayeux,Bayeux,Paraíba,Brazil,LATAM,South
LATAM-Bello,Bello,Antioquia,Colombia,LATAM,South
LATAM-Belo Horizonte,Belo Horizonte,Minas Gerais,Brazil,LATAM,South
LATAM-Bento Gonçalves,Bento Gonçalves,Rio Grande do Sul,Brazil,LATAM,South
LATAM-Betim,Betim,Minas Gerais,Brazil,LATAM,South
LATAM-Bezerros,Bezerros,Pernambuco,Brazil,LATAM,South
LATAM-Birigui,Birigui,São Paulo,Brazil,LATAM,South
LATAM-Blumenau,Blumenau,Santa Catarina,Brazil,LATAM,South
LATAM-Boa Esperança,Boa Esperança,Minas Gerais,Brazil,LATAM,South
LATAM-Boa Vista,Boa Vista,Roraima,Brazil,LATAM,South
LATAM-Bogotá,Bogotá,Bogota,Colombia,LATAM,South
LATAM-Bolívar,Bolívar,Bolivar,Venezuela,LATAM,South
LATAM-Bom Jesus da Lapa,Bom Jesus da Lapa,Bahia,Brazil,LATAM,South
LATAM-Bonao,Bonao,Monseñor Nouel,Dominican Republic,LATAM,Caribbean
LATAM-Bragança Paulista,Bragança Paulista,São Paulo,Brazil,LATAM,South
LATAM-Brasília,Brasília,Federal District,Brazil,LATAM,South
LATAM-Bridgetown,Bridgetown,Saint Michael,Barbados,LATAM,Caribbean
LATAM-Brumado,Brumado,Bahia,Brazil,LATAM,South
LATAM-Bucaramanga,Bucaramanga,Santander,Colombia,LATAM,South
LATAM-Buenos Aires,Buenos Aires,Buenos Aires,Argentina,LATAM,South
LATAM-Buriticupu,Buriticupu,Maranhão,Brazil,LATAM,South
LATAM-Cabimas,Cabimas,Zulia,Venezuela,LATAM,South
LATAM-Cabo de Santo Agostinho,Cabo de Santo Agostinho,Pernambuco,Brazil,LATAM,South
LATAM-Cabo Frio,Cabo Frio,Rio de Janeiro,Brazil,LATAM,South
LATAM-Caçador,Caçador,Santa Catarina,Brazil,LATAM,South
LATAM-Cadereyta,Cadereyta,Nuevo León,Mexico,LATAM,North
LATAM-Cagua,Cagua,Aragua,Venezuela,LATAM,South
LATAM-Cajamarca,Cajamarca,Cajamarca,Peru,LATAM,South
LATAM-Cajazeiras,Cajazeiras,Paraíba,Brazil,LATAM,South
LATAM-Calabozo,Calabozo,Guárico,Venezuela,LATAM,South
LATAM-Calama,Calama,Antofagasta,Chile,LATAM,South
LATAM-Callao,Callao,Callao,Peru,LATAM,South
LATAM-Camaçari,Camaçari,Bahia,Brazil,LATAM,South
LATAM-Camagüey,Camagüey,Camagüey,Cuba,LATAM,Caribbean
LATAM-Camaragibe,Camaragibe,Pernambuco,Brazil,LATAM,South
LATAM-Cambé,Cambé,Parana,Brazil,LATAM,South
LATAM-Camocim,Camocim,Ceará,Brazil,LATAM,South
LATAM-Campeche,Campeche,Campeche,Mexico,LATAM,North
LATAM-Campina Grande,Campina Grande,Paraíba,Brazil,LATAM,South
LATAM-Campo Grande,Campo Grande,Mato Grosso do Sul,Brazil,LATAM,South
LATAM-Campo Limpo Paulista,Campo Limpo Paulista,São Paulo,Brazil,LATAM,South
LATAM-Cancún,Cancún,Quintana Roo,Mexico,LATAM,North
LATAM-Canoas,Canoas,Rio Grande do Sul,Brazil,LATAM,South
LATAM-Caracas,Caracas,Distrito Capital,Venezuela,LATAM,South
LATAM-Caraguatatuba,Caraguatatuba,São Paulo,Brazil,LATAM,South
LATAM-Carapicuíba,Carapicuíba,São Paulo,Brazil,LATAM,South
LATAM-Cárdenas,Cárdenas,Matanzas,Cuba,LATAM,Caribbean
LATAM-Carora,Carora,Lara,Venezuela,LATAM,South
LATAM-Carrefour,Carrefour,Ouest,Haiti,LATAM,Caribbean
LATAM-Cartagena,Cartagena,Bolívar,Colombia,LATAM,South
LATAM-Cartago,Cartago,Valle del Cauca,Colombia,LATAM,South
LATAM-Cassilândia,Cassilândia,Mato Grosso do Sul,Brazil,LATAM,South
LATAM-Castanhal,Castanhal,Pará,Brazil,LATAM,South
LATAM-Catalão,Catalão,Goiás,Brazil,LATAM,South
LATAM-Catanduva,Catanduva,São Paulo,Brazil,LATAM,South
LATAM-Catia La Mar,Catia La Mar,Vargas,Venezuela,LATAM,South
LATAM-Caucaia,Caucaia,Ceará,Brazil,LATAM,South
LATAM-Caxias do Sul,Caxias do Sul,Rio Grande do Sul,Brazil,LATAM,South
LATAM-Celaya,Celaya,Guanajuato,Mexico,LATAM,North
LATAM-Chaguanas,Chaguanas,Chaguanas,Trinidad and Tobago,LATAM,Caribbean
LATAM-Chapecó,Chapecó,Santa Catarina,Brazil,LATAM,South
LATAM-Charallave,Charallave,Miranda,Venezuela,LATAM,South
LATAM-Chetumal,Chetumal,Quintana Roo,Mexico,LATAM,North
LATAM-Chiclayo,Chiclayo,Lambayeque,Peru,LATAM,South
LATAM-Chihuahua,Chihuahua,Chihuahua,Mexico,LATAM,North
LATAM-Chillán,Chillán,Biobio,Chile,LATAM,South
LATAM-Chilpancingo,Chilpancingo,Guerrero,Mexico,LATAM,North
LATAM-Chimaltenango,Chimaltenango,Chimaltenango,Guatemala,LATAM,Central
LATAM-Chimbote,Chimbote,Ancash,Peru,LATAM,South
LATAM-Chinandega,Chinandega,Chinandega,Nicaragua,LATAM,Central
LATAM-Chinautla,Chinautla,Guatemala,Guatemala,LATAM,Central
LATAM-Chincha Alta,Chincha Alta,Ica,Peru,LATAM,South
LATAM-Choloma,Choloma,Cortés,Honduras,LATAM,Central
LATAM-Cholula,Cholula,Puebla,Mexico,LATAM,North
LATAM-Choluteca,Choluteca,Choluteca,Honduras,LATAM,Central
LATAM-Cidade Ocidental,Cidade Ocidental,Goiás,Brazil,LATAM,South
LATAM-Ciego de Ávila,Ciego de Ávila,Ciego de Ávila,Cuba,LATAM,Caribbean
LATAM-Ciénaga,Ciénaga,Magdalena,Colombia,LATAM,South
LATAM-Cienfuegos,Cienfuegos,Cienfuegos,Cuba,LATAM,Caribbean
LATAM-Cipolletti,Cipolletti,Río Negro,Argentina,LATAM,South
LATAM-Ciudad del Carmen,Ciudad del Carmen,Campeche,Mexico,LATAM,North
LATAM-Coacalco,Coacalco,México,Mexico,LATAM,North
LATAM-Coari,Coari,Amazonas,Brazil,LATAM,South
LATAM-Coatzacoalcos,Coatzacoalcos,Veracruz,Mexico,LATAM,North
LATAM-Cochabamba,Cochabamba,Cochabamba,Bolivia,LATAM,South
LATAM-Colima,Colima,Colima,Mexico,LATAM,North
LATAM-Colombo,Colombo,Parana,Brazil,LATAM,South
LATAM-Colón,Colón,Colón,Panama,LATAM,Central
LATAM-Comodoro Rivadavia,Comodoro Rivadavia,Chubut,Argentina,LATAM,South
LATAM-Concepción del Uruguay,Concepción del Uruguay,Entre Ríos,Argentina,LATAM,South
LATAM-Conselheiro Lafaiete,Conselheiro Lafaiete,Minas Gerais,Brazil,LATAM,South
LATAM-Consolación del Sur,Consolación del Sur,Pinar del Río,Cuba,LATAM,Caribbean
LATAM-Contagem,Contagem,Minas Gerais,Brazil,LATAM,South
LATAM-Contramaestre,Contramaestre,Santiago de Cuba,Cuba,LATAM,Caribbean
LATAM-Copiapó,Copiapó,Atacama,Chile,LATAM,South
LATAM-Córdoba,Córdoba,Córdoba,Argentina,LATAM,South
LATAM-Corrientes,Corrientes,Corrientes,Argentina,LATAM,South
LATAM-Cosmópolis,Cosmópolis,São Paulo,Brazil,LATAM,South
LATAM-Cotia,Cotia,São Paulo,Brazil,LATAM,South
LATAM-Coyoacán,Coyoacán,Distrito Federal,Mexico,LATAM,North
LATAM-Crato,Crato,Ceará,Brazil,LATAM,South
LATAM-Criciúma,Criciúma,Santa Catarina,Brazil,LATAM,South
LATAM-Cruz das Almas,Cruz das Almas,Bahia,Brazil,LATAM,South
LATAM-Cruzeiro,Cruzeiro,São Paulo,Brazil,LATAM,South
LATAM-Cruzeiro do Sul,Cruzeiro do Sul,Acre,Brazil,LATAM,South
LATAM-Cúa,Cúa,Miranda,Venezuela,LATAM,South
LATAM-Cuajimalpa,Cuajimalpa,Distrito Federal,Mexico,LATAM,North
LATAM-Cuautitlán,Cuautitlán,México,Mexico,LATAM,North
LATAM-Cubatão,Cubatão,São Paulo,Brazil,LATAM,South
LATAM-Cúcuta,Cúcuta,Norte de Santander,Colombia,LATAM,South
LATAM-Cuenca,Cuenca,Azuay,Ecuador,LATAM,South
LATAM-Cuernavaca,Cuernavaca,Morelos,Mexico,LATAM,North
LATAM-Cuiabá,Cuiabá,Mato Grosso,Brazil,LATAM,South
LATAM-Culiacán,Culiacán,Sinaloa,Mexico,LATAM,North
LATAM-Cumaná,Cumaná,Sucre,Venezuela,LATAM,South
LATAM-Curitiba,Curitiba,Parana,Brazil,LATAM,South
LATAM-Cuscatancingo,Cuscatancingo,San Salvador,El Salvador,LATAM,Central
LATAM-David,David,Chiriquí,Panama,LATAM,Central
LATAM-Delgado,Delgado,San Salvador,El Salvador,LATAM,Central
LATAM-Delicias,Delicias,Chihuahua,Mexico,LATAM,North
LATAM-Diadema,Diadema,São Paulo,Brazil,LATAM,South
LATAM-Divinópolis,Divinópolis,Minas Gerais,Brazil,LATAM,South
LATAM-Dos Quebradas,Dos Quebradas,Risaralda,Colombia,LATAM,South
LATAM-Dourados,Dourados,Mato Grosso do Sul,Brazil,LATAM,South
LATAM-Duitama,Duitama,Boyacá,Colombia,LATAM,South
LATAM-Duque de Caxias,Duque de Caxias,Rio de Janeiro,Brazil,LATAM,South
LATAM-Durango,Durango,Durango,Mexico,LATAM,North
LATAM-El Limón,El Limón,Aragua,Venezuela,LATAM,South
LATAM-El Progreso,El Progreso,Yoro,Honduras,LATAM,Central
LATAM-El Tigre,El Tigre,Anzoátegui,Venezuela,LATAM,South
LATAM-Ensenada,Ensenada,Baja California,Mexico,LATAM,North
LATAM-Envigado,Envigado,Antioquia,Colombia,LATAM,South
LATAM-Erechim,Erechim,Rio Grande do Sul,Brazil,LATAM,South
LATAM-Escuintla,Escuintla,Escuintla,Guatemala,LATAM,Central
LATAM-Esquina,Esquina,Corrientes,Argentina,LATAM,South
LATAM-Estelí,Estelí,Estelí,Nicaragua,LATAM,Central
LATAM-Eunápolis,Eunápolis,Bahia,Brazil,LATAM,South
LATAM-Facatativá,Facatativá,Cundinamarca,Colombia,LATAM,South
LATAM-Farroupilha,Farroupilha,Rio Grande do Sul,Brazil,LATAM,South
LATAM-Feira de Santana,Feira de Santana,Bahia,Brazil,LATAM,South
LATAM-Fernando de la Mora,Fernando de la Mora,Central,Paraguay,LATAM,South
LATAM-Florencia,Florencia,Caquetá,Colombia,LATAM,South
LATAM-Floriano,Floriano,Piauí,Brazil,LATAM,South
LATAM-Floridablanca,Floridablanca,Santander,Colombia,LATAM,South
LATAM-Fortaleza,Fortaleza,Ceará,Brazil,LATAM,South
LATAM-Fort-de-France,Fort-de-France,Martinique,Martinique,LATAM,Caribbean
LATAM-Franca,Franca,São Paulo,Brazil,LATAM,South
LATAM-Francisco Beltrão,Francisco Beltrão,Parana,Brazil,LATAM,South
LATAM-Francisco Morato,Francisco Morato,São Paulo,Brazil,LATAM,South
LATAM-Franco da Rocha,Franco da Rocha,São Paulo,Brazil,LATAM,South
LATAM-Fresnillo de González Echeverría,Fresnillo de González Echeverría,Zacatecas,Mexico,LATAM,North
LATAM-Frontera,Frontera,Tabasco,Mexico,LATAM,North
LATAM-Garanhuns,Garanhuns,Pernambuco,Brazil,LATAM,South
LATAM-Garza García,Garza García,Nuevo León,Mexico,LATAM,North
LATAM-Gaspar,Gaspar,Santa Catarina,Brazil,LATAM,South
LATAM-General Escobedo,General Escobedo,Nuevo León,Mexico,LATAM,North
LATAM-Girón,Girón,Santander,Colombia,LATAM,South
LATAM-Goiânia,Goiânia,Goiás,Brazil,LATAM,South
LATAM-Gómez Palacio,Gómez Palacio,Durango,Mexico,LATAM,North
LATAM-Gonaïves,Gonaïves,Artibonite,Haiti,LATAM,Caribbean
LATAM-Grajaú,Grajaú,Maranhão,Brazil,LATAM,South
LATAM-Granada,Granada,Granada,Nicaragua,LATAM,Central
LATAM-Gravatá,Gravatá,Pernambuco,Brazil,LATAM,South
LATAM-Gravataí,Gravataí,Rio Grande do Sul,Brazil,LATAM,South
LATAM-Guacara,Guacara,Carabobo,Venezuela,LATAM,South
LATAM-Guadalajara,Guadalajara,Jalisco,Mexico,LATAM,North
LATAM-Guamúchil,Guamúchil,Sinaloa,Mexico,LATAM,North
LATAM-Guanajuato,Guanajuato,Guanajuato,Mexico,LATAM,North
LATAM-Guanambi,Guanambi,Bahia,Brazil,LATAM,South
LATAM-Guanare,Guanare,Portuguesa,Venezuela,LATAM,South
LATAM-Guantánamo,Guantánamo,Guantánamo,Cuba,LATAM,Caribbean
LATAM-Guarapari,Guarapari,Espírito Santo,Brazil,LATAM,South
LATAM-Guarapuava,Guarapuava,Parana,Brazil,LATAM,South
LATAM-Guaratinguetá,Guaratinguetá,São Paulo,Brazil,LATAM,South
LATAM-Guarenas,Guarenas,Miranda,Venezuela,LATAM,South
LATAM-Guarujá,Guarujá,São Paulo,Brazil,LATAM,South
LATAM-Guarulhos,Guarulhos,São Paulo,Brazil,LATAM,South
LATAM-Guasave,Guasave,Sinaloa,Mexico,LATAM,North
LATAM-Guatemala City,Guatemala City,Guatemala,Guatemala,LATAM,Central
LATAM-Guatire,Guatire,Miranda,Venezuela,LATAM,South
LATAM-Guayana,Guayana,Bolivar,Venezuela,LATAM,South
LATAM-Guayaquil,Guayaquil,Guayas,Ecuador,LATAM,South
LATAM-Guaymas,Guaymas,Sonora,Mexico,LATAM,North
LATAM-Gurupi,Gurupi,Tocantins,Brazil,LATAM,South
LATAM-Guzmán,Guzmán,Jalisco,Mexico,LATAM,North
LATAM-Hermosillo,Hermosillo,Sonora,Mexico,LATAM,North
LATAM-Heroica Zitácuaro,Heroica Zitácuaro,Michoacán,Mexico,LATAM,North
LATAM-Hidalgo,Hidalgo,Michoacán,Mexico,LATAM,North
LATAM-Holguín,Holguín,Holguín,Cuba,LATAM,Caribbean
LATAM-Huancayo,Huancayo,Junín,Peru,LATAM,South
LATAM-Huaraz,Huaraz,Ancash,Peru,LATAM,South
LATAM-Huehuetenango,Huehuetenango,Huehuetenango,Guatemala,LATAM,Central
LATAM-Huixquilucan,Huixquilucan,México,Mexico,LATAM,North
LATAM-Ibagué,Ibagué,Tolima,Colombia,LATAM,South
LATAM-Ibirité,Ibirité,Minas Gerais,Brazil,LATAM,South
LATAM-Ibiúna,Ibiúna,São Paulo,Brazil,LATAM,South
LATAM-Igarassu,Igarassu,Pernambuco,Brazil,LATAM,South
LATAM-Iguala,Iguala,Guerrero,Mexico,LATAM,North
LATAM-Ijuí,Ijuí,Rio Grande do Sul,Brazil,LATAM,South
LATAM-Ilhéus,Ilhéus,Bahia,Brazil,LATAM,South
LATAM-Ilo,Ilo,Moquegua,Peru,LATAM,South
LATAM-Ilopango,Ilopango,San Salvador,El Salvador,LATAM,Central
LATAM-Indaial,Indaial,Santa Catarina,Brazil,LATAM,South
LATAM-Indaiatuba,Indaiatuba,São Paulo,Brazil,LATAM,South
LATAM-Ipatinga,Ipatinga,Minas Gerais,Brazil,LATAM,South
LATAM-Ipiales,Ipiales,Nariño,Colombia,LATAM,South
LATAM-Iquique,Iquique,Tarapacá,Chile,LATAM,South
LATAM-Iquitos,Iquitos,Loreto,Peru,LATAM,South
LATAM-Irapuato,Irapuato,Guanajuato,Mexico,LATAM,North
LATAM-Itaituba,Itaituba,Pará,Brazil,LATAM,South
LATAM-Itajaí,Itajaí,Santa Catarina,Brazil,LATAM,South
LATAM-Itamaraju,Itamaraju,Bahia,Brazil,LATAM,South
LATAM-Itapecerica da Serra,Itapecerica da Serra,São Paulo,Brazil,LATAM,South
LATAM-Itapecuru Mirim,Itapecuru Mirim,Maranhão,Brazil,LATAM,South
LATAM-Itapetininga,Itapetininga,São Paulo,Brazil,LATAM,South
LATAM-Itapeva,Itapeva,São Paulo,Brazil,LATAM,South
LATAM-Itapevi,Itapevi,São Paulo,Brazil,LATAM,South
LATAM-Itaúna,Itaúna,Minas Gerais,Brazil,LATAM,South
LATAM-Itu,Itu,São Paulo,Brazil,LATAM,South
LATAM-Ituiutaba,Ituiutaba,Minas Gerais,Brazil,LATAM,South
LATAM-Ixtapaluca,Ixtapaluca,México,Mexico,LATAM,North
LATAM-Izúcar de Matamoros,Izúcar de Matamoros,Puebla,Mexico,LATAM,North
LATAM-Jaboticabal,Jaboticabal,São Paulo,Brazil,LATAM,South
LATAM-Jacareí,Jacareí,São Paulo,Brazil,LATAM,South
LATAM-Jacobina,Jacobina,Bahia,Brazil,LATAM,South
LATAM-Jamundí,Jamundí,Valle del Cauca,Colombia,LATAM,South
LATAM-Jataí,Jataí,Goiás,Brazil,LATAM,South
LATAM-Jaú,Jaú,São Paulo,Brazil,LATAM,South
LATAM-Jequié,Jequié,Bahia,Brazil,LATAM,South
LATAM-Ji-Paraná,Ji-Paraná,Rondônia,Brazil,LATAM,South
LATAM-Jiutepec,Jiutepec,Morelos,Mexico,LATAM,North
LATAM-João Pessoa,João Pessoa,Paraíba,Brazil,LATAM,South
LATAM-Joinville,Joinville,Santa Catarina,Brazil,LATAM,South
LATAM-José Bonifácio,José Bonifácio,São Paulo,Brazil,LATAM,South
LATAM-Juárez,Juárez,Chihuahua,Mexico,LATAM,North
LATAM-Juazeiro,Juazeiro,Bahia,Brazil,LATAM,South
LATAM-Juiz de Fora,Juiz de Fora,Minas Gerais,Brazil,LATAM,South
LATAM-Juliaca,Juliaca,Puno,Peru,LATAM,South
LATAM-Jundiaí,Jundiaí,São Paulo,Brazil,LATAM,South
LATAM-Junín,Junín,Provincia de Buenos Aires,Argentina,LATAM,South
LATAM-Jurema,Jurema,Pernambuco,Brazil,LATAM,South
LATAM-La Ceiba,La Ceiba,Atlántida,Honduras,LATAM,Central
LATAM-La Chorrera,La Chorrera,Panama,Panama,LATAM,Central
LATAM-La Paz,La Paz,La Paz,Bolivia,LATAM,South
LATAM-La Pintana,La Pintana,Santiago,Chile,LATAM,South
LATAM-La Plata,La Plata,Provincia de Buenos Aires,Argentina,LATAM,South
LATAM-La Rioja,La Rioja,La Rioja,Argentina,LATAM,South
LATAM-La Romana,La Romana,La Romana,Dominican Republic,LATAM,Caribbean
LATAM-La Vega,La Vega,La Vega,Dominican Republic,LATAM,Caribbean
LATAM-Lagos de Moreno,Lagos de Moreno,Jalisco,Mexico,LATAM,North
LATAM-Lajeado,Lajeado,Rio Grande do Sul,Brazil,LATAM,South
LATAM-Lambaré,Lambaré,Central,Paraguay,LATAM,South
LATAM-Las Piedras,Las Piedras,Canelones,Uruguay,LATAM,South
LATAM-Las Tunas,Las Tunas,Las Tunas,Cuba,LATAM,Caribbean
LATAM-Lázaro Cárdenas,Lázaro Cárdenas,Michoacán,Mexico,LATAM,North
LATAM-Lençóis Paulista,Lençóis Paulista,São Paulo,Brazil,LATAM,South
LATAM-León,León,Guanajuato,Mexico,LATAM,North
LATAM-Les Abymes,Les Abymes,Guadeloupe,Guadeloupe,LATAM,Caribbean
LATAM-Lima,Lima,Lima (city),Peru,LATAM,South
LATAM-Limeira,Limeira,São Paulo,Brazil,LATAM,South
LATAM-Limoeiro do Norte,Limoeiro do Norte,Ceará,Brazil,LATAM,South
LATAM-Linares,Linares,Nuevo León,Mexico,LATAM,North
LATAM-Linhares,Linhares,Espírito Santo,Brazil,LATAM,South
LATAM-Lins,Lins,São Paulo,Brazil,LATAM,South
LATAM-Lo Prado,Lo Prado,Santiago,Chile,LATAM,South
LATAM-Londrina,Londrina,Parana,Brazil,LATAM,South
LATAM-Lorena,Lorena,São Paulo,Brazil,LATAM,South
LATAM-Los Ángeles,Los Ángeles,Biobio,Chile,LATAM,South
LATAM-Los Mochis,Los Mochis,Sinaloa,Mexico,LATAM,North
LATAM-Los Patios,Los Patios,Norte de Santander,Colombia,LATAM,South
LATAM-Macapá,Macapá,Amapá,Brazil,LATAM,South
LATAM-Maceió,Maceió,Alagoas,Brazil,LATAM,South
LATAM-Madero,Madero,Tamaulipas,Mexico,LATAM,North
LATAM-Malambo,Malambo,Atlántico,Colombia,LATAM,South
LATAM-Manacapuru,Manacapuru,Amazonas,Brazil,LATAM,South
LATAM-Managua,Managua,Managua,Nicaragua,LATAM,Central
LATAM-Manaus,Manaus,Amazonas,Brazil,LATAM,South
LATAM-Manizales,Manizales,Caldas,Colombia,LATAM,South
LATAM-Manzanillo,Manzanillo,Granma,Cuba,LATAM,Caribbean
LATAM-Mar del Plata,Mar del Plata,Provincia de Buenos Aires,Argentina,LATAM,South
LATAM-Maracaibo,Maracaibo,Zulia,Venezuela,LATAM,South
LATAM-Maracay,Maracay,Aragua,Venezuela,LATAM,South
LATAM-Maringá,Maringá,Parana,Brazil,LATAM,South
LATAM-Masaya,Masaya,Masaya,Nicaragua,LATAM,Central
LATAM-Matagalpa,Matagalpa,Matagalpa,Nicaragua,LATAM,Central
LATAM-Matanzas,Matanzas,Matanzas,Cuba,LATAM,Caribbean
LATAM-Matehuala,Matehuala,San Luis Potosí,Mexico,LATAM,North
LATAM-Maturín,Maturín,Monagas,Venezuela,LATAM,South
LATAM-Mauá,Mauá,São Paulo,Brazil,LATAM,South
LATAM-Medellín,Medellín,Antioquia,Colombia,LATAM,South
LATAM-Mejicanos,Mejicanos,San Salvador,El Salvador,LATAM,Central
LATAM-Melchor Ocampo,Melchor Ocampo,México,Mexico,LATAM,North
LATAM-Mendoza,Mendoza,Mendoza,Argentina,LATAM,South
LATAM-Mérida,Mérida,Yucatán,Mexico,LATAM,North
LATAM-Metepec,Metepec,México,Mexico,LATAM,North
LATAM-Mexicali,Mexicali,Baja California,Mexico,LATAM,North
LATAM-Mexico City,Mexico City,Distrito Federal,Mexico,LATAM,North
LATAM-Miguel Hidalgo,Miguel Hidalgo,Distrito Federal,Mexico,LATAM,North
LATAM-Milpa Alta,Milpa Alta,Distrito Federal,Mexico,LATAM,North
LATAM-Miramar,Miramar,Tamaulipas,Mexico,LATAM,North
LATAM-Mixco,Mixco,Guatemala,Guatemala,LATAM,Central
LATAM-Moa,Moa,Holguín,Cuba,LATAM,Caribbean
LATAM-Moca,Moca,Espaillat,Dominican Republic,LATAM,Caribbean
LATAM-Mococa,Mococa,São Paulo,Brazil,LATAM,South
LATAM-Mogi das Cruzes,Mogi das Cruzes,São Paulo,Brazil,LATAM,South
LATAM-Monclova,Monclova,Coahuila,Mexico,LATAM,North
LATAM-Montenegro,Montenegro,Quindío,Colombia,LATAM,South
LATAM-Montería,Montería,Córdoba,Colombia,LATAM,South
LATAM-Monterrey,Monterrey,Nuevo León,Mexico,LATAM,North
LATAM-Montes Claros,Montes Claros,Minas Gerais,Brazil,LATAM,South
LATAM-Montevideo,Montevideo,Montevideo,Uruguay,LATAM,South
LATAM-Morelia,Morelia,Michoacán,Mexico,LATAM,North
LATAM-Morón,Morón,Ciego de Ávila,Cuba,LATAM,Caribbean
LATAM-Mosquera,Mosquera,Cundinamarca,Colombia,LATAM,South
LATAM-Mossoró,Mossoró,Rio Grande do Norte,Brazil,LATAM,South
LATAM-Natal,Natal,Rio Grande do Norte,Brazil,LATAM,South
LATAM-Navegantes,Navegantes,Santa Catarina,Brazil,LATAM,South
LATAM-Necochea,Necochea,Provincia de Buenos Aires,Argentina,LATAM,South
LATAM-Neiva,Neiva,Huila,Colombia,LATAM,South
LATAM-Neuquén,Neuquén,Neuquén,Argentina,LATAM,South
LATAM-Nicolás Romero,Nicolás Romero,México,Mexico,LATAM,North
LATAM-Niterói,Niterói,Rio de Janeiro,Brazil,LATAM,South
LATAM-Nova Serrana,Nova Serrana,Minas Gerais,Brazil,LATAM,South
LATAM-Novo Cruzeiro,Novo Cruzeiro,Minas Gerais,Brazil,LATAM,South
LATAM-Novo Gama,Novo Gama,Goiás,Brazil,LATAM,South
LATAM-Nueva Gerona,Nueva Gerona,Isla de la Juventud,Cuba,LATAM,Caribbean
LATAM-Nuevo Laredo,Nuevo Laredo,Tamaulipas,Mexico,LATAM,North
LATAM-Obregón,Obregón,Sonora,Mexico,LATAM,North
LATAM-Ocaña,Ocaña,Norte de Santander,Colombia,LATAM,South
LATAM-Ocotlán,Ocotlán,Jalisco,Mexico,LATAM,North
LATAM-Oriximiná,Oriximiná,Pará,Brazil,LATAM,South
LATAM-Orizaba,Orizaba,Veracruz,Mexico,LATAM,North
LATAM-Oruro,Oruro,Oruro,Bolivia,LATAM,South
LATAM-Osasco,Osasco,São Paulo,Brazil,LATAM,South
LATAM-Osorno,Osorno,Los Lagos,Chile,LATAM,South
LATAM-Paço do Lumiar,Paço do Lumiar,Maranhão,Brazil,LATAM,South
LATAM-Paita,Paita,Piura,Peru,LATAM,South
LATAM-Palhoça,Palhoça,Santa Catarina,Brazil,LATAM,South
LATAM-Palma Soriano,Palma Soriano,Santiago de Cuba,Cuba,LATAM,Caribbean
LATAM-Palmares,Palmares,Pernambuco,Brazil,LATAM,South
LATAM-Palmira,Palmira,Valle del Cauca,Colombia,LATAM,South
LATAM-Palo Negro,Palo Negro,Aragua,Venezuela,LATAM,South
LATAM-Panama City,Panama City,Panama,Panama,LATAM,Central
LATAM-Paracatu,Paracatu,Minas Gerais,Brazil,LATAM,South
LATAM-Paraná,Paraná,Entre Ríos,Argentina,LATAM,South
LATAM-Paranaguá,Paranaguá,Parana,Brazil,LATAM,South
LATAM-Parintins,Parintins,Amazonas,Brazil,LATAM,South
LATAM-Passo Fundo,Passo Fundo,Rio Grande do Sul,Brazil,LATAM,South
LATAM-Passos,Passos,Minas Gerais,Brazil,LATAM,South
LATAM-Pasto,Pasto,Nariño,Colombia,LATAM,South
LATAM-Pato Branco,Pato Branco,Parana,Brazil,LATAM,South
LATAM-Patrocínio,Patrocínio,Minas Gerais,Brazil,LATAM,South
LATAM-Paulista,Paulista,Pernambuco,Brazil,LATAM,South
LATAM-Paysandú,Paysandú,Paysandú,Uruguay,LATAM,South
LATAM-Pelotas,Pelotas,Rio Grande do Sul,Brazil,LATAM,South
LATAM-Penedo,Penedo,Alagoas,Brazil,LATAM,South
LATAM-Pereira,Pereira,Risaralda,Colombia,LATAM,South
LATAM-Petapa,Petapa,Guatemala,Guatemala,LATAM,Central
LATAM-Petare,Petare,Miranda,Venezuela,LATAM,South
LATAM-Petrópolis,Petrópolis,Rio de Janeiro,Brazil,LATAM,South
LATAM-Piedecuesta,Piedecuesta,Santander,Colombia,LATAM,South
LATAM-Piedras Negras,Piedras Negras,Coahuila,Mexico,LATAM,North
LATAM-Pilar,Pilar,Alagoas,Brazil,LATAM,South
LATAM-Pinar del Río,Pinar del Río,Pinar del Río,Cuba,LATAM,Caribbean
LATAM-Pindamonhangaba,Pindamonhangaba,São Paulo,Brazil,LATAM,South
LATAM-Pinheiro,Pinheiro,Maranhão,Brazil,LATAM,South
LATAM-Pirapora,Pirapora,Minas Gerais,Brazil,LATAM,South
LATAM-Pitalito,Pitalito,Huila,Colombia,LATAM,South
LATAM-Piura,Piura,Piura,Peru,LATAM,South
LATAM-Poços de Caldas,Poços de Caldas,Minas Gerais,Brazil,LATAM,South
LATAM-Ponte Nova,Ponte Nova,Minas Gerais,Brazil,LATAM,South
LATAM-Pontes e Lacerda,Pontes e Lacerda,Mato Grosso,Brazil,LATAM,South
LATAM-Porlamar,Porlamar,Nueva Esparta,Venezuela,LATAM,South
LATAM-Portmore,Portmore,Saint Catherine,Jamaica,LATAM,Caribbean
LATAM-Porto Alegre,Porto Alegre,Rio Grande do Sul,Brazil,LATAM,South
LATAM-Portoviejo,Portoviejo,Manabi,Ecuador,LATAM,South
LATAM-Posadas,Posadas,Misiones,Argentina,LATAM,South
LATAM-Potosí,Potosí,Potosí,Bolivia,LATAM,South
LATAM-Pouso Alegre,Pouso Alegre,Minas Gerais,Brazil,LATAM,South
LATAM-Poza Rica de Hidalgo,Poza Rica de Hidalgo,Veracruz,Mexico,LATAM,North
LATAM-Praia Grande,Praia Grande,São Paulo,Brazil,LATAM,South
LATAM-Presidencia Roque Sáenz Peña,Presidencia Roque Sáenz Peña,Chaco,Argentina,LATAM,South
LATAM-Presidente Dutra,Presidente Dutra,Maranhão,Brazil,LATAM,South
LATAM-Presidente Prudente,Presidente Prudente,São Paulo,Brazil,LATAM,South
LATAM-Progreso,Progreso,Yucatán,Mexico,LATAM,North
LATAM-Pucallpa,Pucallpa,Ucayali,Peru,LATAM,South
LATAM-Puebla,Puebla,Puebla,Mexico,LATAM,North
LATAM-Puente Alto,Puente Alto,Santiago,Chile,LATAM,South
LATAM-Puerto La Cruz,Puerto La Cruz,Anzoátegui,Venezuela,LATAM,South
LATAM-Puerto Montt,Puerto Montt,Los Lagos,Chile,LATAM,South
LATAM-Puerto Padre,Puerto Padre,Las Tunas,Cuba,LATAM,Caribbean
LATAM-Puerto Vallarta,Puerto Vallarta,Jalisco,Mexico,LATAM,North
LATAM-Puno,Puno,Puno,Peru,LATAM,South
LATAM-Punta Arenas,Punta Arenas,Magallanes y Antártica Chilena,Chile,LATAM,South
LATAM-Querétaro,Querétaro,Querétaro,Mexico,LATAM,North
LATAM-Quetzaltenango,Quetzaltenango,Quezaltenango,Guatemala,LATAM,Central
LATAM-Quevedo,Quevedo,Los Rios,Ecuador,LATAM,South
LATAM-Quibdó,Quibdó,Chocó,Colombia,LATAM,South
LATAM-Quilmes,Quilmes,Provincia de Buenos Aires,Argentina,LATAM,South
LATAM-Quito,Quito,Pichincha,Ecuador,LATAM,South
LATAM-Quixadá,Quixadá,Ceará,Brazil,LATAM,South
LATAM-Rancagua,Rancagua,O'Higgins,Chile,LATAM,South
LATAM-Recife,Recife,Pernambuco,Brazil,LATAM,South
LATAM-Registro,Registro,São Paulo,Brazil,LATAM,South
LATAM-Resende,Resende,Rio de Janeiro,Brazil,LATAM,South
LATAM-Resistencia,Resistencia,Chaco,Argentina,LATAM,South
LATAM-Reynosa,Reynosa,Tamaulipas,Mexico,LATAM,North
LATAM-Ribeirão Preto,Ribeirão Preto,São Paulo,Brazil,LATAM,South
LATAM-Riberalta,Riberalta,Beni,Bolivia,LATAM,South
LATAM-Rio Branco,Rio Branco,Acre,Brazil,LATAM,South
LATAM-Río Bravo,Río Bravo,Tamaulipas,Mexico,LATAM,North
LATAM-Rio Grande,Rio Grande,Rio Grande do Sul,Brazil,LATAM,South
LATAM-Rivera,Rivera,Rivera,Uruguay,LATAM,South
LATAM-Rolândia,Rolândia,Parana,Brazil,LATAM,South
LATAM-Rondonópolis,Rondonópolis,Mato Grosso,Brazil,LATAM,South
LATAM-Rosario,Rosario,Santa Fe,Argentina,LATAM,South
LATAM-Rosarito,Rosarito,Baja California,Mexico,LATAM,North
LATAM-Sabanalarga,Sabanalarga,Atlántico,Colombia,LATAM,South
LATAM-Sahuayo de José María Morelos,Sahuayo de José María Morelos,Michoacán,Mexico,LATAM,North
LATAM-Salamanca,Salamanca,Guanajuato,Mexico,LATAM,North
LATAM-Salina Cruz,Salina Cruz,Oaxaca,Mexico,LATAM,North
LATAM-Salta,Salta,Salta,Argentina,LATAM,South
LATAM-Saltillo,Saltillo,Coahuila,Mexico,LATAM,North
LATAM-Salto,Salto,São Paulo,Brazil,LATAM,South
LATAM-Salvador,Salvador,Bahia,Brazil,LATAM,South
LATAM-San Andrés Tuxtla,San Andrés Tuxtla,Veracruz,Mexico,LATAM,North
LATAM-San Antonio,San Antonio,Valparaíso,Chile,LATAM,South
LATAM-San Bernardo,San Bernardo,Santiago,Chile,LATAM,South
LATAM-San Carlos del Zulia,San Carlos del Zulia,Zulia,Venezuela,LATAM,South
LATAM-San Cristóbal,San Cristóbal,Táchira,Venezuela,LATAM,South
LATAM-San Cristóbal de Las Casas,San Cristóbal de Las Casas,Chiapas,Mexico,LATAM,North
LATAM-San Fernando,San Fernando,San Fernando,Trinidad and Tobago,LATAM,Caribbean
LATAM-San Fernando del Valle de Catamarca,San Fernando del Valle de Catamarca,Catamarca,Argentina,LATAM,South
LATAM-San Francisco de Macorís,San Francisco de Macorís,Duarte,Dominican Republic,LATAM,Caribbean
LATAM-San Francisco del Rincón,San Francisco del Rincón,Guanajuato,Mexico,LATAM,North
LATAM-San José de Guanipa,San José de Guanipa,Anzoátegui,Venezuela,LATAM,South
LATAM-San José de las Lajas,San José de las Lajas,Mayabeque,Cuba,LATAM,Caribbean
LATAM-San Juan,San Juan,San Juan,Argentina,LATAM,South
LATAM-San Juan de la Maguana,San Juan de la Maguana,San Juan,Dominican Republic,LATAM,Caribbean
LATAM-San Juan del Río,San Juan del Río,Querétaro,Mexico,LATAM,North
LATAM-San Justo,San Justo,Santa Fe,Argentina,LATAM,South
LATAM-San Lorenzo,San Lorenzo,Central,Paraguay,LATAM,South
LATAM-San Luis,San Luis,San Luis,Argentina,LATAM,South
LATAM-San Luis Potosí,San Luis Potosí,San Luis Potosí,Mexico,LATAM,North
LATAM-San Luis Río Colorado,San Luis Río Colorado,Sonora,Mexico,LATAM,North
LATAM-San Martín,San Martín,Cuscatlán,El Salvador,LATAM,Central
LATAM-San Miguelito,San Miguelito,Panama,Panama,LATAM,Central
LATAM-San Nicolás de los Arroyos,San Nicolás de los Arroyos,Provincia de Buenos Aires,Argentina,LATAM,South
LATAM-San Pablo de las Salinas,San Pablo de las Salinas,México,Mexico,LATAM,North
LATAM-San Pedro de Macorís,San Pedro de Macorís,San Pedro de Macorís,Dominican Republic,LATAM,Caribbean
LATAM-San Pedro Sula,San Pedro Sula,Cortés,Honduras,LATAM,Central
LATAM-San Rafael,San Rafael,Mendoza,Argentina,LATAM,South
LATAM-San Salvador,San Salvador,San Salvador,El Salvador,LATAM,Central
LATAM-San Salvador de Jujuy,San Salvador de Jujuy,Jujuy,Argentina,LATAM,South
LATAM-Sancti Spíritus,Sancti Spíritus,Sancti Spíritus,Cuba,LATAM,Caribbean
LATAM-Santa Ana,Santa Ana,Santa Ana,El Salvador,LATAM,Central
LATAM-Santa Catarina,Santa Catarina,Nuevo León,Mexico,LATAM,North
LATAM-Santa Clara,Santa Clara,Villa Clara,Cuba,LATAM,Caribbean
LATAM-Santa Cruz de Barahona,Santa Cruz de Barahona,Barahona,Dominican Republic,LATAM,Caribbean
LATAM-Santa Cruz de la Sierra,Santa Cruz de la Sierra,Santa Cruz,Bolivia,LATAM,South
LATAM-Santa Cruz do Sul,Santa Cruz do Sul,Rio Grande do Sul,Brazil,LATAM,South
LATAM-Santa Fe,Santa Fe,Santa Fe,Argentina,LATAM,South
LATAM-Santa Helena,Santa Helena,Maranhão,Brazil,LATAM,South
LATAM-Santa Marta,Santa Marta,Magdalena,Colombia,LATAM,South
LATAM-Santa Rosa,Santa Rosa,Rio Grande do Sul,Brazil,LATAM,South
LATAM-Santana de Parnaíba,Santana de Parnaíba,São Paulo,Brazil,LATAM,South
LATAM-Santarém,Santarém,Pará,Brazil,LATAM,South
LATAM-Santiago,Santiago,Santiago,Chile,LATAM,South
LATAM-Santiago de Cuba,Santiago de Cuba,Santiago de Cuba,Cuba,LATAM,Caribbean
LATAM-Santiago de los Caballeros,Santiago de los Caballeros,Santiago,Dominican Republic,LATAM,Caribbean
LATAM-Santiago del Estero,Santiago del Estero,Santiago del Estero,Argentina,LATAM,South
LATAM-Santo André,Santo André,São Paulo,Brazil,LATAM,South
LATAM-Santo Domingo,Santo Domingo,Santo Domingo,Dominican Republic,LATAM,Caribbean
LATAM-Santo Domingo de los Colorados,Santo Domingo de los Colorados,Pichincha,Ecuador,LATAM,South
LATAM-Santos,Santos,São Paulo,Brazil,LATAM,South
LATAM-São Benedito,São Benedito,Ceará,Brazil,LATAM,South
LATAM-São Bernardo do Campo,São Bernardo do Campo,São Paulo,Brazil,LATAM,South
LATAM-São Gonçalo,São Gonçalo,Rio de Janeiro,Brazil,LATAM,South
LATAM-São José dos Campos,São José dos Campos,São Paulo,Brazil,LATAM,South
LATAM-São Leopoldo,São Leopoldo,Rio Grande do Sul,Brazil,LATAM,South
LATAM-São Luís,São Luís,Maranhão,Brazil,LATAM,South
LATAM-São Miguel dos Campos,São Miguel dos Campos,Alagoas,Brazil,LATAM,South
LATAM-São Paulo,São Paulo,São Paulo,Brazil,LATAM,South
LATAM-São Pedro da Aldeia,São Pedro da Aldeia,Rio de Janeiro,Brazil,LATAM,South
LATAM-São Vicente,São Vicente,São Paulo,Brazil,LATAM,South
LATAM-Sapucaia do Sul,Sapucaia do Sul,Rio Grande do Sul,Brazil,LATAM,South
LATAM-Senhor do Bonfim,Senhor do Bonfim,Bahia,Brazil,LATAM,South
LATAM-Seropédica,Seropédica,Rio de Janeiro,Brazil,LATAM,South
LATAM-Serra,Serra,Espírito Santo,Brazil,LATAM,South
LATAM-Silao,Silao,Guanajuato,Mexico,LATAM,North
LATAM-Simões Filho,Simões Filho,Bahia,Brazil,LATAM,South
LATAM-Sinop,Sinop,Mato Grosso,Brazil,LATAM,South
LATAM-Soacha,Soacha,Cundinamarca,Colombia,LATAM,South
LATAM-Sobral,Sobral,Ceará,Brazil,LATAM,South
LATAM-Sogamoso,Sogamoso,Boyacá,Colombia,LATAM,South
LATAM-Soledad,Soledad,Atlántico,Colombia,LATAM,South
LATAM-Soledad Díez Gutiérrez,Soledad Díez Gutiérrez,San Luis Potosí,Mexico,LATAM,North
LATAM-Sonsonate,Sonsonate,Sonsonate,El Salvador,LATAM,Central
LATAM-Sorocaba,Sorocaba,São Paulo,Brazil,LATAM,South
LATAM-Sorriso,Sorriso,Mato Grosso,Brazil,LATAM,South
LATAM-Sousa,Sousa,Paraíba,Brazil,LATAM,South
LATAM-Soyapango,Soyapango,San Salvador,El Salvador,LATAM,Central
LATAM-Spanish Town,Spanish Town,Saint Catherine,Jamaica,LATAM,Caribbean
LATAM-Sucre,Sucre,Chuquisaca,Bolivia,LATAM,South
LATAM-Sumaré,Sumaré,São Paulo,Brazil,LATAM,South
LATAM-Surubim,Surubim,Pernambuco,Brazil,LATAM,South
LATAM-Taboão da Serra,Taboão da Serra,São Paulo,Brazil,LATAM,South
LATAM-Talara,Talara,Piura,Peru,LATAM,South
LATAM-Talcahuano,Talcahuano,Biobio,Chile,LATAM,South
LATAM-Tampico,Tampico,Tamaulipas,Mexico,LATAM,North
LATAM-Tapachula,Tapachula,Chiapas,Mexico,LATAM,North
LATAM-Tartagal,Tartagal,Salta,Argentina,LATAM,South
LATAM-Tatuí,Tatuí,São Paulo,Brazil,LATAM,South
LATAM-Taubaté,Taubaté,São Paulo,Brazil,LATAM,South
LATAM-Tecomán,Tecomán,Colima,Mexico,LATAM,North
LATAM-Tegucigalpa,Tegucigalpa,Francisco Morazán,Honduras,LATAM,Central
LATAM-Tehuacán,Tehuacán,Puebla,Mexico,LATAM,North
LATAM-Temixco,Temixco,Morelos,Mexico,LATAM,North
LATAM-Tepic,Tepic,Nayarit,Mexico,LATAM,North
LATAM-Teresina,Teresina,Piauí,Brazil,LATAM,South
LATAM-Teresópolis,Teresópolis,Rio de Janeiro,Brazil,LATAM,South
LATAM-Teziutlán,Teziutlán,Puebla,Mexico,LATAM,North
LATAM-Tianguá,Tianguá,Ceará,Brazil,LATAM,South
LATAM-Tijuana,Tijuana,Baja California,Mexico,LATAM,North
LATAM-Tinaquillo,Tinaquillo,Cojedes,Venezuela,LATAM,South
LATAM-Tipitapa,Tipitapa,Managua,Nicaragua,LATAM,Central
LATAM-Tlalnepantla,Tlalnepantla,México,Mexico,LATAM,North
LATAM-Tlalpan,Tlalpan,Distrito Federal,Mexico,LATAM,North
LATAM-Tlaquepaque,Tlaquepaque,Jalisco,Mexico,LATAM,North
LATAM-Toledo,Toledo,Parana,Brazil,LATAM,South
LATAM-Toluca,Toluca,México,Mexico,LATAM,North
LATAM-Torreón,Torreón,Coahuila,Mexico,LATAM,North
LATAM-Trinidad,Trinidad,Beni,Bolivia,LATAM,South
LATAM-Trujillo,Trujillo,La Libertad,Peru,LATAM,South
LATAM-Tulancingo,Tulancingo,Hidalgo,Mexico,LATAM,North
LATAM-Tupã,Tupã,São Paulo,Brazil,LATAM,South
LATAM-Turmero,Turmero,Aragua,Venezuela,LATAM,South
LATAM-Tuxtla Gutiérrez,Tuxtla Gutiérrez,Chiapas,Mexico,LATAM,North
LATAM-Uberaba,Uberaba,Minas Gerais,Brazil,LATAM,South
LATAM-Uberlândia,Uberlândia,Minas Gerais,Brazil,LATAM,South
LATAM-Umuarama,Umuarama,Parana,Brazil,LATAM,South
LATAM-Uruguaiana,Uruguaiana,Rio Grande do Sul,Brazil,LATAM,South
LATAM-Vacaria,Vacaria,Rio Grande do Sul,Brazil,LATAM,South
LATAM-Valencia,Valencia,Carabobo,Venezuela,LATAM,South
LATAM-Valinhos,Valinhos,São Paulo,Brazil,LATAM,South
LATAM-Valle de La Pascua,Valle de La Pascua,Guárico,Venezuela,LATAM,South
LATAM-Valle Hermoso,Valle Hermoso,Tamaulipas,Mexico,LATAM,North
LATAM-Valledupar,Valledupar,Cesar,Colombia,LATAM,South
LATAM-Valles,Valles,San Luis Potosí,Mexico,LATAM,North
LATAM-Valparaíso,Valparaíso,Valparaíso,Chile,LATAM,South
LATAM-Valparaíso de Goiás,Valparaíso de Goiás,Goiás,Brazil,LATAM,South
LATAM-Várzea Grande,Várzea Grande,Mato Grosso,Brazil,LATAM,South
LATAM-Vassouras,Vassouras,Rio de Janeiro,Brazil,LATAM,South
LATAM-Veracruz,Veracruz,Veracruz,Mexico,LATAM,North
LATAM-Vespasiano,Vespasiano,Minas Gerais,Brazil,LATAM,South
LATAM-Victoria,Victoria,Tamaulipas,Mexico,LATAM,North
LATAM-Vilhena,Vilhena,Rondônia,Brazil,LATAM,South
LATAM-Villa Alemana,Villa Alemana,Valparaíso,Chile,LATAM,South
LATAM-Villa Canales,Villa Canales,Guatemala,Guatemala,LATAM,Central
LATAM-Villa Frontera,Villa Frontera,Coahuila,Mexico,LATAM,North
LATAM-Villa Nueva,Villa Nueva,Guatemala,Guatemala,LATAM,Central
LATAM-Villahermosa,Villahermosa,Tabasco,Mexico,LATAM,North
LATAM-Villavicencio,Villavicencio,Meta,Colombia,LATAM,South
LATAM-Viña del Mar,Viña del Mar,Valparaíso,Chile,LATAM,South
LATAM-Vitória,Vitória,Espírito Santo,Brazil,LATAM,South
LATAM-Vitória da Conquista,Vitória da Conquista,Bahia,Brazil,LATAM,South
LATAM-Vitória de Santo Antão,Vitória de Santo Antão,Pernambuco,Brazil,LATAM,South
LATAM-Votuporanga,Votuporanga,São Paulo,Brazil,LATAM,South
LATAM-Yacuiba,Yacuiba,Tarija,Bolivia,LATAM,South
LATAM-Yaritagua,Yaritagua,Yaracuy,Venezuela,LATAM,South
LATAM-Yopal,Yopal,Casanare,Colombia,LATAM,South
LATAM-Zacatecas,Zacatecas,Zacatecas,Mexico,LATAM,North
LATAM-Zapopan,Zapopan,Jalisco,Mexico,LATAM,North
LATAM-Zihuatanejo,Zihuatanejo,Guerrero,Mexico,LATAM,North
US-Aberdeen,Aberdeen,South Dakota,United States,US,Central
US-Abilene,Abilene,Texas,United States,US,Central
US-Akron,Akron,Ohio,United States,US,East
US-Albuquerque,Albuquerque,New Mexico,United States,US,West
US-Alexandria,Alexandria,Virginia,United States,US,South
US-Allen,Allen,Texas,United States,US,Central
US-Allentown,Allentown,Pennsylvania,United States,US,East
US-Altoona,Altoona,Pennsylvania,United States,US,East
US-Amarillo,Amarillo,Texas,United States,US,Central
US-Anaheim,Anaheim,California,United States,US,West
US-Andover,Andover,Massachusetts,United States,US,East
US-Ann Arbor,Ann Arbor,Michigan,United States,US,Central
US-Antioch,Antioch,California,United States,US,West
US-Apopka,Apopka,Florida,United States,US,South
US-Apple Valley,Apple Valley,California,United States,US,West
US-Appleton,Appleton,Wisconsin,United States,US,Central
US-Arlington,Arlington,Virginia,United States,US,South
US-Arlington Heights,Arlington Heights,Illinois,United States,US,Central
US-Arvada,Arvada,Colorado,United States,US,West
US-Asheville,Asheville,North Carolina,United States,US,South
US-Athens,Athens,Georgia,United States,US,South
US-Atlanta,Atlanta,Georgia,United States,US,South
US-Atlantic City,Atlantic City,New Jersey,United States,US,East
US-Auburn,Auburn,Alabama,United States,US,South
US-Aurora,Aurora,Illinois,United States,US,Central
US-Austin,Austin,Texas,United States,US,Central
US-Avondale,Avondale,Arizona,United States,US,West
US-Bakersfield,Bakersfield,California,United States,US,West
US-Baltimore,Baltimore,Maryland,United States,US,East
US-Bangor,Bangor,Maine,United States,US,East
US-Bartlett,Bartlett,Tennessee,United States,US,South
US-Bayonne,Bayonne,New Jersey,United States,US,East
US-Baytown,Baytown,Texas,United States,US,Central
US-Beaumont,Beaumont,Texas,United States,US,Central
US-Bedford,Bedford,Texas,United States,US,Central
US-Belleville,Belleville,New Jersey,United States,US,East
US-Bellevue,Bellevue,Washington,United States,US,West
US-Bellingham,Bellingham,Washington,United States,US,West
US-Bethlehem,Bethlehem,Pennsylvania,United States,US,East
US-Beverly,Beverly,Massachusetts,United States,US,East
US-Billings,Billings,Montana,United States,US,West
US-Bloomington,Bloomington,Illinois,United States,US,Central
US-Boca Raton,Boca Raton,Florida,United States,US,South
US-Boise,Boise,Idaho,United States,US,West
US-Bolingbrook,Bolingbrook,Illinois,United States,US,Central
US-Bossier City,Bossier City,Louisiana,United States,US,South
US-Bowling Green,Bowling Green,Ohio,United States,US,East
US-Boynton Beach,Boynton Beach,Florida,United States,US,South
US-Bozeman,Bozeman,Montana,United States,US,West
US-Brentwood,Brentwood,California,United States,US,West
US-Bridgeton,Bridgeton,New Jersey,United States,US,East
US-Bristol,Bristol,Connecticut,United States,US,East
US-Broken Arrow,Broken Arrow,Oklahoma,United States,US,Central
US-Broomfield,Broomfield,Colorado,United States,US,West
US-Brownsville,Brownsville,Texas,United States,US,Central
US-Bryan,Bryan,Texas,United States,US,Central
US-Buffalo,Buffalo,New York,United States,US,East
US-Buffalo Grove,Buffalo Grove,Illinois,United States,US,Central
US-Bullhead City,Bullhead City,Arizona,United States,US,West
US-Burbank,Burbank,California,United States,US,West
US-Burlington,Burlington,North Carolina,United States,US,South
US-Caldwell,Caldwell,Idaho,United States,US,West
US-Camarillo,Camarillo,California,United States,US,West
US-Cambridge,Cambridge,Massachusetts,United States,US,East
US-Canton,Canton,Michigan,United States,US,Central
US-Carlsbad,Carlsbad,New Mexico,United States,US,West
US-Carol Stream,Carol Stream,Illinois,United States,US,Central
US-Carrollton,Carrollton,Texas,United States,US,Central
US-Cary,Cary,North Carolina,United States,US,South
US-Cedar Hill,Cedar Hill,Texas,United States,US,Central
US-Cedar Rapids,Cedar Rapids,Iowa,United States,US,Central
US-Champaign,Champaign,Illinois,United States,US,Central
US-Chandler,Chandler,Arizona,United States,US,West
US-Chapel Hill,Chapel Hill,North Carolina,United States,US,South
US-Charlotte,Charlotte,North Carolina,United States,US,South
US-Charlottesville,Charlottesville,Virginia,United States,US,South
US-Chattanooga,Chattanooga,Tennessee,United States,US,South
US-Chesapeake,Chesapeake,Virginia,United States,US,South
US-Chester,Chester,Pennsylvania,United States,US,East
US-Cheyenne,Cheyenne,Wyoming,United States,US,West
US-Chicago,Chicago,Illinois,United States,US,Central
US-Chico,Chico,California,United States,US,West
US-Chula Vista,Chula Vista,California,United States,US,West
US-Cincinnati,Cincinnati,Ohio,United States,US,East
US-Citrus Heights,Citrus Heights,California,United States,US,West
US-Clarksville,Clarksville,Tennessee,United States,US,South
US-Cleveland,Cleveland,Ohio,United States,US,East
US-Clifton,Clifton,New Jersey,United States,US,East
US-Clinton,Clinton,Maryland,United States,US,East
US-Clovis,Clovis,New Mexico,United States,US,West
US-Coachella,Coachella,California,United States,US,West
US-College Station,College Station,Texas,United States,US,Central
US-Colorado Springs,Colorado Springs,Colorado,United States,US,West
US-Columbia,Columbia,Missouri,United States,US,Central
US-Columbus,Columbus,Ohio,United States,US,East
US-Commerce City,Commerce City,Colorado,United States,US,West
US-Concord,Concord,North Carolina,United States,US,South
US-Conroe,Conroe,Texas,United States,US,Central
US-Conway,Conway,Arkansas,United States,US,South
US-Coon Rapids,Coon Rapids,Minnesota,United States,US,Central
US-Coppell,Coppell,Texas,United States,US,Central
US-Coral Gables,Coral Gables,Florida,United States,US,South
US-Coral Springs,Coral Springs,Florida,United States,US,South
US-Corpus Christi,Corpus Christi,Texas,United States,US,Central
US-Costa Mesa,Costa Mesa,California,United States,US,West
US-Cottage Grove,Cottage Grove,Minnesota,United States,US,Central
US-Covington,Covington,Washington,United States,US,West
US-Cranston,Cranston,Rhode Island,United States,US,East
US-Cuyahoga Falls,Cuyahoga Falls,Ohio,United States,US,East
US-Dallas,Dallas,Texas,United States,US,Central
US-Danbury,Danbury,Connecticut,United States,US,East
US-Danville,Danville,California,United States,US,West
US-Davis,Davis,California,United States,US,West
US-Daytona Beach,Daytona Beach,Florida,United States,US,South
US-Dearborn,Dearborn,Michigan,United States,US,Central
US-Dearborn Heights,Dearborn Heights,Michigan,United States,US,Central
US-Decatur,Decatur,Illinois,United States,US,Central
US-Deer Park,Deer Park,Texas,United States,US,Central
US-Delray Beach,Delray Beach,Florida,United States,US,South
US-Deltona,Deltona,Florida,United States,US,South
US-Denver,Denver,Colorado,United States,US,West
US-Des Moines,Des Moines,Washington,United States,US,West
US-Des Plaines,Des Plaines,Illinois,United States,US,Central
US-Detroit,Detroit,Michigan,United States,US,Central
US-Dover,Dover,New Hampshire,United States,US,East
US-Draper,Draper,Utah,United States,US,West
US-Dublin,Dublin,Ohio,United States,US,East
US-Dubuque,Dubuque,Iowa,United States,US,Central
US-Durham,Durham,North Carolina,United States,US,South
US-Eagan,Eagan,Minnesota,United States,US,Central
US-East Orange,East Orange,New Jersey,United States,US,East
US-East Point,East Point,Georgia,United States,US,South
US-Eau Claire,Eau Claire,Wisconsin,United States,US,Central
US-Edinburg,Edinburg,Texas,United States,US,Central
US-Edmond,Edmond,Oklahoma,United States,US,Central
US-Edmonds,Edmonds,Washington,United States,US,West
US-El Cajon,El Cajon,California,United States,US,West
US-El Paso,El Paso,Texas,United States,US,Central
US-Elkhart,Elkhart,Indiana,United States,US,Central
US-Elmhurst,Elmhurst,Illinois,United States,US,Central
US-Elyria,Elyria,Ohio,United States,US,East
US-Encinitas,Encinitas,California,United States,US,West
US-Englewood,Englewood,Colorado,United States,US,West
US-Escondido,Escondido,California,United States,US,West
US-Eugene,Eugene,Oregon,United States,US,West
US-Evanston,Evanston,Illinois,United States,US,Central
US-Everett,Everett,Massachusetts,United States,US,East
US-Fairfield,Fairfield,Ohio,United States,US,East
US-Fargo,Fargo,North Dakota,United States,US,Central
US-Farmington,Farmington,New Mexico,United States,US,West
US-Fayetteville,Fayetteville,North Carolina,United States,US,South
US-Florence,Florence,Kentucky,United States,US,South
US-Fort Collins,Fort Collins,Colorado,United States,US,West
US-Fort Lauderdale,Fort Lauderdale,Florida,United States,US,South
US-Fort Worth,Fort Worth,Texas,United States,US,Central
US-Frankfort,Frankfort,Illinois,United States,US,Central
US-Franklin,Franklin,Wisconsin,United States,US,Central
US-Freeport,Freeport,New York,United States,US,East
US-Fremont,Fremont,Nebraska,United States,US,Central
US-Fresno,Fresno,California,United States,US,West
US-Frisco,Frisco,Texas,United States,US,Central
US-Gaithersburg,Gaithersburg,Maryland,United States,US,East
US-Garden City,Garden City,Kansas,United States,US,Central
US-Garland,Garland,Texas,United States,US,Central
US-Gastonia,Gastonia,North Carolina,United States,US,South
US-Georgetown,Georgetown,Kentucky,United States,US,South
US-Gilbert,Gilbert,Arizona,United States,US,West
US-Gladstone,Gladstone,Missouri,United States,US,Central
US-Glendale,Glendale,Arizona,United States,US,West
US-Glenview,Glenview,Illinois,United States,US,Central
US-Goldsboro,Goldsboro,North Carolina,United States,US,South
US-Grand Island,Grand Island,Nebraska,United States,US,Central
US-Grand Prairie,Grand Prairie,Texas,United States,US,Central
US-Grand Rapids,Grand Rapids,Michigan,United States,US,Central
US-Grapevine,Grapevine,Texas,United States,US,Central
US-Great Falls,Great Falls,Montana,United States,US,West
US-Greeley,Greeley,Colorado,United States,US,West
US-Green Bay,Green Bay,Wisconsin,United States,US,Central
US-Greensboro,Greensboro,North Carolina,United States,US,South
US-Greenville,Greenville,North Carolina,United States,US,South
US-Greenwood,Greenwood,Indiana,United States,US,Central
US-Gresham,Gresham,Oregon,United States,US,West
US-Grove City,Grove City,Ohio,United States,US,East
US-Gulfport,Gulfport,Mississippi,United States,US,South
US-Hackensack,Hackensack,New Jersey,United States,US,East
US-Hagerstown,Hagerstown,Maryland,United States,US,East
US-Haltom City,Haltom City,Texas,United States,US,Central
US-Hamilton,Hamilton,Ohio,United States,US,East
US-Hampton,Hampton,Virginia,United States,US,South
US-Harlingen,Harlingen,Texas,United States,US,Central
US-Harrisonburg,Harrisonburg,Virginia,United States,US,South
US-Hattiesburg,Hattiesburg,Mississippi,United States,US,South
US-Helena,Helena,Montana,United States,US,West
US-Hempstead,Hempstead,New York,United States,US,East
US-Henderson,Henderson,Kentucky,United States,US,South
US-Hendersonville,Hendersonville,Tennessee,United States,US,South
US-Hesperia,Hesperia,California,United States,US,West
US-Hialeah,Hialeah,Florida,United States,US,South
US-Hickory,Hickory,North Carolina,United States,US,South
US-Highland Park,Highland Park,Illinois,United States,US,Central
US-Hillsboro,Hillsboro,Oregon,United States,US,West
US-Holland,Holland,Michigan,United States,US,Central
US-Hollywood,Hollywood,Florida,United States,US,South
US-Holyoke,Holyoke,Massachusetts,United States,US,East
US-Homestead,Homestead,Florida,United States,US,South
US-Hoover,Hoover,Alabama,United States,US,South
US-Hot Springs,Hot Springs,Arkansas,United States,US,South
US-Houston,Houston,Texas,United States,US,Central
US-Huntington Beach,Huntington Beach,California,United States,US,West
US-Huntsville,Huntsville,Alabama,United States,US,South
US-Independence,Independence,Missouri,United States,US,Central
US-Indianapolis,Indianapolis,Indiana,United States,US,Central
US-Inglewood,Inglewood,California,United States,US,West
US-Iowa City,Iowa City,Iowa,United States,US,Central
US-Irving,Irving,Texas,United States,US,Central
US-Jackson,Jackson,Michigan,United States,US,Central
US-Jacksonville,Jacksonville,Florida,United States,US,South
US-Jamestown,Jamestown,New York,United States,US,East
US-Jefferson City,Jefferson City,Missouri,United States,US,Central
US-Johnson City,Johnson City,Tennessee,United States,US,South
US-Jonesboro,Jonesboro,Arkansas,United States,US,South
US-Jupiter,Jupiter,Florida,United States,US,South
US-Keller,Keller,Texas,United States,US,Central
US-Kenner,Kenner,Louisiana,United States,US,South
US-Kenosha,Kenosha,Wisconsin,United States,US,Central
US-Kent,Kent,Washington,United States,US,West
US-Kirkwood,Kirkwood,Missouri,United States,US,Central
US-Kissimmee,Kissimmee,Florida,United States,US,South
US-Knoxville,Knoxville,Tennessee,United States,US,South
US-La Crosse,La Crosse,Wisconsin,United States,US,Central
US-La Mesa,La Mesa,California,United States,US,West
US-La Porte,La Porte,Indiana,United States,US,Central
US-La Quinta,La Quinta,California,United States,US,West
US-Lafayette,Lafayette,Indiana,United States,US,Central
US-Laguna Niguel,Laguna Niguel,California,United States,US,West
US-Lake Charles,Lake Charles,Louisiana,United States,US,South
US-Lake Elsinore,Lake Elsinore,California,United States,US,West
US-Lake Forest,Lake Forest,California,United States,US,West
US-Lakeland,Lakeland,Florida,United States,US,South
US-Lakeville,Lakeville,Minnesota,United States,US,Central
US-Lakewood,Lakewood,New Jersey,United States,US,East
US-Lancaster,Lancaster,Ohio,United States,US,East
US-Lansing,Lansing,Michigan,United States,US,Central
US-Laredo,Laredo,Texas,United States,US,Central
US-Las Cruces,Las Cruces,New Mexico,United States,US,West
US-Las Vegas,Las Vegas,Nevada,United States,US,West
US-Laurel,Laurel,Maryland,United States,US,East
US-Lawrence,Lawrence,Massachusetts,United States,US,East
US-Lawton,Lawton,Oklahoma,United States,US,Central
US-Layton,Layton,Utah,United States,US,West
US-League City,League City,Texas,United States,US,Central
US-Lebanon,Lebanon,Tennessee,United States,US,South
US-Lehi,Lehi,Utah,United States,US,West
US-Leominster,Leominster,Massachusetts,United States,US,East
US-Lewiston,Lewiston,Maine,United States,US,East
US-Lincoln Park,Lincoln Park,Michigan,United States,US,Central
US-Linden,Linden,New Jersey,United States,US,East
US-Lindenhurst,Lindenhurst,New York,United States,US,East
US-Little Rock,Little Rock,Arkansas,United States,US,South
US-Littleton,Littleton,Colorado,United States,US,West
US-Lodi,Lodi,California,United States,US,West
US-Logan,Logan,Utah,United States,US,West
US-Long Beach,Long Beach,California,United States,US,West
US-Longmont,Longmont,Colorado,United States,US,West
US-Longview,Longview,Washington,United States,US,West
US-Lorain,Lorain,Ohio,United States,US,East
US-Los Angeles,Los Angeles,California,United States,US,West
US-Louisville,Louisville,Kentucky,United States,US,South
US-Loveland,Loveland,Colorado,United States,US,West
US-Lowell,Lowell,Massachusetts,United States,US,East
US-Lubbock,Lubbock,Texas,United States,US,Central
US-Macon,Macon,Georgia,United States,US,South
US-Madison,Madison,Wisconsin,United States,US,Central
US-Malden,Malden,Massachusetts,United States,US,East
US-Manchester,Manchester,Connecticut,United States,US,East
US-Manhattan,Manhattan,Kansas,United States,US,Central
US-Mansfield,Mansfield,Texas,United States,US,Central
US-Manteca,Manteca,California,United States,US,West
US-Maple Grove,Maple Grove,Minnesota,United States,US,Central
US-Margate,Margate,Florida,United States,US,South
US-Marietta,Marietta,Georgia,United States,US,South
US-Marion,Marion,Ohio,United States,US,East
US-Marlborough,Marlborough,Massachusetts,United States,US,East
US-Marysville,Marysville,Washington,United States,US,West
US-Mason,Mason,Ohio,United States,US,East
US-Mcallen,Mcallen,Texas,United States,US,Central
US-Medford,Medford,Oregon,United States,US,West
US-Medina,Medina,Ohio,United States,US,East
US-Melbourne,Melbourne,Florida,United States,US,South
US-Memphis,Memphis,Tennessee,United States,US,South
US-Mentor,Mentor,Ohio,United States,US,East
US-Meriden,Meriden,Connecticut,United States,US,East
US-Meridian,Meridian,Idaho,United States,US,West
US-Mesa,Mesa,Arizona,United States,US,West
US-Mesquite,Mesquite,Texas,United States,US,Central
US-Miami,Miami,Florida,United States,US,South
US-Middletown,Middletown,Connecticut,United States,US,East
US-Midland,Midland,Michigan,United States,US,Central
US-Milford,Milford,Connecticut,United States,US,East
US-Milwaukee,Milwaukee,Wisconsin,United States,US,Central
US-Minneapolis,Minneapolis,Minnesota,United States,US,Central
US-Miramar,Miramar,Florida,United States,US,South
US-Mishawaka,Mishawaka,Indiana,United States,US,Central
US-Mission Viejo,Mission Viejo,California,United States,US,West
US-Missoula,Missoula,Montana,United States,US,West
US-Missouri City,Missouri City,Texas,United States,US,Central
US-Mobile,Mobile,Alabama,United States,US,South
US-Modesto,Modesto,California,United States,US,West
US-Monroe,Monroe,Louisiana,United States,US,South
US-Montebello,Montebello,California,United States,US,West
US-Montgomery,Montgomery,Alabama,United States,US,South
US-Moorhead,Moorhead,Minnesota,United States,US,Central
US-Moreno Valley,Moreno Valley,California,United States,US,West
US-Morgan Hill,Morgan Hill,California,United States,US,West
US-Morristown,Morristown,New Jersey,United States,US,East
US-Mount Pleasant,Mount Pleasant,South Carolina,United States,US,South
US-Mount Vernon,Mount Vernon,New York,United States,US,East
US-Murfreesboro,Murfreesboro,Tennessee,United States,US,South
US-Murray,Murray,Kentucky,United States,US,South
US-Murrieta,Murrieta,California,United States,US,West
US-Muskogee,Muskogee,Oklahoma,United States,US,Central
US-Naperville,Naperville,Illinois,United States,US,Central
US-Nashua,Nashua,New Hampshire,United States,US,East
US-Nashville,Nashville,Tennessee,United States,US,South
US-New Albany,New Albany,Indiana,United States,US,Central
US-New Bedford,New Bedford,Massachusetts,United States,US,East
US-New Brunswick,New Brunswick,New Jersey,United States,US,East
US-New Castle,New Castle,Indiana,United States,US,Central
US-New Rochelle,New Rochelle,New York,United States,US,East
US-New York City,New York City,New York,United States,US,East
US-Newark,Newark,Delaware,United States,US,East
US-Newport News,Newport News,Virginia,United States,US,South
US-Niagara Falls,Niagara Falls,New York,United States,US,East
US-Noblesville,Noblesville,Indiana,United States,US,Central
US-Norfolk,Norfolk,Nebraska,United States,US,Central
US-Normal,Normal,Illinois,United States,US,Central
US-Norman,Norman,Oklahoma,United States,US,Central
US-North Charleston,North Charleston,South Carolina,United States,US,South
US-North Las Vegas,North Las Vegas,Nevada,United States,US,West
US-North Miami,North Miami,Florida,United States,US,South
US-Norwich,Norwich,Connecticut,United States,US,East
US-Oak Park,Oak Park,Michigan,United States,US,Central
US-Oakland,Oakland,California,United States,US,West
US-Oceanside,Oceanside,New York,United States,US,East
US-Odessa,Odessa,Texas,United States,US,Central
US-Oklahoma City,Oklahoma City,Oklahoma,United States,US,Central
US-Olathe,Olathe,Kansas,United States,US,Central
US-Olympia,Olympia,Washington,United States,US,West
US-Omaha,Omaha,Nebraska,United States,US,Central
US-Ontario,Ontario,California,United States,US,West
US-Orange,Orange,New Jersey,United States,US,East
US-Orem,Orem,Utah,United States,US,West
US-Orland Park,Orland Park,Illinois,United States,US,Central
US-Orlando,Orlando,Florida,United States,US,South
US-Ormond Beach,Ormond Beach,Florida,United States,US,South
US-Oswego,Oswego,Illinois,United States,US,Central
US-Overland Park,Overland Park,Kansas,United States,US,Central
US-Owensboro,Owensboro,Kentucky,United States,US,South
US-Oxnard,Oxnard,California,United States,US,West
US-Palatine,Palatine,Illinois,United States,US,Central
US-Palm Coast,Palm Coast,Florida,United States,US,South
US-Park Ridge,Park Ridge,Illinois,United States,US,Central
US-Parker,Parker,Colorado,United States,US,West
US-Parma,Parma,Ohio,United States,US,East
US-Pasadena,Pasadena,Texas,United States,US,Central
US-Pasco,Pasco,Washington,United States,US,West
US-Passaic,Passaic,New Jersey,United States,US,East
US-Paterson,Paterson,New Jersey,United States,US,East
US-Pearland,Pearland,Texas,United States,US,Central
US-Pembroke Pines,Pembroke Pines,Florida,United States,US,South
US-Pensacola,Pensacola,Florida,United States,US,South
US-Peoria,Peoria,Illinois,United States,US,Central
US-Perth Amboy,Perth Amboy,New Jersey,United States,US,East
US-Pharr,Pharr,Texas,United States,US,Central
US-Philadelphia,Philadelphia,Pennsylvania,United States,US,East
US-Phoenix,Phoenix,Arizona,United States,US,West
US-Pico Rivera,Pico Rivera,California,United States,US,West
US-Pine Bluff,Pine Bluff,Arkansas,United States,US,South
US-Plainfield,Plainfield,New Jersey,United States,US,East
US-Plano,Plano,Texas,United States,US,Central
US-Plantation,Plantation,Florida,United States,US,South
US-Pleasant Grove,Pleasant Grove,Utah,United States,US,West
US-Pocatello,Pocatello,Idaho,United States,US,West
US-Pomona,Pomona,California,United States,US,West
US-Pompano Beach,Pompano Beach,Florida,United States,US,South
US-Port Arthur,Port Arthur,Texas,United States,US,Central
US-Port Orange,Port Orange,Florida,United States,US,South
US-Port Saint Lucie,Port Saint Lucie,Florida,United States,US,South
US-Portage,Portage,Indiana,United States,US,Central
US-Portland,Portland,Oregon,United States,US,West
US-Providence,Providence,Rhode Island,United States,US,East
US-Provo,Provo,Utah,United States,US,West
US-Pueblo,Pueblo,Colorado,United States,US,West
US-Quincy,Quincy,Massachusetts,United States,US,East
US-Raleigh,Raleigh,North Carolina,United States,US,South
US-Rancho Cucamonga,Rancho Cucamonga,California,United States,US,West
US-Rapid City,Rapid City,South Dakota,United States,US,Central
US-Reading,Reading,Pennsylvania,United States,US,East
US-Redding,Redding,California,United States,US,West
US-Redlands,Redlands,California,United States,US,West
US-Redmond,Redmond,Oregon,United States,US,West
US-Redondo Beach,Redondo Beach,California,United States,US,West
US-Redwood City,Redwood City,California,United States,US,West
US-Reno,Reno,Nevada,United States,US,West
US-Renton,Renton,Washington,United States,US,West
US-Revere,Revere,Massachusetts,United States,US,East
US-Richardson,Richardson,Texas,United States,US,Central
US-Richmond,Richmond,Virginia,United States,US,South
US-Rio Rancho,Rio Rancho,New Mexico,United States,US,West
US-Riverside,Riverside,California,United States,US,West
US-Rochester,Rochester,New York,United States,US,East
US-Rochester Hills,Rochester Hills,Michigan,United States,US,Central
US-Rock Hill,Rock Hill,South Carolina,United States,US,South
US-Rockford,Rockford,Illinois,United States,US,Central
US-Rockville,Rockville,Maryland,United States,US,East
US-Rogers,Rogers,Arkansas,United States,US,South
US-Rome,Rome,New York,United States,US,East
US-Romeoville,Romeoville,Illinois,United States,US,Central
US-Roseville,Roseville,Minnesota,United States,US,Central
US-Roswell,Roswell,Georgia,United States,US,South
US-Round Rock,Round Rock,Texas,United States,US,Central
US-Royal Oak,Royal Oak,Michigan,United States,US,Central
US-Sacramento,Sacramento,California,United States,US,West
US-Saginaw,Saginaw,Michigan,United States,US,Central
US-Saint Charles,Saint Charles,Illinois,United States,US,Central
US-Saint Cloud,Saint Cloud,Minnesota,United States,US,Central
US-Saint Louis,Saint Louis,Missouri,United States,US,Central
US-Saint Paul,Saint Paul,Minnesota,United States,US,Central
US-Saint Peters,Saint Peters,Missouri,United States,US,Central
US-Saint Petersburg,Saint Petersburg,Florida,United States,US,South
US-Salem,Salem,Oregon,United States,US,West
US-Salinas,Salinas,California,United States,US,West
US-Salt Lake City,Salt Lake City,Utah,United States,US,West
US-San Angelo,San Angelo,Texas,United States,US,Central
US-San Antonio,San Antonio,Texas,United States,US,Central
US-San Bernardino,San Bernardino,California,United States,US,West
US-San Clemente,San Clemente,California,United States,US,West
US-San Diego,San Diego,California,United States,US,West
US-San Francisco,San Francisco,California,United States,US,West
US-San Gabriel,San Gabriel,California,United States,US,West
US-San Jose,San Jose,California,United States,US,West
US-San Luis Obispo,San Luis Obispo,California,United States,US,West
US-San Marcos,San Marcos,Texas,United States,US,Central
US-San Mateo,San Mateo,California,United States,US,West
US-Sandy Springs,Sandy Springs,Georgia,United States,US,South
US-Sanford,Sanford,Florida,United States,US,South
US-Santa Ana,Santa Ana,California,United States,US,West
US-Santa Barbara,Santa Barbara,California,United States,US,West
US-Santa Clara,Santa Clara,California,United States,US,West
US-Santa Fe,Santa Fe,New Mexico,United States,US,West
US-Santa Maria,Santa Maria,California,United States,US,West
US-Scottsdale,Scottsdale,Arizona,United States,US,West
US-Seattle,Seattle,Washington,United States,US,West
US-Sheboygan,Sheboygan,Wisconsin,United States,US,Central
US-Shelton,Shelton,Connecticut,United States,US,East
US-Sierra Vista,Sierra Vista,Arizona,United States,US,West
US-Sioux Falls,Sioux Falls,South Dakota,United States,US,Central
US-Skokie,Skokie,Illinois,United States,US,Central
US-Smyrna,Smyrna,Georgia,United States,US,South
US-South Bend,South Bend,Indiana,United States,US,Central
US-Southaven,Southaven,Mississippi,United States,US,South
US-Sparks,Sparks,Nevada,United States,US,West
US-Spokane,Spokane,Washington,United States,US,West
US-Springdale,Springdale,Arkansas,United States,US,South
US-Springfield,Springfield,Missouri,United States,US,Central
US-Sterling Heights,Sterling Heights,Michigan,United States,US,Central
US-Stockton,Stockton,California,United States,US,West
US-Suffolk,Suffolk,Virginia,United States,US,South
US-Summerville,Summerville,South Carolina,United States,US,South
US-Sunnyvale,Sunnyvale,California,United States,US,West
US-Superior,Superior,Wisconsin,United States,US,Central
US-Tallahassee,Tallahassee,Florida,United States,US,South
US-Tamarac,Tamarac,Florida,United States,US,South
US-Tampa,Tampa,Florida,United States,US,South
US-Taylor,Taylor,Michigan,United States,US,Central
US-Temecula,Temecula,California,United States,US,West
US-Tempe,Tempe,Arizona,United States,US,West
US-Texarkana,Texarkana,Arkansas,United States,US,South
US-Texas City,Texas City,Texas,United States,US,Central
US-The Colony,The Colony,Texas,United States,US,Central
US-Thomasville,Thomasville,North Carolina,United States,US,South
US-Thornton,Thornton,Colorado,United States,US,West
US-Thousand Oaks,Thousand Oaks,California,United States,US,West
US-Tigard,Tigard,Oregon,United States,US,West
US-Tinley Park,Tinley Park,Illinois,United States,US,Central
US-Toledo,Toledo,Ohio,United States,US,East
US-Torrance,Torrance,California,United States,US,West
US-Trenton,Trenton,Michigan,United States,US,Central
US-Troy,Troy,Ohio,United States,US,East
US-Tucson,Tucson,Arizona,United States,US,West
US-Tulsa,Tulsa,Oklahoma,United States,US,Central
US-Tuscaloosa,Tuscaloosa,Alabama,United States,US,South
US-Twin Falls,Twin Falls,Idaho,United States,US,West
US-Tyler,Tyler,Texas,United States,US,Central
US-Urbandale,Urbandale,Iowa,United States,US,Central
US-Utica,Utica,New York,United States,US,East
US-Vacaville,Vacaville,California,United States,US,West
US-Vallejo,Vallejo,California,United States,US,West
US-Vancouver,Vancouver,Washington,United States,US,West
US-Vineland,Vineland,New Jersey,United States,US,East
US-Virginia Beach,Virginia Beach,Virginia,United States,US,South
US-Visalia,Visalia,California,United States,US,West
US-Waco,Waco,Texas,United States,US,Central
US-Warner Robins,Warner Robins,Georgia,United States,US,South
US-Warwick,Warwick,Rhode Island,United States,US,East
US-Washington,Washington,District of Columbia,United States,US,East
US-Waterbury,Waterbury,Connecticut,United States,US,East
US-Waterloo,Waterloo,Iowa,United States,US,Central
US-Watertown,Watertown,New York,United States,US,East
US-Waukesha,Waukesha,Wisconsin,United States,US,Central
US-Wausau,Wausau,Wisconsin,United States,US,Central
US-Waynesboro,Waynesboro,Virginia,United States,US,South
US-West Allis,West Allis,Wisconsin,United States,US,Central
US-West Jordan,West Jordan,Utah,United States,US,West
US-West Palm Beach,West Palm Beach,Florida,United States,US,South
US-Westfield,Westfield,New Jersey,United States,US,East
US-Westland,Westland,Michigan,United States,US,Central
US-Westminster,Westminster,California,United States,US,West
US-Wheeling,Wheeling,West Virginia,United States,US,East
US-Whittier,Whittier,California,United States,US,West
US-Wichita,Wichita,Kansas,United States,US,Central
US-Wilmington,Wilmington,Delaware,United States,US,East
US-Wilson,Wilson,North Carolina,United States,US,South
US-Woodbury,Woodbury,Minnesota,United States,US,Central
US-Woodland,Woodland,California,United States,US,West
US-Woodstock,Woodstock,Georgia,United States,US,South
US-Woonsocket,Woonsocket,Rhode Island,United States,US,East
US-Yonkers,Yonkers,New York,United States,US,East
US-York,York,Pennsylvania,United States,US,East
US-Yucaipa,Yucaipa,California,United States,US,West
US-Yuma,Yuma,Arizona,United States,US,West
