Product_ID,Category,Sub_Category,Product_Name
TEC-AC-10003033,Technology,Accessories,Plantronics CS510 - Over-the-Head monaural Wireless Headset System
FUR-CH-10003950,Furniture,Chairs,Novimex Executive Leather Armchair
TEC-PH-10004664,Technology,Phones,Nokia Smart Phone
TEC-PH-10004583,Technology,Phones,Motorola Smart Phone
TEC-SHA-10000501,Technology,Copiers,Sharp Wireless Fax
TEC-PH-10000030,Technology,Phones,Samsung Smart Phone
FUR-CH-10004050,Furniture,Chairs,Novimex Executive Leather Armchair
FUR-TA-10002958,Furniture,Tables,Chromcraft Conference Table
OFF-BI-10003527,Office Supplies,Binders,Fellowes PB500 Electric Punch Plastic Comb Binding Machine with Manual Bind
FUR-TA-10000198,Furniture,Tables,Chromcraft Bull-Nose Wood Oval Conference Tables & Bases
OFF-SU-10002881,Office Supplies,Supplies,Martin Yale Chadless Opener Electric Letter Opener
FUR-TA-10001889,Furniture,Tables,Bevis Conference Table
TEC-CIS-10001717,Technology,Phones,Cisco Smart Phone
FUR-CH-10002033,Furniture,Chairs,Harbour Creations Executive Leather Armchair
OFF-AP-10003500,Office Supplies,Appliances,KitchenAid Microwave
OFF-AP-10000423,Office Supplies,Appliances,Breville Refrigerator
TEC-AC-10004145,Technology,Accessories,Logitech diNovo Edge Keyboard
OFF-AP-10004512,Office Supplies,Appliances,Hoover Stove
TEC-CO-10000865,Technology,Copiers,Brother Fax Machine
OFF-KIT-10004058,Office Supplies,Appliances,KitchenAid Stove
FUR-HON-10000224,Furniture,Tables,Hon Computer Table
TEC-PH-10001363,Technology,Phones,Apple iPhone 5S
FUR-CH-10000027,Furniture,Chairs,SAFCO Executive Leather Armchair
OFF-AP-10003590,Office Supplies,Appliances,KitchenAid Refrigerator
TEC-PH-10004182,Technology,Phones,Motorola Smart Phone
FUR-TA-10002827,Furniture,Tables,Hon Computer Table
FUR-TA-10004744,Furniture,Tables,Lesro Conference Table
TEC-PH-10002885,Technology,Phones,Apple iPhone 5
FUR-CH-10001415,Furniture,Chairs,Office Star Executive Leather Armchair
TEC-PH-10002815,Technology,Phones,Samsung Smart Phone
TEC-MA-10000161,Technology,Machines,Okidata Inkjet
FUR-CH-10002024,Furniture,Chairs,HON 5400 Series Task Chairs for Big and Tall
OFF-AP-10004246,Office Supplies,Appliances,Breville Stove
FUR-TA-10003473,Furniture,Tables,Bretford Rectangular Conference Table Tops
TEC-APP-10000308,Technology,Phones,Apple Smart Phone
TEC-MA-10003979,Technology,Machines,Ativa V4110MDD Micro-Cut Shredder
TEC-MA-10004125,Technology,Machines,Cubify CubeX 3D Printer Triple Head Print
TEC-CO-10000013,Technology,Copiers,Brother Fax Machine
TEC-PH-10000499,Technology,Phones,Motorola Smart Phone
TEC-PH-10003856,Technology,Phones,Motorola Smart Phone
FUR-BO-10004852,Furniture,Bookcases,Sauder Classic Bookcase
OFF-AP-10000486,Office Supplies,Appliances,Cuisinart Stove
OFF-BI-10001120,Office Supplies,Binders,Ibico EPK-21 Electric Binding System
FUR-CH-10003365,Furniture,Chairs,Office Star Executive Leather Armchair
FUR-CH-10000602,Furniture,Chairs,Novimex Executive Leather Armchair
TEC-MA-10002680,Technology,Machines,Konica Inkjet
FUR-CH-10000891,Furniture,Chairs,Harbour Creations Executive Leather Armchair
TEC-CAN-10003392,Technology,Copiers,Canon Copy Machine
TEC-CO-10001449,Technology,Copiers,Hewlett Packard LaserJet 3310 Copier
FUR-BO-10001372,Furniture,Bookcases,Safco Classic Bookcase
TEC-MOT-10002272,Technology,Phones,Motorola Smart Phone
TEC-CO-10004997,Technology,Copiers,Hewlett Wireless Fax
TEC-CO-10001766,Technology,Copiers,Canon PC940 Copier
FUR-TA-10000226,Furniture,Tables,Chromcraft Conference Table
OFF-AP-10002244,Office Supplies,Appliances,Breville Refrigerator
TEC-PH-10001459,Technology,Phones,Samsung Galaxy Mega 6.3
FUR-BO-10001073,Furniture,Bookcases,Safco Classic Bookcase
TEC-MA-10000045,Technology,Machines,Zebra ZM400 Thermal Label Printer
TEC-PH-10002035,Technology,Phones,Samsung Smart Phone
TEC-PH-10002565,Technology,Phones,Apple Audio Dock
OFF-AP-10002945,Office Supplies,Appliances,Honeywell Enviracaire Portable HEPA Air Cleaner for 17' x 22' Room
FUR-BO-10004999,Furniture,Bookcases,Safco Classic Bookcase
FUR-TA-10001205,Furniture,Tables,Chromcraft Wood Table
TEC-PH-10004196,Technology,Phones,Samsung Smart Phone
FUR-CHR-10001018,Furniture,Tables,Chromcraft Round Table
FUR-CH-10003232,Furniture,Chairs,Harbour Creations Executive Leather Armchair
OFF-AP-10001630,Office Supplies,Appliances,Hamilton Beach Microwave
FUR-HAR-10002873,Furniture,Chairs,Harbour Creations Executive Leather Armchair
FUR-TA-10000687,Furniture,Tables,Bevis Conference Table
TEC-PH-10004505,Technology,Phones,Nokia Smart Phone
TEC-PH-10002683,Technology,Phones,Apple Smart Phone
TEC-CO-10002269,Technology,Copiers,Brother Ink
TEC-CO-10002526,Technology,Copiers,Sharp Wireless Fax
FUR-CH-10002891,Furniture,Chairs,Hon Executive Leather Armchair
TEC-CAN-10001437,Technology,Copiers,Canon Wireless Fax
OFF-BI-10004995,Office Supplies,Binders,GBC DocuBind P400 Electric Binding System
TEC-PH-10004327,Technology,Phones,Motorola Smart Phone
OFF-AP-10001621,Office Supplies,Appliances,Hamilton Beach Refrigerator
OFF-HOO-10001881,Office Supplies,Appliances,Hoover Stove
TEC-CO-10001954,Technology,Copiers,Brother Wireless Fax
FUR-BO-10003282,Furniture,Bookcases,Ikea Classic Bookcase
TEC-CO-10003102,Technology,Copiers,Canon Copy Machine
FUR-TA-10003392,Furniture,Tables,Global Adaptabilities Conference Tables
OFF-AP-10002552,Office Supplies,Appliances,Hamilton Beach Stove
TEC-MOT-10000554,Technology,Phones,Motorola Smart Phone
FUR-TA-10003627,Furniture,Tables,Bevis Conference Table
FUR-BO-10001133,Furniture,Bookcases,Ikea Classic Bookcase
TEC-MA-10003515,Technology,Machines,Panasonic Printer
OFF-AP-10002904,Office Supplies,Appliances,Hamilton Beach Refrigerator
TEC-MOT-10003348,Technology,Phones,Motorola Smart Phone
TEC-PH-10001990,Technology,Phones,Cisco Smart Phone
TEC-PH-10002898,Technology,Phones,Samsung Smart Phone
TEC-CO-10001633,Technology,Copiers,Sharp Fax Machine
TEC-PH-10002623,Technology,Phones,Cisco Smart Phone
FUR-TA-10004575,Furniture,Tables,Hon 5100 Series Wood Tables
FUR-BO-10001498,Furniture,Bookcases,Dania Classic Bookcase
OFF-AP-10003598,Office Supplies,Appliances,Breville Refrigerator
FUR-CH-10001582,Furniture,Chairs,Office Star Executive Leather Armchair
TEC-MA-10001047,Technology,Machines,3D Systems Cube Printer
TEC-PH-10000505,Technology,Phones,Apple Smart Phone
FUR-BO-10002003,Furniture,Bookcases,Sauder Classic Bookcase
TEC-CO-10001775,Technology,Copiers,Sharp Wireless Fax
OFF-AP-10000647,Office Supplies,Appliances,Hoover Refrigerator
TEC-MA-10004002,Technology,Machines,Zebra GX420t Direct Thermal/Thermal Transfer Printer
TEC-CO-10001926,Technology,Copiers,Hewlett Wireless Fax
OFF-ST-10001496,Office Supplies,Storage,Standard Rollaway File with Lock
FUR-CH-10002203,Furniture,Chairs,SAFCO Executive Leather Armchair
FUR-BO-10001934,Furniture,Bookcases,Bush Library with Doors
TEC-CO-10000562,Technology,Copiers,HP Wireless Fax
TEC-MA-10001127,Technology,Machines,"HP Designjet T520 Inkjet Large Format Printer - 24"" Color"
OFF-BI-10000545,Office Supplies,Binders,GBC Ibimaster 500 Manual ProClick Binding System
TEC-CO-10002035,Technology,Copiers,Canon Wireless Fax
TEC-CO-10004099,Technology,Copiers,Sharp Fax Machine
TEC-PH-10003002,Technology,Phones,Cisco Smart Phone
FUR-TA-10001932,Furniture,Tables,"Chromcraft 48"" x 96"" Racetrack Double Pedestal Table"
TEC-CO-10004722,Technology,Copiers,Canon imageCLASS 2200 Advanced Copier
FUR-CH-10000749,Furniture,Chairs,Office Star - Ergonomic Mid Back Chair with 2-Way Adjustable Arms
TEC-CO-10004398,Technology,Copiers,Brother Copy Machine
TEC-CO-10004535,Technology,Copiers,Hewlett Fax Machine
TEC-AC-10000420,Technology,Accessories,Belkin Router
FUR-BO-10001212,Furniture,Bookcases,Safco Classic Bookcase
TEC-PH-10001670,Technology,Phones,Motorola Smart Phone
FUR-CH-10001215,Furniture,Chairs,Global Troy Executive Leather Low-Back Tilter
FUR-BO-10004679,Furniture,Bookcases,Safco Library with Doors
OFF-AP-10001776,Office Supplies,Appliances,Hoover Refrigerator
TEC-MA-10003704,Technology,Machines,StarTech Printer
FUR-CH-10001854,Furniture,Chairs,Office Star - Professional Matrix Back Chair with 2-to-1 Synchro Tilt and Mesh Fabric Seat
TEC-MA-10000984,Technology,Machines,Okidata MB760 Printer
TEC-AC-10000376,Technology,Accessories,Memorex Router
TEC-CO-10003800,Technology,Copiers,Hewlett Wireless Fax
TEC-SAM-10004230,Technology,Phones,Samsung Smart Phone
FUR-CH-10002320,Furniture,Chairs,Hon Pagoda Stacking Chairs
OFF-AP-10002312,Office Supplies,Appliances,KitchenAid Refrigerator
TEC-PH-10000169,Technology,Phones,Apple Smart Phone
FUR-CH-10000595,Furniture,Chairs,Safco Contoured Stacking Chairs
FUR-BO-10000288,Furniture,Bookcases,Safco Classic Bookcase
TEC-AC-10000866,Technology,Accessories,Belkin Router
OFF-AP-10001623,Office Supplies,Appliances,Hoover Stove
FUR-BO-10003541,Furniture,Bookcases,Bush Classic Bookcase
TEC-CO-10004365,Technology,Copiers,HP Wireless Fax
TEC-MA-10000822,Technology,Machines,Lexmark MX611dhe Monochrome Laser Printer
TEC-PH-10000800,Technology,Phones,Cisco Smart Phone
FUR-BO-10004834,Furniture,Bookcases,Riverside Palais Royal Lawyers Bookcase
FUR-TA-10001642,Furniture,Tables,Lesro Round Table
OFF-AP-10001041,Office Supplies,Appliances,Hoover Stove
OFF-AP-10002090,Office Supplies,Appliances,Hamilton Beach Refrigerator
OFF-AP-10002330,Office Supplies,Appliances,Hamilton Beach Stove
TEC-CIS-10002344,Technology,Phones,Cisco Smart Phone
FUR-TA-10002153,Furniture,Tables,Lesro Round Table
OFF-AP-10004964,Office Supplies,Appliances,Hoover Stove
TEC-AC-10003832,Technology,Accessories,Logitech P710e Mobile Speakerphone
FUR-CH-10002061,Furniture,Chairs,Harbour Creations Executive Leather Armchair
TEC-PH-10002759,Technology,Phones,Cisco Smart Phone
TEC-PH-10001699,Technology,Phones,Samsung Smart Phone
TEC-MA-10000418,Technology,Machines,Cubify CubeX 3D Printer Double Head Print
TEC-PH-10001494,Technology,Phones,Polycom CX600 IP Phone VoIP phone
FUR-BO-10000490,Furniture,Bookcases,Bush Library with Doors
TEC-PH-10000018,Technology,Phones,Nokia Smart Phone
FUR-HON-10003533,Furniture,Chairs,Hon Executive Leather Armchair
TEC-AC-10001949,Technology,Accessories,Enermax Router
OFF-HOO-10004910,Office Supplies,Appliances,Hoover Refrigerator
TEC-MA-10001335,Technology,Machines,Epson Printer
FUR-TA-10000347,Furniture,Tables,Hon Computer Table
TEC-PH-10000493,Technology,Phones,Apple Smart Phone
FUR-TA-10003596,Furniture,Tables,Lesro Computer Table
FUR-TA-10003179,Furniture,Tables,Lesro Wood Table
TEC-PH-10001396,Technology,Phones,Nokia Smart Phone
FUR-TA-10003078,Furniture,Tables,Hon Training Table
FUR-CH-10003581,Furniture,Chairs,Hon Executive Leather Armchair
FUR-TA-10000184,Furniture,Tables,Barricks Conference Table
OFF-AP-10001956,Office Supplies,Appliances,Breville Refrigerator
TEC-PH-10002200,Technology,Phones,Samsung Galaxy Note 2
OFF-AP-10003382,Office Supplies,Appliances,Breville Stove
OFF-ST-10002011,Office Supplies,Storage,Smead Adjustable Mobile File Trolley with Lockable Top
OFF-AP-10003917,Office Supplies,Appliances,KitchenAid Stove
OFF-ST-10002900,Office Supplies,Storage,Smead Lockers
TEC-CO-10003819,Technology,Copiers,Sharp Copy Machine
OFF-AP-10000675,Office Supplies,Appliances,Hamilton Beach Stove
FUR-BO-10003404,Furniture,Bookcases,Global Adaptabilites Bookcase
OFF-AP-10001824,Office Supplies,Appliances,Breville Stove
OFF-SME-10000746,Office Supplies,Storage,Smead Lockers
TEC-MA-10003673,Technology,Machines,Hewlett-Packard Desktjet 6988DT Refurbished Printer
OFF-ST-10001490,Office Supplies,Storage,Hot File 7-Pocket
TEC-PH-10001578,Technology,Phones,Polycom SoundStation2 EX Conference phone
TEC-CO-10000208,Technology,Copiers,Brother Wireless Fax
FUR-CH-10003312,Furniture,Chairs,Hon 2090 Pillow Soft Series Mid Back Swivel/Tilt Chairs
TEC-EPS-10000053,Technology,Machines,Epson Receipt Printer
OFF-ST-10004060,Office Supplies,Storage,Fellowes Lockers
TEC-PH-10000303,Technology,Phones,Samsung Smart Phone
FUR-BO-10002708,Furniture,Bookcases,Dania Library with Doors
FUR-BO-10000210,Furniture,Bookcases,Ikea Library with Doors
FUR-BO-10001192,Furniture,Bookcases,Bush Library with Doors
FUR-SAU-10002255,Furniture,Bookcases,Sauder Classic Bookcase
FUR-CH-10000974,Furniture,Chairs,Harbour Creations Executive Leather Armchair
OFF-AP-10003866,Office Supplies,Appliances,Breville Microwave
FUR-CH-10003616,Furniture,Chairs,Novimex Executive Leather Armchair
FUR-CH-10000479,Furniture,Chairs,Harbour Creations Executive Leather Armchair
TEC-CO-10001046,Technology,Copiers,Canon Imageclass D680 Copier / Fax
OFF-HOO-10000318,Office Supplies,Appliances,Hoover Microwave
TEC-NOK-10001283,Technology,Phones,Nokia Smart Phone
OFF-AP-10000407,Office Supplies,Appliances,KitchenAid Refrigerator
OFF-BI-10001359,Office Supplies,Binders,GBC DocuBind TL300 Electric Binding System
FUR-CH-10002335,Furniture,Chairs,Hon GuestStacker Chair
TEC-MA-10001148,Technology,Machines,Okidata MB491 Multifunction Printer
FUR-BAR-10004434,Furniture,Tables,Barricks Wood Table
FUR-BO-10002444,Furniture,Bookcases,Sauder Library with Doors
FUR-BO-10004709,Furniture,Bookcases,Bush Classic Bookcase
TEC-MA-10004772,Technology,Machines,Konica Inkjet
FUR-BAR-10003532,Furniture,Tables,Barricks Conference Table
TEC-CO-10002911,Technology,Copiers,Hewlett Wireless Fax
FUR-TA-10001705,Furniture,Tables,Bush Advantage Collection Round Conference Table
FUR-SAU-10004653,Furniture,Bookcases,Sauder Classic Bookcase
TEC-NOK-10004339,Technology,Phones,Nokia Smart Phone
FUR-TA-10000022,Furniture,Tables,Hon Conference Table
FUR-CH-10000843,Furniture,Chairs,SAFCO Executive Leather Armchair
OFF-AP-10002681,Office Supplies,Appliances,Hamilton Beach Stove
TEC-AC-10002049,Technology,Accessories,Plantronics Savi W720 Multi-Device Wireless Headset System
OFF-BI-10003925,Office Supplies,Binders,Fellowes PB300 Plastic Comb Binding Machine
OFF-AP-10004627,Office Supplies,Appliances,Hamilton Beach Stove
TEC-PH-10001076,Technology,Phones,Nokia Smart Phone
TEC-PH-10001457,Technology,Phones,Apple Smart Phone
TEC-MA-10004534,Technology,Machines,Konica Printer
FUR-BO-10003991,Furniture,Bookcases,Bush Classic Bookcase
OFF-AP-10002793,Office Supplies,Appliances,KitchenAid Stove
FUR-CH-10002093,Furniture,Chairs,Harbour Creations Rocking Chair
FUR-BO-10003103,Furniture,Bookcases,Ikea Classic Bookcase
TEC-CO-10001818,Technology,Copiers,Sharp Wireless Fax
TEC-CO-10002040,Technology,Copiers,Brother Fax Machine
TEC-CO-10001654,Technology,Copiers,Hewlett Wireless Fax
OFF-AP-10002397,Office Supplies,Appliances,Breville Microwave
TEC-CAN-10001853,Technology,Copiers,Canon Fax Machine
FUR-CH-10001207,Furniture,Chairs,Hon Executive Leather Armchair
TEC-PH-10002597,Technology,Phones,Apple Signal Booster
TEC-CO-10002617,Technology,Copiers,Brother Fax Machine
TEC-CO-10000556,Technology,Copiers,HP Wireless Fax
OFF-AP-10000275,Office Supplies,Appliances,Sanyo Counter Height Refrigerator with Crisper
TEC-HEW-10003460,Technology,Copiers,Hewlett Fax and Copier
TEC-PH-10002672,Technology,Phones,Cisco Smart Phone
TEC-PH-10000106,Technology,Phones,Apple Smart Phone
OFF-AP-10003057,Office Supplies,Appliances,Honeywell Enviracaire Portable HEPA Air Cleaner for 16' x 20' Room
TEC-CO-10002095,Technology,Copiers,Hewlett Packard 610 Color Digital Copier / Printer
TEC-SAM-10000345,Technology,Phones,Samsung Audio Dock
TEC-CIS-10002259,Technology,Phones,Cisco Smart Phone
OFF-AP-10004350,Office Supplies,Appliances,KitchenAid Refrigerator
OFF-HOO-10000335,Office Supplies,Appliances,Hoover Microwave
FUR-BO-10004129,Furniture,Bookcases,Sauder Classic Bookcase
OFF-ST-10004597,Office Supplies,Storage,Rogers File Cart
FUR-CH-10001664,Furniture,Chairs,Novimex Swivel Stool
OFF-AP-10003240,Office Supplies,Appliances,Breville Stove
FUR-TA-10000136,Furniture,Tables,Chromcraft Conference Table
FUR-BO-10002866,Furniture,Bookcases,Safco Classic Bookcase
OFF-ST-10004459,Office Supplies,Storage,Tennsco Single-Tier Lockers
FUR-TA-10001276,Furniture,Tables,Lesro Coffee Table
TEC-MA-10002178,Technology,Machines,Cisco CP-7937G Unified IP Conference Station Phone
TEC-APP-10002966,Technology,Phones,Apple Smart Phone
FUR-CH-10000685,Furniture,Chairs,Hon Executive Leather Armchair
FUR-BO-10001541,Furniture,Bookcases,Bush Stackable Bookrack
TEC-CO-10003931,Technology,Copiers,Hewlett Fax Machine
FUR-BO-10001553,Furniture,Bookcases,Sauder Library with Doors
OFF-ST-10004748,Office Supplies,Storage,Smead Lockers
OFF-AP-10000540,Office Supplies,Appliances,Hamilton Beach Refrigerator
TEC-CO-10004567,Technology,Copiers,Brother Fax Machine
FUR-BO-10001749,Furniture,Bookcases,Bush Classic Bookcase
OFF-ROG-10003898,Office Supplies,Storage,Rogers Lockers
TEC-MA-10000864,Technology,Machines,Cisco 9971 IP Video Phone Charcoal
TEC-CO-10002663,Technology,Copiers,Sharp Wireless Fax
TEC-CO-10001419,Technology,Copiers,Hewlett Copy Machine
TEC-CO-10003763,Technology,Copiers,Canon PC1060 Personal Laser Copier
TEC-CO-10000679,Technology,Copiers,Hewlett Personal Copier
FUR-IKE-10001539,Furniture,Bookcases,Ikea Classic Bookcase
TEC-CO-10002376,Technology,Copiers,Hewlett Fax Machine
FUR-TA-10002903,Furniture,Tables,"Bevis Round Bullnose 29"" High Table Top"
OFF-AP-10000136,Office Supplies,Appliances,Hamilton Beach Refrigerator
FUR-BO-10000567,Furniture,Bookcases,Sauder Classic Bookcase
FUR-BO-10001471,Furniture,Bookcases,Sauder Classic Bookcase
OFF-ST-10001758,Office Supplies,Storage,Rogers Lockers
TEC-AC-10003870,Technology,Accessories,Logitech Z-906 Speaker sys - home theater - 5.1-CH
OFF-ST-10004191,Office Supplies,Storage,Tenex Lockers
FUR-TA-10004154,Furniture,Tables,Riverside Furniture Oval Coffee Table
FUR-OFF-10001224,Furniture,Chairs,Office Star Swivel Stool
FUR-BO-10002545,Furniture,Bookcases,Atlantic Metals Mobile 3-Shelf Bookcases
OFF-AP-10004913,Office Supplies,Appliances,KitchenAid Refrigerator
TEC-MA-10002392,Technology,Machines,Konica Card Printer
FUR-TA-10003222,Furniture,Tables,Barricks Wood Table
TEC-AC-10000639,Technology,Accessories,Belkin Router
FUR-TA-10003354,Furniture,Tables,Barricks Conference Table
OFF-BI-10003091,Office Supplies,Binders,GBC DocuBind TL200 Manual Binding Machine
OFF-AP-10001527,Office Supplies,Appliances,Hamilton Beach Microwave
TEC-SAM-10004940,Technology,Phones,Samsung Smart Phone
TEC-CO-10003777,Technology,Copiers,Hewlett Copy Machine
OFF-AP-10001169,Office Supplies,Appliances,Cuisinart Microwave
FUR-BO-10002213,Furniture,Bookcases,DMI Eclipse Executive Suite Bookcases
FUR-BO-10000120,Furniture,Bookcases,Sauder Stackable Bookrack
TEC-PH-10002991,Technology,Phones,Apple Smart Phone
FUR-TA-10000989,Furniture,Tables,Lesro Conference Table
TEC-MA-10004609,Technology,Machines,Okidata Inkjet
TEC-CO-10003448,Technology,Copiers,Canon Personal Copier
TEC-CO-10003496,Technology,Copiers,Brother Wireless Fax
OFF-ST-10003150,Office Supplies,Storage,Smead Lockers
FUR-BO-10004947,Furniture,Bookcases,Safco Stackable Bookrack
FUR-CH-10004694,Furniture,Chairs,Office Star Rocking Chair
FUR-CH-10004669,Furniture,Chairs,Novimex Executive Leather Armchair
FUR-BO-10001196,Furniture,Bookcases,Bush Library with Doors
OFF-KIT-10001380,Office Supplies,Appliances,KitchenAid Microwave
TEC-MA-10000753,Technology,Machines,Epson Printer
OFF-ST-10000624,Office Supplies,Storage,Eldon File Cart
TEC-PH-10002601,Technology,Phones,Motorola Smart Phone
OFF-ROG-10001735,Office Supplies,Storage,Rogers Lockers
FUR-TA-10002256,Furniture,Tables,Hon Wood Table
TEC-CO-10001413,Technology,Copiers,Hewlett Wireless Fax
FUR-LES-10002026,Furniture,Tables,Lesro Conference Table
TEC-MA-10001777,Technology,Machines,Okidata Printer
FUR-CH-10004462,Furniture,Chairs,Hon Executive Leather Armchair
FUR-BO-10002580,Furniture,Bookcases,Safco Classic Bookcase
TEC-PH-10004618,Technology,Phones,Motorola Signal Booster
OFF-ROG-10001101,Office Supplies,Storage,Rogers Shelving
OFF-AP-10002252,Office Supplies,Appliances,Cuisinart Stove
FUR-CH-10000660,Furniture,Chairs,Novimex Executive Leather Armchair
FUR-TA-10001285,Furniture,Tables,Chromcraft Conference Table
OFF-ST-10003741,Office Supplies,Storage,Smead Lockers
FUR-BO-10003046,Furniture,Bookcases,Safco Library with Doors
FUR-TA-10001116,Furniture,Tables,Barricks Conference Table
TEC-PH-10004586,Technology,Phones,Wilson SignalBoost 841262 DB PRO Amplifier Kit
FUR-CH-10002780,Furniture,Chairs,Office Star Executive Leather Armchair
FUR-BO-10004558,Furniture,Bookcases,Sauder Library with Doors
TEC-PH-10003457,Technology,Phones,Cisco Smart Phone
TEC-MEM-10002005,Technology,Accessories,Memorex Router
TEC-CO-10003342,Technology,Copiers,Canon Fax Machine
FUR-CH-10004086,Furniture,Chairs,Hon 4070 Series Pagoda Armless Upholstered Stacking Chairs
FUR-BEV-10004919,Furniture,Tables,Bevis Wood Table
TEC-OKI-10001385,Technology,Machines,Okidata Inkjet
FUR-CH-10003009,Furniture,Chairs,Novimex Swivel Stool
FUR-BO-10002613,Furniture,Bookcases,Atlantic Metals Mobile 4-Shelf Bookcases
OFF-BI-10004519,Office Supplies,Binders,GBC DocuBind P100 Manual Binding Machine
OFF-AP-10001931,Office Supplies,Appliances,Cuisinart Stove
OFF-AP-10001305,Office Supplies,Appliances,Breville Microwave
TEC-CO-10002150,Technology,Copiers,Canon Fax and Copier
TEC-PH-10004823,Technology,Phones,Nokia Smart Phone
FUR-CH-10000051,Furniture,Chairs,Harbour Creations Executive Leather Armchair
FUR-CH-10000454,Furniture,Chairs,Hon Deluxe Fabric Upholstered Stacking Chairs
TEC-PH-10001795,Technology,Phones,ClearOne CHATAttach 160 - speaker phone
FUR-TA-10003268,Furniture,Tables,Lesro Round Table
TEC-AC-10001838,Technology,Accessories,Razer Tiamat Over Ear 7.1 Surround Sound PC Gaming Headset
FUR-BO-10002204,Furniture,Bookcases,Bush Classic Bookcase
TEC-AC-10004571,Technology,Accessories,Logitech Router
FUR-CH-10004095,Furniture,Chairs,SAFCO Executive Leather Armchair
TEC-MA-10000010,Technology,Machines,Hewlett-Packard Deskjet 3050a All-in-One Color Inkjet Printer
OFF-KIT-10003683,Office Supplies,Appliances,KitchenAid Stove
FUR-BO-10000980,Furniture,Bookcases,Bush Library with Doors
FUR-BUS-10004644,Furniture,Bookcases,Bush Library with Doors
TEC-PH-10000730,Technology,Phones,Samsung Galaxy S4 Active
OFF-AP-10002321,Office Supplies,Appliances,Hoover Microwave
TEC-PH-10000896,Technology,Phones,Cisco Signal Booster
TEC-MEM-10002202,Technology,Accessories,Memorex Router
FUR-BO-10001356,Furniture,Bookcases,Ikea Library with Doors
TEC-SHA-10001231,Technology,Copiers,Sharp Wireless Fax
FUR-HON-10001960,Furniture,Tables,Hon Wood Table
FUR-TA-10002966,Furniture,Tables,Chromcraft Computer Table
FUR-BO-10001943,Furniture,Bookcases,Safco Library with Doors
TEC-BRO-10004802,Technology,Copiers,Brother Fax Machine
TEC-PH-10001751,Technology,Phones,Samsung Smart Phone
TEC-PH-10003713,Technology,Phones,Nokia Smart Phone
FUR-BO-10000967,Furniture,Bookcases,Ikea Library with Doors
OFF-AP-10002317,Office Supplies,Appliances,Hamilton Beach Refrigerator
TEC-SHA-10000971,Technology,Copiers,Sharp Fax Machine
FUR-CH-10000546,Furniture,Chairs,Harbour Creations Executive Leather Armchair
TEC-STA-10002497,Technology,Machines,StarTech Card Printer
TEC-CO-10001895,Technology,Copiers,Sharp Wireless Fax
OFF-AP-10002573,Office Supplies,Appliances,Hamilton Beach Stove
FUR-BO-10001255,Furniture,Bookcases,Ikea Library with Doors
FUR-BO-10002990,Furniture,Bookcases,Dania Library with Doors
FUR-TA-10004711,Furniture,Tables,Lesro Conference Table
OFF-AP-10000584,Office Supplies,Appliances,Breville Refrigerator
TEC-PH-10000720,Technology,Phones,Samsung Audio Dock
OFF-SME-10000538,Office Supplies,Storage,Smead File Cart
FUR-BO-10002736,Furniture,Bookcases,Sauder Stackable Bookrack
OFF-CUI-10000682,Office Supplies,Appliances,Cuisinart Stove
TEC-AC-10002244,Technology,Accessories,Enermax Router
TEC-HEW-10003829,Technology,Copiers,Hewlett Wireless Fax
FUR-TA-10003954,Furniture,Tables,Hon 94000 Series Round Tables
OFF-AP-10001593,Office Supplies,Appliances,Cuisinart Microwave
OFF-BRE-10001107,Office Supplies,Appliances,Breville Stove
TEC-MA-10002428,Technology,Machines,Fellowes Powershred HS-440 4-Sheet High Security Shredder
TEC-CO-10003655,Technology,Copiers,Hewlett Wireless Fax
FUR-CH-10001271,Furniture,Chairs,SAFCO Executive Leather Armchair
TEC-CO-10000447,Technology,Copiers,Canon Wireless Fax
FUR-CH-10001332,Furniture,Chairs,Office Star Executive Leather Armchair
FUR-CH-10002573,Furniture,Chairs,Office Star Executive Leather Armchair
OFF-ST-10000704,Office Supplies,Storage,Rogers File Cart
TEC-CO-10003354,Technology,Copiers,Brother Fax Machine
TEC-MA-10002918,Technology,Machines,StarTech Card Printer
FUR-CH-10001588,Furniture,Chairs,Hon Executive Leather Armchair
TEC-MA-10001752,Technology,Machines,Konica Printer
TEC-PH-10004006,Technology,Phones,Nokia Audio Dock
FUR-BO-10000035,Furniture,Bookcases,Dania Classic Bookcase
OFF-AP-10003275,Office Supplies,Appliances,KitchenAid Microwave
OFF-AP-10003561,Office Supplies,Appliances,Breville Microwave
TEC-MA-10000488,Technology,Machines,Bady BDG101FRU Card Printer
TEC-STA-10003330,Technology,Machines,StarTech Printer
TEC-CAN-10000932,Technology,Copiers,Canon Fax Machine
FUR-CH-10000994,Furniture,Chairs,Harbour Creations Rocking Chair
FUR-BO-10003783,Furniture,Bookcases,Dania Library with Doors
OFF-AP-10001329,Office Supplies,Appliances,KitchenAid Stove
TEC-CO-10004563,Technology,Copiers,HP Copy Machine
OFF-HOO-10001783,Office Supplies,Appliances,Hoover Microwave
OFF-AP-10003558,Office Supplies,Appliances,Hoover Refrigerator
FUR-BO-10000170,Furniture,Bookcases,Safco Library with Doors
FUR-TA-10002101,Furniture,Tables,Bevis Conference Table
TEC-PH-10000419,Technology,Phones,Apple Smart Phone
FUR-TA-10001494,Furniture,Tables,Lesro Wood Table
FUR-BO-10001165,Furniture,Bookcases,Bush Library with Doors
FUR-BO-10003697,Furniture,Bookcases,Safco Floating Shelf Set
FUR-HON-10003871,Furniture,Tables,Hon Conference Table
FUR-BO-10001946,Furniture,Bookcases,Sauder 3-Shelf Cabinet
TEC-AC-10004849,Technology,Accessories,SanDisk Router
OFF-AP-10003621,Office Supplies,Appliances,KitchenAid Refrigerator
OFF-AP-10001106,Office Supplies,Appliances,Hamilton Beach Stove
TEC-SAM-10004785,Technology,Phones,Samsung Smart Phone
OFF-ST-10004267,Office Supplies,Storage,Smead File Cart
FUR-TA-10002533,Furniture,Tables,BPI Conference Tables
TEC-STA-10003386,Technology,Machines,StarTech Inkjet
FUR-BO-10004043,Furniture,Bookcases,Dania Classic Bookcase
TEC-PH-10001712,Technology,Phones,Nokia Smart Phone
FUR-BO-10000259,Furniture,Bookcases,Safco Classic Bookcase
TEC-MA-10002927,Technology,Machines,Canon imageCLASS MF7460 Monochrome Digital Laser Multifunction Copier
FUR-TA-10004801,Furniture,Tables,Hon Conference Table
FUR-BO-10004771,Furniture,Bookcases,Ikea Classic Bookcase
TEC-CO-10000971,Technology,Copiers,Hewlett Packard 310 Color Digital Copier
FUR-BO-10001370,Furniture,Bookcases,Sauder Classic Bookcase
FUR-TA-10003748,Furniture,Tables,Bevis 36 x 72 Conference Tables
TEC-CO-10002122,Technology,Copiers,Hewlett Fax Machine
TEC-MA-10002468,Technology,Machines,Panasonic Inkjet
OFF-BRE-10002706,Office Supplies,Appliances,Breville Microwave
FUR-BO-10004388,Furniture,Bookcases,Ikea Library with Doors
OFF-AP-10004201,Office Supplies,Appliances,Breville Refrigerator
OFF-AP-10004511,Office Supplies,Appliances,Cuisinart Refrigerator
TEC-CO-10004961,Technology,Copiers,HP Wireless Fax
TEC-CO-10004089,Technology,Copiers,Canon Copy Machine
OFF-ST-10003716,Office Supplies,Storage,Tennsco Double-Tier Lockers
FUR-TA-10000577,Furniture,Tables,Bretford CR4500 Series Slim Rectangular Table
FUR-BO-10003559,Furniture,Bookcases,Sauder Stackable Bookrack
OFF-HAM-10004896,Office Supplies,Appliances,Hamilton Beach Microwave
FUR-BO-10004842,Furniture,Bookcases,Dania 3-Shelf Cabinet
TEC-AC-10003506,Technology,Accessories,Enermax Router
FUR-TA-10003926,Furniture,Tables,Hon Wood Table
FUR-BO-10002300,Furniture,Bookcases,Dania Classic Bookcase
FUR-BO-10004472,Furniture,Bookcases,Dania Library with Doors
TEC-PH-10001066,Technology,Phones,Apple Smart Phone
TEC-CO-10000847,Technology,Copiers,Canon Personal Copier
FUR-TA-10003569,Furniture,Tables,Bretford CR8500 Series Meeting Room Furniture
FUR-BO-10002812,Furniture,Bookcases,Sauder 3-Shelf Cabinet
FUR-SAU-10001776,Furniture,Bookcases,Sauder Stackable Bookrack
FUR-CHR-10002686,Furniture,Tables,Chromcraft Computer Table
TEC-CO-10000660,Technology,Copiers,Hewlett Copy Machine
TEC-CO-10004170,Technology,Copiers,HP Wireless Fax
OFF-ST-10001478,Office Supplies,Storage,Tenex File Cart
TEC-PH-10004074,Technology,Phones,Samsung Smart Phone
OFF-AP-10004031,Office Supplies,Appliances,Hamilton Beach Microwave
TEC-MA-10004535,Technology,Machines,Konica Printer
TEC-AC-10001566,Technology,Accessories,Logitech Router
TEC-CO-10002174,Technology,Copiers,HP Copy Machine
TEC-CIS-10001938,Technology,Phones,Cisco Audio Dock
TEC-CO-10003901,Technology,Copiers,HP Copy Machine
FUR-TA-10001229,Furniture,Tables,Chromcraft Computer Table
TEC-CO-10002283,Technology,Copiers,Brother Copy Machine
FUR-BO-10000728,Furniture,Bookcases,Ikea Classic Bookcase
FUR-BO-10001309,Furniture,Bookcases,Ikea Classic Bookcase
FUR-CH-10004675,Furniture,Chairs,Lifetime Advantage Folding Chairs
TEC-PH-10003891,Technology,Phones,Cisco Audio Dock
FUR-TA-10002786,Furniture,Tables,Lesro Computer Table
TEC-PH-10003513,Technology,Phones,Nokia Speaker Phone
FUR-CH-10004063,Furniture,Chairs,Global Deluxe High-Back Manager's Chair
TEC-AC-10000203,Technology,Accessories,SanDisk Router
FUR-CH-10003981,Furniture,Chairs,Global Commerce Series Low-Back Swivel/Tilt Chairs
FUR-CH-10002250,Furniture,Chairs,Office Star Executive Leather Armchair
OFF-AP-10000487,Office Supplies,Appliances,Hoover Stove
TEC-PH-10003683,Technology,Phones,Motorola Audio Dock
TEC-AC-10003753,Technology,Accessories,SanDisk Router
TEC-PH-10000037,Technology,Phones,Cisco Signal Booster
TEC-STA-10003447,Technology,Machines,StarTech Printer
OFF-SU-10000076,Office Supplies,Supplies,Acme Trimmer
OFF-AP-10003032,Office Supplies,Appliances,Hoover Stove
TEC-PH-10002962,Technology,Phones,Motorola Smart Phone
TEC-PH-10000808,Technology,Phones,Samsung Smart Phone
FUR-CH-10002585,Furniture,Chairs,Harbour Creations Executive Leather Armchair
FUR-BO-10004695,Furniture,Bookcases,O'Sullivan 2-Door Barrister Bookcase in Odessa Pine
TEC-MA-10003557,Technology,Machines,Panasonic Inkjet
TEC-CO-10001191,Technology,Copiers,Sharp Wireless Fax
OFF-AP-10003795,Office Supplies,Appliances,Hoover Refrigerator
TEC-CO-10001839,Technology,Copiers,Hewlett Fax and Copier
TEC-MA-10002148,Technology,Machines,Epson Printer
TEC-CO-10000137,Technology,Copiers,Canon Wireless Fax
OFF-SU-10000151,Office Supplies,Supplies,High Speed Automatic Electric Letter Opener
TEC-PH-10004910,Technology,Phones,Samsung Signal Booster
OFF-ST-10000288,Office Supplies,Storage,Fellowes Lockers
FUR-BO-10004844,Furniture,Bookcases,Sauder Corner Shelving
FUR-BO-10001822,Furniture,Bookcases,Dania Library with Doors
TEC-AC-10003265,Technology,Accessories,Belkin Router
FUR-CH-10000015,Furniture,Chairs,Hon Multipurpose Stacking Arm Chairs
FUR-CH-10000885,Furniture,Chairs,Hon Executive Leather Armchair
FUR-BAR-10000946,Furniture,Tables,Barricks Computer Table
OFF-AP-10000663,Office Supplies,Appliances,Hoover Stove
FUR-TA-10004383,Furniture,Tables,Bevis Coffee Table
FUR-BO-10002462,Furniture,Bookcases,Ikea Classic Bookcase
TEC-PH-10000780,Technology,Phones,Cisco Smart Phone
TEC-MA-10001009,Technology,Machines,Panasonic Inkjet
TEC-MA-10004655,Technology,Machines,Konica Receipt Printer
OFF-HAM-10003368,Office Supplies,Appliances,Hamilton Beach Blender
FUR-TA-10002467,Furniture,Tables,Lesro Conference Table
FUR-CH-10004774,Furniture,Chairs,Novimex Executive Leather Armchair
TEC-PH-10002549,Technology,Phones,Polycom SoundPoint IP 450 VoIP phone
TEC-PH-10003794,Technology,Phones,Nokia Smart Phone
TEC-BEL-10003985,Technology,Accessories,Belkin Router
FUR-TA-10003641,Furniture,Tables,Barricks Wood Table
TEC-PH-10000160,Technology,Phones,Motorola Smart Phone
FUR-TA-10002951,Furniture,Tables,Barricks Round Table
FUR-BUS-10004820,Furniture,Bookcases,Bush Classic Bookcase
FUR-TA-10004745,Furniture,Tables,Chromcraft Conference Table
FUR-HAR-10004086,Furniture,Chairs,Harbour Creations Steel Folding Chair
OFF-AP-10003287,Office Supplies,Appliances,KitchenAid Stove
FUR-CH-10002073,Furniture,Chairs,Hon Olson Stacker Chairs
TEC-CO-10001678,Technology,Copiers,Brother Fax Machine
FUR-BUS-10002040,Furniture,Bookcases,Bush Library with Doors
TEC-CO-10003346,Technology,Copiers,Brother Wireless Fax
FUR-CHR-10002165,Furniture,Tables,Chromcraft Wood Table
FUR-TA-10001095,Furniture,Tables,Chromcraft Round Conference Tables
TEC-MA-10003223,Technology,Machines,StarTech Inkjet
TEC-PH-10000486,Technology,Phones,Plantronics HL10 Handset Lifter
OFF-AP-10003217,Office Supplies,Appliances,Eureka Sanitaire  Commercial Upright
TEC-PH-10003492,Technology,Phones,Cisco Audio Dock
TEC-EPS-10004558,Technology,Machines,Epson Inkjet
TEC-PH-10004977,Technology,Phones,GE 30524EE4
FUR-CH-10002980,Furniture,Chairs,Hon Executive Leather Armchair
TEC-MA-10003356,Technology,Machines,Panasonic KX MC6040 Color Laser Multifunction Printer
TEC-CO-10003262,Technology,Copiers,HP Wireless Fax
FUR-BO-10003126,Furniture,Bookcases,Dania Library with Doors
TEC-MOT-10002560,Technology,Phones,Motorola Signal Booster
FUR-BO-10003873,Furniture,Bookcases,Safco Library with Doors
OFF-BRE-10004436,Office Supplies,Appliances,Breville Stove
TEC-PH-10000214,Technology,Phones,Apple Speaker Phone
OFF-AP-10004168,Office Supplies,Appliances,Cuisinart Stove
TEC-CO-10001222,Technology,Copiers,Sharp Fax Machine
TEC-CO-10000972,Technology,Copiers,Sharp Fax and Copier
TEC-OKI-10002750,Technology,Machines,Okidata Inkjet
FUR-TA-10002497,Furniture,Tables,Chromcraft Computer Table
TEC-PAN-10000577,Technology,Machines,Panasonic Inkjet
TEC-CO-10004027,Technology,Copiers,Sharp Fax Machine
FUR-BO-10001392,Furniture,Bookcases,Sauder Classic Bookcase
TEC-PH-10002935,Technology,Phones,Samsung Smart Phone
TEC-CO-10000051,Technology,Copiers,Sharp Wireless Fax
TEC-CO-10001008,Technology,Copiers,Canon Fax and Copier
FUR-SAF-10002112,Furniture,Chairs,SAFCO Executive Leather Armchair
FUR-CH-10004910,Furniture,Chairs,Office Star Executive Leather Armchair
FUR-BO-10003734,Furniture,Bookcases,Dania Classic Bookcase
OFF-AP-10004186,Office Supplies,Appliances,Breville Refrigerator
OFF-AP-10001018,Office Supplies,Appliances,Cuisinart Refrigerator
OFF-AP-10003849,Office Supplies,Appliances,Hoover Shoulder Vac Commercial Portable Vacuum
TEC-CO-10001375,Technology,Copiers,Brother Copy Machine
TEC-PH-10002320,Technology,Phones,Samsung Speaker Phone
FUR-BO-10003738,Furniture,Bookcases,Dania Library with Doors
TEC-CO-10001342,Technology,Copiers,HP Wireless Fax
FUR-TA-10002650,Furniture,Tables,Hon Wood Table
TEC-PH-10002652,Technology,Phones,Cisco Smart Phone
FUR-HAR-10004593,Furniture,Chairs,Harbour Creations Executive Leather Armchair
TEC-AC-10004938,Technology,Accessories,Memorex Router
TEC-KON-10002052,Technology,Machines,Konica Inkjet
OFF-AP-10000213,Office Supplies,Appliances,Cuisinart Refrigerator
TEC-MA-10004446,Technology,Machines,StarTech Printer
OFF-ROG-10002294,Office Supplies,Storage,Rogers File Cart
OFF-ST-10003208,Office Supplies,Storage,Adjustable Depth Letter/Legal Cart
FUR-TA-10002093,Furniture,Tables,Chromcraft Wood Table
FUR-TA-10002411,Furniture,Tables,Hon Round Table
TEC-CO-10000771,Technology,Copiers,Canon Wireless Fax
FUR-BUS-10001781,Furniture,Bookcases,Bush Library with Doors
TEC-PH-10003560,Technology,Phones,Cisco Audio Dock
FUR-TA-10000927,Furniture,Tables,Bevis Conference Table
TEC-MA-10000433,Technology,Machines,Epson Inkjet
FUR-BAR-10002449,Furniture,Tables,Barricks Training Table
TEC-PH-10002867,Technology,Phones,Cisco Smart Phone
FUR-TA-10004524,Furniture,Tables,Bevis Round Table
TEC-PH-10004539,Technology,Phones,Wireless Extenders zBoost YX545 SOHO Signal Booster
TEC-PH-10003870,Technology,Phones,Samsung Signal Booster
FUR-TA-10001950,Furniture,Tables,Balt Solid Wood Round Tables
FUR-SAU-10004221,Furniture,Bookcases,Sauder Corner Shelving
FUR-SAF-10003469,Furniture,Bookcases,Safco Classic Bookcase
FUR-BO-10003881,Furniture,Bookcases,Sauder Floating Shelf Set
TEC-MA-10003780,Technology,Machines,Epson Card Printer
FUR-TA-10001771,Furniture,Tables,Bush Cubix Conference Tables
FUR-TA-10001360,Furniture,Tables,Bevis Round Table
TEC-CO-10000262,Technology,Copiers,Brother Ink
FUR-TA-10000299,Furniture,Tables,Lesro Round Table
TEC-MA-10000606,Technology,Machines,Okidata Printer
TEC-MA-10004553,Technology,Machines,Epson Receipt Printer
TEC-BRO-10000374,Technology,Copiers,Brother Ink
FUR-TA-10004619,Furniture,Tables,Hon Non-Folding Utility Tables
OFF-AP-10000330,Office Supplies,Appliances,Hamilton Beach Stove
OFF-AP-10004183,Office Supplies,Appliances,Breville Microwave
FUR-CH-10003846,Furniture,Chairs,Office Star Swivel Stool
OFF-ST-10002743,Office Supplies,Storage,SAFCO Boltless Steel Shelving
FUR-TA-10002972,Furniture,Tables,Barricks Computer Table
TEC-MA-10004502,Technology,Machines,Epson Inkjet
FUR-TA-10002527,Furniture,Tables,Barricks Round Table
TEC-SAM-10000765,Technology,Phones,Samsung Signal Booster
TEC-CO-10004404,Technology,Copiers,Brother Copy Machine
FUR-TA-10003307,Furniture,Tables,Barricks Conference Table
FUR-CH-10002872,Furniture,Chairs,SAFCO Executive Leather Armchair
OFF-AP-10002534,Office Supplies,Appliances,3.6 Cubic Foot Counter Height Office Refrigerator
OFF-ST-10004315,Office Supplies,Storage,Rogers Lockers
FUR-BO-10004630,Furniture,Bookcases,Ikea Library with Doors
TEC-AC-10002637,Technology,Accessories,Logitech VX Revolution Cordless Laser Mouse for Notebooks (Black)
OFF-AP-10003963,Office Supplies,Appliances,Breville Microwave
FUR-BO-10000666,Furniture,Bookcases,Ikea 3-Shelf Cabinet
TEC-PH-10001725,Technology,Phones,Motorola Speaker Phone
TEC-MA-10003400,Technology,Machines,Panasonic Printer
OFF-BI-10003656,Office Supplies,Binders,Fellowes PB200 Plastic Comb Binding Machine
FUR-BO-10004113,Furniture,Bookcases,Sauder Classic Bookcase
OFF-ST-10003785,Office Supplies,Storage,Eldon Lockers
FUR-BO-10000624,Furniture,Bookcases,Safco Classic Bookcase
TEC-AC-10002719,Technology,Accessories,Enermax Router
TEC-KON-10000837,Technology,Machines,Konica Printer
TEC-MA-10000461,Technology,Machines,Epson Inkjet
FUR-BO-10004648,Furniture,Bookcases,Sauder Library with Doors
TEC-CO-10002009,Technology,Copiers,Brother Wireless Fax
FUR-BO-10000112,Furniture,Bookcases,Bush Birmingham Collection Bookcase
OFF-ST-10003306,Office Supplies,Storage,Eldon File Cart
TEC-CO-10004078,Technology,Copiers,Sharp Fax Machine
FUR-CH-10002331,Furniture,Chairs,Hon 4700 Series Mobuis Mid-Back Task Chairs with Adjustable Arms
FUR-HON-10001851,Furniture,Chairs,Hon Executive Leather Armchair
TEC-CO-10004202,Technology,Copiers,Brother DCP1000 Digital 3 in 1 Multifunction Machine
TEC-MA-10003492,Technology,Machines,Okidata Printer
FUR-BO-10000160,Furniture,Bookcases,Safco Library with Doors
OFF-AP-10000162,Office Supplies,Appliances,Breville Microwave
FUR-BO-10004218,Furniture,Bookcases,Bush Heritage Pine Collection 5-Shelf Bookcase
FUR-CH-10000783,Furniture,Chairs,Office Star Executive Leather Armchair
TEC-PH-10001187,Technology,Phones,Cisco Signal Booster
FUR-CH-10004983,Furniture,Chairs,Office Star - Mid Back Dual function Ergonomic High Back Chair with 2-Way Adjustable Arms
FUR-CH-10001897,Furniture,Chairs,Hon Executive Leather Armchair
TEC-CO-10001192,Technology,Copiers,HP Personal Copier
FUR-BO-10004665,Furniture,Bookcases,Bush Classic Bookcase
OFF-BI-10004584,Office Supplies,Binders,GBC ProClick 150 Presentation Binding System
OFF-AP-10000437,Office Supplies,Appliances,KitchenAid Refrigerator
TEC-MA-10004669,Technology,Machines,Epson Inkjet
TEC-CO-10003019,Technology,Copiers,Brother Fax Machine
FUR-TA-10001572,Furniture,Tables,Hon Wood Table
FUR-TA-10001786,Furniture,Tables,Chromcraft Computer Table
TEC-NOK-10004278,Technology,Phones,Nokia Signal Booster
TEC-PH-10004057,Technology,Phones,Motorola Smart Phone
FUR-CH-10003298,Furniture,Chairs,Office Star - Contemporary Task Swivel chair with Loop Arms
TEC-PH-10002555,Technology,Phones,Nortel Meridian M5316 Digital phone
FUR-CH-10003941,Furniture,Chairs,Novimex Executive Leather Armchair
TEC-PH-10000895,Technology,Phones,Polycom VVX 310 VoIP phone
FUR-BO-10004053,Furniture,Bookcases,Dania Library with Doors
TEC-CO-10002350,Technology,Copiers,Canon Wireless Fax
TEC-CO-10003784,Technology,Copiers,HP Fax Machine
TEC-MA-10003351,Technology,Machines,Okidata Card Printer
FUR-IKE-10001312,Furniture,Bookcases,Ikea Classic Bookcase
TEC-CO-10000953,Technology,Copiers,HP Wireless Fax
FUR-BO-10004541,Furniture,Bookcases,Dania Library with Doors
TEC-CO-10003759,Technology,Copiers,Canon Fax Machine
FUR-TA-10003715,Furniture,Tables,Hon 2111 Invitation Series Corner Table
FUR-BO-10004707,Furniture,Bookcases,Ikea Library with Doors
TEC-EPS-10003962,Technology,Machines,Epson Card Printer
TEC-CO-10004662,Technology,Copiers,Hewlett Fax Machine
TEC-AC-10001908,Technology,Accessories,Logitech Wireless Headset h800
TEC-CO-10002313,Technology,Copiers,Canon PC1080F Personal Copier
TEC-CO-10000794,Technology,Copiers,Hewlett Wireless Fax
TEC-CO-10002043,Technology,Copiers,Canon Wireless Fax
OFF-AP-10003834,Office Supplies,Appliances,KitchenAid Stove
TEC-CO-10003158,Technology,Copiers,Sharp Wireless Fax
FUR-BO-10002892,Furniture,Bookcases,Safco Classic Bookcase
TEC-PH-10002306,Technology,Phones,Motorola Smart Phone
FUR-TA-10004649,Furniture,Tables,Barricks Round Table
FUR-CH-10000847,Furniture,Chairs,Global Executive Mid-Back Manager's Chair
FUR-TA-10002519,Furniture,Tables,Lesro Conference Table
TEC-CAN-10004839,Technology,Copiers,Canon Wireless Fax
OFF-AP-10004646,Office Supplies,Appliances,Hoover Refrigerator
TEC-MA-10003078,Technology,Machines,Epson Printer
FUR-BO-10003301,Furniture,Bookcases,Dania Floating Shelf Set
OFF-ST-10001547,Office Supplies,Storage,Rogers Lockers
OFF-AP-10003511,Office Supplies,Appliances,Cuisinart Microwave
TEC-MA-10004929,Technology,Machines,Panasonic Printer
FUR-BUS-10001243,Furniture,Bookcases,Bush Classic Bookcase
FUR-BO-10004725,Furniture,Bookcases,Sauder Library with Doors
TEC-PH-10002936,Technology,Phones,Nokia Smart Phone
TEC-PH-10002742,Technology,Phones,Motorola Audio Dock
TEC-PH-10002806,Technology,Phones,Apple Audio Dock
TEC-MA-10003353,Technology,Machines,Xerox WorkCentre 6505DN Laser Multifunction Printer
OFF-AP-10000717,Office Supplies,Appliances,Hoover Microwave
TEC-CIS-10003501,Technology,Phones,Cisco Signal Booster
TEC-CAN-10004913,Technology,Copiers,Canon Copy Machine
FUR-TA-10000207,Furniture,Tables,Chromcraft Round Table
FUR-CH-10003379,Furniture,Chairs,Global Commerce Series High-Back Swivel/Tilt Chairs
FUR-TA-10003527,Furniture,Tables,Chromcraft Wood Table
FUR-FU-10003806,Furniture,Furnishings,Tenex Chairmat w/ Average Lip
TEC-CIS-10000436,Technology,Phones,Cisco Speaker Phone
TEC-CO-10001626,Technology,Copiers,Brother Copy Machine
FUR-BO-10000892,Furniture,Bookcases,Bush Corner Shelving
OFF-AP-10001190,Office Supplies,Appliances,Hoover Refrigerator
TEC-CO-10000666,Technology,Copiers,Hewlett Copy Machine
TEC-HEW-10001074,Technology,Copiers,Hewlett Fax Machine
FUR-CH-10003973,Furniture,Chairs,GuestStacker Chair with Chrome Finish Legs
FUR-CH-10001634,Furniture,Chairs,Novimex Rocking Chair
FUR-TA-10001100,Furniture,Tables,Lesro Training Table
FUR-TA-10004820,Furniture,Tables,Barricks Wood Table
FUR-TA-10002433,Furniture,Tables,Chromcraft Computer Table
TEC-CO-10003471,Technology,Copiers,Hewlett Fax and Copier
TEC-CO-10001162,Technology,Copiers,Canon Wireless Fax
OFF-ST-10001719,Office Supplies,Storage,Tenex Trays
TEC-PH-10003762,Technology,Phones,Motorola Smart Phone
TEC-CO-10000967,Technology,Copiers,HP Fax Machine
FUR-TA-10001496,Furniture,Tables,Barricks Computer Table
OFF-AP-10004464,Office Supplies,Appliances,Cuisinart Stove
FUR-CH-10001913,Furniture,Chairs,Office Star Swivel Stool
OFF-ST-10004855,Office Supplies,Storage,Smead Lockers
FUR-TA-10001633,Furniture,Tables,Bevis Wood Table
OFF-AP-10002518,Office Supplies,Appliances,Kensington 7 Outlet MasterPiece Power Center
TEC-CO-10003226,Technology,Copiers,Canon Fax Machine
FUR-BO-10002766,Furniture,Bookcases,Bush Classic Bookcase
FUR-CH-10003841,Furniture,Chairs,Harbour Creations Swivel Stool
TEC-PH-10002114,Technology,Phones,Xiaomi Mi3
TEC-BRO-10002103,Technology,Copiers,Brother Ink
FUR-TA-10000991,Furniture,Tables,Lesro Computer Table
FUR-CH-10002247,Furniture,Chairs,Hon Executive Leather Armchair
FUR-CH-10004676,Furniture,Chairs,Office Star Rocking Chair
TEC-PH-10000984,Technology,Phones,Panasonic KX-TG9471B
FUR-CH-10002944,Furniture,Chairs,Office Star Steel Folding Chair
FUR-BO-10004142,Furniture,Bookcases,Safco Classic Bookcase
OFF-ST-10002292,Office Supplies,Storage,Fellowes Lockers
FUR-SAF-10001136,Furniture,Chairs,SAFCO Swivel Stool
OFF-ST-10002395,Office Supplies,Storage,Rogers Lockers
TEC-MA-10000697,Technology,Machines,StarTech Card Printer
FUR-CH-10000527,Furniture,Chairs,Office Star Executive Leather Armchair
TEC-NOK-10001070,Technology,Phones,Nokia Speaker Phone
FUR-BO-10000596,Furniture,Bookcases,Sauder Classic Bookcase
OFF-AP-10000005,Office Supplies,Appliances,KitchenAid Microwave
FUR-DAN-10002348,Furniture,Bookcases,Dania Classic Bookcase
TEC-AC-10004591,Technology,Accessories,Logitech Memory Card
OFF-AP-10001178,Office Supplies,Appliances,KitchenAid Stove
TEC-MA-10002073,Technology,Machines,3D Systems Cube Printer
TEC-MA-10001627,Technology,Machines,Konica Printer
OFF-AP-10001103,Office Supplies,Appliances,Breville Microwave
TEC-CO-10001204,Technology,Copiers,Sharp Copy Machine
TEC-MA-10001695,Technology,Machines,Zebra GK420t Direct Thermal/Thermal Transfer Printer
FUR-TA-10004306,Furniture,Tables,Barricks Round Table
OFF-ST-10004802,Office Supplies,Storage,Rogers File Cart
FUR-DAN-10004510,Furniture,Bookcases,Dania Library with Doors
TEC-HEW-10003695,Technology,Copiers,Hewlett Wireless Fax
FUR-BO-10004633,Furniture,Bookcases,Safco Stackable Bookrack
TEC-PH-10000879,Technology,Phones,Cisco Smart Phone
TEC-AC-10002914,Technology,Accessories,Memorex Router
TEC-PH-10004221,Technology,Phones,Samsung Speaker Phone
OFF-ST-10000362,Office Supplies,Storage,Eldon File Cart
FUR-CH-10001492,Furniture,Chairs,Novimex Executive Leather Armchair
FUR-TA-10002523,Furniture,Tables,Barricks Training Table
FUR-BO-10000002,Furniture,Bookcases,Bush Classic Bookcase
OFF-AP-10002351,Office Supplies,Appliances,Hamilton Beach Refrigerator
OFF-AP-10000729,Office Supplies,Appliances,KitchenAid Refrigerator
TEC-MA-10002910,Technology,Machines,Panasonic Inkjet
FUR-LES-10004886,Furniture,Tables,Lesro Conference Table
TEC-MA-10000002,Technology,Machines,Epson Card Printer
TEC-CO-10004367,Technology,Copiers,Canon Wireless Fax
TEC-PH-10003580,Technology,Phones,Apple Speaker Phone
TEC-PAN-10000377,Technology,Machines,Panasonic Inkjet
TEC-MA-10004997,Technology,Machines,Konica Receipt Printer
FUR-CH-10000981,Furniture,Chairs,Novimex Swivel Stool
OFF-ST-10002555,Office Supplies,Storage,Eldon Lockers
OFF-ELD-10000845,Office Supplies,Storage,Eldon Lockers
OFF-ST-10003295,Office Supplies,Storage,Tenex Lockers
OFF-ST-10000585,Office Supplies,Storage,Economy Rollaway Files
TEC-CO-10003087,Technology,Copiers,Canon Wireless Fax
TEC-CO-10004589,Technology,Copiers,Canon Wireless Fax
TEC-CO-10002240,Technology,Copiers,Canon Copy Machine
FUR-BO-10003086,Furniture,Bookcases,Safco Library with Doors
TEC-PH-10001289,Technology,Phones,Motorola Smart Phone
FUR-HON-10001558,Furniture,Chairs,Hon Swivel Stool
TEC-CO-10003523,Technology,Copiers,Brother Wireless Fax
TEC-AC-10003666,Technology,Accessories,Memorex Router
OFF-ST-10002506,Office Supplies,Storage,Smead Lockers
FUR-BO-10001405,Furniture,Bookcases,Bush Stackable Bookrack
TEC-PH-10003072,Technology,Phones,Panasonic KX-TG9541B DECT 6.0 Digital 2-Line Expandable Cordless Phone With Digital Answering System
TEC-MA-10000112,Technology,Machines,Panasonic KX MB2061 Multifunction Printer
FUR-BO-10001501,Furniture,Bookcases,Bush Classic Bookcase
TEC-CO-10004897,Technology,Copiers,Sharp Fax Machine
FUR-BO-10002318,Furniture,Bookcases,Dania Classic Bookcase
TEC-CO-10002232,Technology,Copiers,HP Ink
OFF-ST-10004768,Office Supplies,Storage,Eldon Lockers
OFF-AP-10004295,Office Supplies,Appliances,Cuisinart Refrigerator
OFF-AP-10004245,Office Supplies,Appliances,Hoover Stove
FUR-CH-10002477,Furniture,Chairs,Harbour Creations Executive Leather Armchair
FUR-CH-10004255,Furniture,Chairs,SAFCO Executive Leather Armchair
TEC-CO-10000263,Technology,Copiers,Hewlett Fax Machine
FUR-TA-10002931,Furniture,Tables,Hon Round Table
FUR-BO-10003554,Furniture,Bookcases,Dania 3-Shelf Cabinet
FUR-CH-10001490,Furniture,Chairs,Novimex Executive Leather Armchair
FUR-IKE-10002147,Furniture,Bookcases,Ikea Classic Bookcase
FUR-FU-10001468,Furniture,Furnishings,Tenex Antistatic Computer Chair Mats
TEC-MA-10002937,Technology,Machines,Canon Color ImageCLASS MF8580Cdw Wireless Laser All-In-One Printer
OFF-ST-10003153,Office Supplies,Storage,Tenex File Cart
OFF-AP-10000802,Office Supplies,Appliances,Hoover Microwave
FUR-BO-10002510,Furniture,Bookcases,Safco 3-Shelf Cabinet
FUR-TA-10004915,Furniture,Tables,Office Impressions End Table
TEC-CO-10001630,Technology,Copiers,Canon Personal Copier
TEC-MA-10003326,Technology,Machines,Epson Printer
FUR-SAF-10000265,Furniture,Bookcases,Safco Library with Doors
TEC-MA-10004587,Technology,Machines,Konica Inkjet
FUR-BO-10004162,Furniture,Bookcases,Ikea Floating Shelf Set
OFF-ST-10000078,Office Supplies,Storage,Tennsco 6- and 18-Compartment Lockers
FUR-TA-10004416,Furniture,Tables,Bevis Wood Table
OFF-ST-10003837,Office Supplies,Storage,Tenex Lockers
OFF-AP-10000335,Office Supplies,Appliances,Cuisinart Microwave
TEC-CO-10001893,Technology,Copiers,HP Wireless Fax
TEC-CO-10002119,Technology,Copiers,Sharp Fax Machine
FUR-CH-10002213,Furniture,Chairs,Hon Executive Leather Armchair
TEC-PH-10000455,Technology,Phones,GE 30522EE2
FUR-BO-10002277,Furniture,Bookcases,Bush Floating Shelf Set
TEC-PH-10002584,Technology,Phones,Samsung Galaxy S4
TEC-CO-10000266,Technology,Copiers,Canon Copy Machine
FUR-CH-10004705,Furniture,Chairs,Hon Executive Leather Armchair
FUR-BO-10001039,Furniture,Bookcases,Dania Classic Bookcase
FUR-CH-10000343,Furniture,Chairs,Hon Executive Leather Armchair
OFF-AP-10004227,Office Supplies,Appliances,Hamilton Beach Refrigerator
FUR-CH-10000513,Furniture,Chairs,High-Back Leather Manager's Chair
OFF-ST-10004340,Office Supplies,Storage,Fellowes Mobile File Cart
OFF-ST-10004830,Office Supplies,Storage,Eldon Lockers
FUR-CH-10003861,Furniture,Chairs,Novimex Rocking Chair
TEC-CO-10000129,Technology,Copiers,Brother Fax and Copier
FUR-CH-10000430,Furniture,Chairs,SAFCO Swivel Stool
FUR-HAR-10004129,Furniture,Chairs,Harbour Creations Swivel Stool
FUR-CH-10000777,Furniture,Chairs,Harbour Creations Executive Leather Armchair
FUR-BO-10004219,Furniture,Bookcases,Safco 3-Shelf Cabinet
OFF-AP-10003794,Office Supplies,Appliances,Cuisinart Refrigerator
TEC-PH-10002816,Technology,Phones,Samsung Signal Booster
OFF-ST-10000103,Office Supplies,Storage,Smead Lockers
FUR-CH-10002932,Furniture,Chairs,Harbour Creations Rocking Chair
TEC-MEM-10004014,Technology,Accessories,Memorex Router
TEC-NOK-10000534,Technology,Phones,Nokia Smart Phone
TEC-CO-10001309,Technology,Copiers,Hewlett Wireless Fax
FUR-TA-10003164,Furniture,Tables,Bevis Wood Table
TEC-CO-10002962,Technology,Copiers,Sharp Wireless Fax
OFF-AP-10002675,Office Supplies,Appliances,Cuisinart Refrigerator
TEC-HP -10003345,Technology,Copiers,HP Fax and Copier
TEC-AC-10003403,Technology,Accessories,Enermax Router
FUR-BO-10004660,Furniture,Bookcases,Sauder Library with Doors
FUR-BO-10000208,Furniture,Bookcases,Bush Stackable Bookrack
FUR-BO-10000087,Furniture,Bookcases,Dania Classic Bookcase
FUR-BO-10000891,Furniture,Bookcases,Ikea Classic Bookcase
FUR-BO-10000676,Furniture,Bookcases,Bush Stackable Bookrack
TEC-PH-10002774,Technology,Phones,Nokia Smart Phone
FUR-BO-10000502,Furniture,Bookcases,Sauder Classic Bookcase
FUR-BO-10003499,Furniture,Bookcases,Ikea Library with Doors
FUR-BO-10002992,Furniture,Bookcases,Dania Library with Doors
FUR-TA-10003319,Furniture,Tables,Barricks Coffee Table
OFF-AP-10002932,Office Supplies,Appliances,Breville Refrigerator
TEC-CO-10002493,Technology,Copiers,Hewlett Personal Copier
OFF-BI-10003650,Office Supplies,Binders,GBC DocuBind 300 Electric Binding Machine
OFF-AR-10004825,Office Supplies,Art,BIC Canvas
TEC-MA-10002316,Technology,Machines,Konica Printer
TEC-CO-10002284,Technology,Copiers,Hewlett Copy Machine
FUR-CH-10000988,Furniture,Chairs,Hon Olson Stacker Stools
TEC-CO-10002379,Technology,Copiers,Canon Copy Machine
FUR-TA-10004680,Furniture,Tables,Lesro Wood Table
TEC-CO-10001919,Technology,Copiers,Brother Fax Machine
FUR-SAF-10002180,Furniture,Chairs,SAFCO Executive Leather Armchair
TEC-CO-10000534,Technology,Copiers,Sharp Copy Machine
FUR-BO-10002031,Furniture,Bookcases,Sauder Classic Bookcase
FUR-CH-10003948,Furniture,Chairs,Harbour Creations Swivel Stool
FUR-CH-10000258,Furniture,Chairs,Office Star Steel Folding Chair
FUR-CH-10003746,Furniture,Chairs,Hon 4070 Series Pagoda Round Back Stacking Chairs
TEC-AC-10001539,Technology,Accessories,Logitech G430 Surround Sound Gaming Headset with Dolby 7.1 Technology
OFF-ST-10000060,Office Supplies,Storage,Fellowes Bankers Box Staxonsteel Drawer File/Stacking System
FUR-CH-10004199,Furniture,Chairs,SAFCO Executive Leather Armchair
TEC-PH-10003811,Technology,Phones,Jabra Supreme Plus Driver Edition Headset
TEC-PH-10002922,Technology,Phones,ShoreTel ShorePhone IP 230 VoIP phone
OFF-ST-10004381,Office Supplies,Storage,Smead Lockers
FUR-TA-10003238,Furniture,Tables,"Chromcraft Bull-Nose Wood 48"" x 96"" Rectangular Conference Tables"
TEC-AC-10002760,Technology,Accessories,Memorex Memory Card
TEC-AC-10004666,Technology,Accessories,Maxell iVDR EX 500GB Cartridge
OFF-CUI-10002022,Office Supplies,Appliances,Cuisinart Refrigerator
OFF-HAM-10000983,Office Supplies,Appliances,Hamilton Beach Refrigerator
FUR-CH-10001559,Furniture,Chairs,SAFCO Executive Leather Armchair
TEC-MA-10000559,Technology,Machines,Epson Card Printer
TEC-PH-10002904,Technology,Phones,Samsung Smart Phone
FUR-CH-10001429,Furniture,Chairs,SAFCO Executive Leather Armchair
FUR-FU-10004665,Furniture,Furnishings,3M Polarizing Task Lamp with Clamp Arm
FUR-TA-10000486,Furniture,Tables,Barricks Wood Table
TEC-MA-10002080,Technology,Machines,Epson Printer
TEC-MA-10001881,Technology,Machines,Konica Card Printer
TEC-AC-10004487,Technology,Accessories,Memorex Router
TEC-MA-10001261,Technology,Machines,Konica Printer
FUR-CH-10001322,Furniture,Chairs,Harbour Creations Executive Leather Armchair
TEC-MA-10001494,Technology,Machines,Okidata Inkjet
TEC-PH-10001284,Technology,Phones,Apple Smart Phone
TEC-AC-10001486,Technology,Accessories,Belkin Flash Drive
FUR-BO-10004340,Furniture,Bookcases,Safco Classic Bookcase
FUR-BO-10001390,Furniture,Bookcases,Bush Floating Shelf Set
TEC-CO-10003048,Technology,Copiers,Hewlett Wireless Fax
TEC-AC-10003955,Technology,Accessories,Memorex Router
FUR-BO-10000311,Furniture,Bookcases,Safco Floating Shelf Set
TEC-CO-10002659,Technology,Copiers,Sharp Fax Machine
FUR-BO-10002383,Furniture,Bookcases,Sauder Floating Shelf Set
TEC-PH-10002079,Technology,Phones,Motorola Headset
TEC-SAM-10003493,Technology,Phones,Samsung Signal Booster
TEC-AC-10001410,Technology,Accessories,Memorex Memory Card
OFF-AP-10001058,Office Supplies,Appliances,Sanyo 2.5 Cubic Foot Mid-Size Office Refrigerators
TEC-CO-10002678,Technology,Copiers,Brother Wireless Fax
TEC-CO-10003307,Technology,Copiers,Hewlett Fax and Copier
TEC-MA-10004421,Technology,Machines,Konica Inkjet
OFF-BI-10004390,Office Supplies,Binders,GBC DocuBind 200 Manual Binding Machine
TEC-EPS-10004965,Technology,Machines,Epson Inkjet
TEC-PH-10003847,Technology,Phones,Apple Headset
TEC-CO-10000222,Technology,Copiers,Sharp Fax and Copier
FUR-CH-10001726,Furniture,Chairs,Office Star Steel Folding Chair
TEC-PH-10004281,Technology,Phones,Samsung Audio Dock
FUR-SAF-10000085,Furniture,Bookcases,Safco Library with Doors
FUR-DAN-10002314,Furniture,Bookcases,Dania Stackable Bookrack
OFF-AP-10002326,Office Supplies,Appliances,Hamilton Beach Microwave
FUR-BO-10004529,Furniture,Bookcases,Sauder 3-Shelf Cabinet
FUR-HON-10001504,Furniture,Chairs,Hon Rocking Chair
OFF-ST-10000695,Office Supplies,Storage,Rogers Lockers
FUR-CH-10000005,Furniture,Chairs,Office Star Executive Leather Armchair
TEC-MA-10003927,Technology,Machines,StarTech Inkjet
TEC-CO-10004042,Technology,Copiers,Brother Wireless Fax
TEC-MOT-10003366,Technology,Phones,Motorola Audio Dock
TEC-PH-10002660,Technology,Phones,Nortel Networks T7316 E Nt8 B27
TEC-PH-10001530,Technology,Phones,Cisco Unified IP Phone 7945G VoIP phone
TEC-AC-10000053,Technology,Accessories,SanDisk Router
TEC-MA-10002629,Technology,Machines,Konica Inkjet
OFF-TEN-10000025,Office Supplies,Storage,Tenex Lockers
FUR-BO-10002819,Furniture,Bookcases,Ikea Stackable Bookrack
TEC-CO-10003298,Technology,Copiers,Hewlett Wireless Fax
FUR-CH-10003054,Furniture,Chairs,Novimex Executive Leather Armchair
FUR-BO-10000668,Furniture,Bookcases,Sauder Classic Bookcase
FUR-BO-10003029,Furniture,Bookcases,Sauder Library with Doors
TEC-CO-10003694,Technology,Copiers,Brother Wireless Fax
TEC-CO-10000259,Technology,Copiers,Hewlett Ink
FUR-BO-10000279,Furniture,Bookcases,Dania Classic Bookcase
OFF-AP-10001567,Office Supplies,Appliances,Breville Blender
OFF-AR-10001720,Office Supplies,Art,Stanley Canvas
TEC-HEW-10002304,Technology,Copiers,Hewlett Fax Machine
OFF-ST-10004947,Office Supplies,Storage,Fellowes File Cart
FUR-TA-10003929,Furniture,Tables,Hon Computer Table
OFF-AP-10003259,Office Supplies,Appliances,Cuisinart Refrigerator
TEC-CO-10003917,Technology,Copiers,HP Fax and Copier
OFF-AP-10002998,Office Supplies,Appliances,KitchenAid Microwave
TEC-PH-10004626,Technology,Phones,Cisco Smart Phone
TEC-PH-10001117,Technology,Phones,Apple Smart Phone
FUR-BO-10000699,Furniture,Bookcases,Sauder 3-Shelf Cabinet
OFF-ST-10003266,Office Supplies,Storage,Tenex Lockers
TEC-CO-10002796,Technology,Copiers,Canon Wireless Fax
FUR-CH-10002610,Furniture,Chairs,Novimex Swivel Stool
TEC-AC-10004108,Technology,Accessories,Memorex Router
TEC-CO-10002197,Technology,Copiers,Hewlett Fax and Copier
OFF-AP-10003497,Office Supplies,Appliances,KitchenAid Microwave
TEC-SHA-10002034,Technology,Copiers,Sharp Personal Copier
TEC-MA-10003607,Technology,Machines,Okidata Receipt Printer
TEC-MA-10000982,Technology,Machines,Konica Inkjet
TEC-CO-10002601,Technology,Copiers,Brother Fax and Copier
OFF-AP-10000329,Office Supplies,Appliances,KitchenAid Refrigerator
TEC-PH-10000036,Technology,Phones,Nokia Smart Phone
FUR-BO-10002000,Furniture,Bookcases,Ikea Classic Bookcase
FUR-TA-10003583,Furniture,Tables,Lesro Computer Table
TEC-CO-10001264,Technology,Copiers,Canon Ink
TEC-PH-10004211,Technology,Phones,Cisco Headset
TEC-OKI-10003124,Technology,Machines,Okidata Inkjet
FUR-LES-10002616,Furniture,Tables,Lesro Conference Table
TEC-AC-10001258,Technology,Accessories,Belkin Router
OFF-ST-10002615,Office Supplies,Storage,Dual Level
TEC-PH-10004165,Technology,Phones,Mitel MiVoice 5330e IP Phone
OFF-HAM-10004674,Office Supplies,Appliances,Hamilton Beach Stove
FUR-BO-10000243,Furniture,Bookcases,Safco Floating Shelf Set
TEC-CO-10004005,Technology,Copiers,Sharp Copy Machine
FUR-BO-10003779,Furniture,Bookcases,Ikea Library with Doors
OFF-ST-10003931,Office Supplies,Storage,Smead Lockers
OFF-AP-10000667,Office Supplies,Appliances,Breville Stove
FUR-CH-10000953,Furniture,Chairs,Harbour Creations Swivel Stool
OFF-FEL-10001405,Office Supplies,Storage,Fellowes File Cart
OFF-ST-10003455,Office Supplies,Storage,Fellowes Lockers
OFF-AP-10000891,Office Supplies,Appliances,Kensington 7 Outlet MasterPiece HOMEOFFICE Power Control Center
TEC-PH-10002680,Technology,Phones,Samsung Galaxy Note 3
TEC-CO-10000620,Technology,Copiers,Brother Wireless Fax
OFF-AP-10000800,Office Supplies,Appliances,Breville Stove
OFF-AP-10000179,Office Supplies,Appliances,Breville Refrigerator
FUR-BO-10003549,Furniture,Bookcases,Sauder Floating Shelf Set
OFF-BI-10004600,Office Supplies,Binders,Ibico Ibimaster 300 Manual Binding System
FUR-BO-10002387,Furniture,Bookcases,Safco Library with Doors
FUR-TA-10000052,Furniture,Tables,Hon Training Table
OFF-AP-10000195,Office Supplies,Appliances,Cuisinart Stove
FUR-SAF-10004252,Furniture,Chairs,SAFCO Executive Leather Armchair
TEC-AC-10004556,Technology,Accessories,Enermax Memory Card
FUR-TA-10003003,Furniture,Tables,Lesro Wood Table
OFF-AP-10001406,Office Supplies,Appliances,Breville Stove
FUR-BO-10002308,Furniture,Bookcases,Safco Floating Shelf Set
OFF-AP-10003779,Office Supplies,Appliances,Kensington 7 Outlet MasterPiece Power Center with Fax/Phone Line Protection
OFF-CUI-10000105,Office Supplies,Appliances,Cuisinart Microwave
TEC-AC-10002015,Technology,Accessories,Logitech Router
TEC-AC-10001995,Technology,Accessories,Logitech Router
TEC-MOT-10000939,Technology,Phones,Motorola Speaker Phone
TEC-PH-10001760,Technology,Phones,Bose SoundLink Bluetooth Speaker
FUR-TA-10003747,Furniture,Tables,Lesro Round Table
TEC-MA-10000875,Technology,Machines,Okidata Inkjet
FUR-SAF-10000213,Furniture,Bookcases,Safco Classic Bookcase
OFF-AP-10002306,Office Supplies,Appliances,KitchenAid Refrigerator
FUR-TA-10000649,Furniture,Tables,Barricks Computer Table
FUR-BO-10003320,Furniture,Bookcases,Dania Classic Bookcase
TEC-PH-10001817,Technology,Phones,Wilson Electronics DB Pro Signal Booster
TEC-PH-10002042,Technology,Phones,Cisco Audio Dock
TEC-PH-10002332,Technology,Phones,Motorola Audio Dock
FUR-CH-10004609,Furniture,Chairs,Harbour Creations Steel Folding Chair
OFF-AP-10004572,Office Supplies,Appliances,Cuisinart Stove
OFF-ROG-10003993,Office Supplies,Storage,Rogers File Cart
FUR-TA-10004342,Furniture,Tables,Chromcraft Round Table
TEC-AC-10002664,Technology,Accessories,SanDisk Keyboard
OFF-ROG-10002818,Office Supplies,Storage,Rogers Trays
TEC-MA-10001972,Technology,Machines,Okidata C331dn Printer
OFF-KIT-10001213,Office Supplies,Appliances,KitchenAid Refrigerator
TEC-CO-10003142,Technology,Copiers,Hewlett Fax and Copier
TEC-CO-10000663,Technology,Copiers,HP Fax Machine
TEC-CAN-10004291,Technology,Copiers,Canon Wireless Fax
TEC-CO-10002587,Technology,Copiers,Sharp Fax and Copier
FUR-BO-10001476,Furniture,Bookcases,Safco Corner Shelving
TEC-SHA-10001309,Technology,Copiers,Sharp Fax Machine
TEC-PH-10004680,Technology,Phones,Samsung Speaker Phone
FUR-FU-10000576,Furniture,Furnishings,Luxo Professional Fluorescent Magnifier Lamp with Clamp-Mount Base
TEC-CO-10003951,Technology,Copiers,HP Copy Machine
TEC-MA-10003801,Technology,Machines,StarTech Card Printer
TEC-PH-10001708,Technology,Phones,Cisco Audio Dock
FUR-CH-10003354,Furniture,Chairs,Harbour Creations Swivel Stool
OFF-BI-10002867,Office Supplies,Binders,GBC Recycled Regency Composition Covers
FUR-CH-10001237,Furniture,Chairs,Hon Swivel Stool
FUR-CH-10002991,Furniture,Chairs,Novimex Steel Folding Chair
OFF-ROG-10000191,Office Supplies,Storage,Rogers Lockers
TEC-CO-10003570,Technology,Copiers,Sharp Wireless Fax
OFF-ST-10003805,Office Supplies,Storage,24 Capacity Maxi Data Binder Racks
FUR-CH-10002782,Furniture,Chairs,Office Star Executive Leather Armchair
TEC-AC-10003415,Technology,Accessories,SanDisk Router
FUR-BO-10001324,Furniture,Bookcases,Sauder Floating Shelf Set
TEC-CIS-10000758,Technology,Phones,Cisco Smart Phone
TEC-CO-10004831,Technology,Copiers,Brother Copy Machine
OFF-ELD-10000819,Office Supplies,Storage,Eldon Trays
TEC-PH-10000560,Technology,Phones,Samsung Galaxy S III - 16GB - pebble blue (T-Mobile)
TEC-AC-10002122,Technology,Accessories,Belkin Keyboard
FUR-CH-10002880,Furniture,Chairs,Global High-Back Leather Tilter
TEC-CO-10000405,Technology,Copiers,Canon Fax Machine
TEC-CO-10001864,Technology,Copiers,Brother Ink
OFF-AP-10001670,Office Supplies,Appliances,Hoover Coffee Grinder
OFF-ST-10003816,Office Supplies,Storage,Fellowes High-Stak Drawer Files
TEC-PH-10002310,Technology,Phones,Plantronics Calisto P620-M USB Wireless Speakerphone System
OFF-ST-10000439,Office Supplies,Storage,Rogers Lockers
FUR-CH-10000351,Furniture,Chairs,Novimex Chairmat
FUR-CH-10002090,Furniture,Chairs,Hon Swivel Stool
TEC-AC-10002842,Technology,Accessories,WD My Passport Ultra 2TB Portable External Hard Drive
FUR-BO-10004911,Furniture,Bookcases,Ikea Corner Shelving
FUR-BO-10002529,Furniture,Bookcases,Safco Library with Doors
FUR-BO-10001811,Furniture,Bookcases,Atlantic Metals Mobile 5-Shelf Bookcases
FUR-BO-10004560,Furniture,Bookcases,Bush Floating Shelf Set
FUR-BO-10001216,Furniture,Bookcases,Sauder 3-Shelf Cabinet
TEC-ENE-10004627,Technology,Accessories,Enermax Router
FUR-TA-10004534,Furniture,Tables,Bevis 44 x 96 Conference Tables
TEC-PH-10001079,Technology,Phones,Polycom SoundPoint Pro SE-225 Corded phone
TEC-MA-10004552,Technology,Machines,Star Micronics TSP100 TSP143LAN Receipt Printer
FUR-BO-10003913,Furniture,Bookcases,Safco Stackable Bookrack
FUR-CH-10002132,Furniture,Chairs,Hon Rocking Chair
TEC-PH-10000358,Technology,Phones,Samsung Headset
FUR-TA-10000665,Furniture,Tables,Bevis Computer Table
TEC-CO-10003212,Technology,Copiers,HP Copy Machine
FUR-CH-10004331,Furniture,Chairs,SAFCO Rocking Chair
TEC-PH-10001585,Technology,Phones,Nokia Signal Booster
TEC-MOT-10003050,Technology,Phones,Motorola Smart Phone
FUR-CH-10004997,Furniture,Chairs,Hon Every-Day Series Multi-Task Chairs
OFF-AP-10000864,Office Supplies,Appliances,Hamilton Beach Refrigerator
TEC-AC-10000089,Technology,Accessories,SanDisk Router
FUR-CH-10004196,Furniture,Chairs,Novimex Swivel Stool
TEC-PH-10002296,Technology,Phones,Nokia Headset
FUR-BO-10001318,Furniture,Bookcases,Safco Library with Doors
TEC-CO-10002674,Technology,Copiers,Sharp Fax and Copier
OFF-ST-10000085,Office Supplies,Storage,Rogers File Cart
TEC-CO-10003135,Technology,Copiers,Canon Fax and Copier
OFF-AP-10002651,Office Supplies,Appliances,Hoover Upright Vacuum With Dirt Cup
FUR-CH-10004495,Furniture,Chairs,Global Leather and Oak Executive Chair
TEC-AC-10004171,Technology,Accessories,Razer Kraken 7.1 Surround Sound Over Ear USB Gaming Headset
OFF-AP-10000672,Office Supplies,Appliances,KitchenAid Stove
OFF-BI-10004632,Office Supplies,Binders,Ibico Hi-Tech Manual Binding System
OFF-FEL-10004665,Office Supplies,Storage,Fellowes Lockers
FUR-CH-10003597,Furniture,Chairs,SAFCO Executive Leather Armchair
OFF-HAM-10003040,Office Supplies,Appliances,Hamilton Beach Stove
OFF-AR-10001266,Office Supplies,Art,Boston Canvas
TEC-MA-10001546,Technology,Machines,Okidata Phone
FUR-TA-10000478,Furniture,Tables,Bevis Round Table
FUR-BO-10004508,Furniture,Bookcases,Ikea Floating Shelf Set
FUR-TA-10000434,Furniture,Tables,Chromcraft Coffee Table
TEC-CO-10004154,Technology,Copiers,Canon Copy Machine
OFF-BI-10003718,Office Supplies,Binders,GBC Therma-A-Bind 250T Electric Binding System
FUR-BO-10004824,Furniture,Bookcases,Safco Stackable Bookrack
OFF-ST-10001567,Office Supplies,Storage,Smead File Cart
FUR-CH-10001147,Furniture,Chairs,Hon Swivel Stool
TEC-PH-10000270,Technology,Phones,Apple Office Telephone
TEC-MA-10003624,Technology,Machines,StarTech Inkjet
FUR-CH-10001394,Furniture,Chairs,Global Leather Executive Chair
FUR-FU-10000065,Furniture,Furnishings,Rubbermaid Frame
TEC-PH-10003613,Technology,Phones,Apple Signal Booster
FUR-BO-10000203,Furniture,Bookcases,Sauder Library with Doors
OFF-AP-10001322,Office Supplies,Appliances,Hamilton Beach Stove
TEC-CO-10002759,Technology,Copiers,HP Copy Machine
TEC-PH-10003439,Technology,Phones,Apple Audio Dock
OFF-ST-10001638,Office Supplies,Storage,Tenex File Cart
FUR-TA-10000805,Furniture,Tables,Bevis Wood Table
TEC-EPS-10001651,Technology,Machines,Epson Phone
FUR-SAF-10004530,Furniture,Bookcases,Safco Floating Shelf Set
TEC-CO-10000427,Technology,Copiers,HP Fax Machine
FUR-TA-10004336,Furniture,Tables,Hon Wood Table
FUR-OFF-10004214,Furniture,Chairs,Office Star Executive Leather Armchair
OFF-ST-10001526,Office Supplies,Storage,Iceberg Mobile Mega Data/Printer Cart 
FUR-BO-10002032,Furniture,Bookcases,Ikea Stackable Bookrack
FUR-TA-10000671,Furniture,Tables,Barricks Conference Table
FUR-FU-10001942,Furniture,Furnishings,Eldon Frame
TEC-SAM-10000779,Technology,Phones,Samsung Signal Booster
TEC-PH-10001614,Technology,Phones,Motorola Audio Dock
OFF-AP-10001293,Office Supplies,Appliances,Belkin 8 Outlet Surge Protector
TEC-MA-10001098,Technology,Machines,StarTech Printer
FUR-SAF-10003819,Furniture,Chairs,SAFCO Swivel Stool
FUR-BO-10004452,Furniture,Bookcases,Bush Classic Bookcase
OFF-TEN-10001480,Office Supplies,Storage,Tenex Trays
TEC-AC-10001348,Technology,Accessories,Logitech Router
TEC-SAM-10001131,Technology,Phones,Samsung Smart Phone
TEC-PH-10001354,Technology,Phones,Motorola Speaker Phone
FUR-TA-10003899,Furniture,Tables,Barricks Round Table
FUR-BO-10004806,Furniture,Bookcases,Safco Corner Shelving
TEC-CO-10000775,Technology,Copiers,Sharp Fax and Copier
FUR-TA-10003591,Furniture,Tables,Bevis Wood Table
FUR-TA-10004308,Furniture,Tables,Lesro Wood Table
TEC-CO-10004701,Technology,Copiers,Sharp Copy Machine
FUR-FU-10001410,Furniture,Furnishings,Tenex Frame
FUR-TA-10000688,Furniture,Tables,Chromcraft Bull-Nose Wood Round Conference Table Top
FUR-CH-10000932,Furniture,Chairs,Harbour Creations Executive Leather Armchair
TEC-PH-10001548,Technology,Phones,Nokia Speaker Phone
OFF-KIT-10001791,Office Supplies,Appliances,KitchenAid Refrigerator
TEC-CO-10000070,Technology,Copiers,Hewlett Copy Machine
OFF-FEL-10002867,Office Supplies,Storage,Fellowes Lockers
FUR-TA-10004634,Furniture,Tables,Bevis Training Table
TEC-CO-10001628,Technology,Copiers,Sharp Personal Copier
FUR-HON-10004987,Furniture,Tables,Hon Training Table
FUR-HON-10001847,Furniture,Chairs,Hon Executive Leather Armchair
TEC-AC-10000483,Technology,Accessories,SanDisk Memory Card
OFF-CUI-10001032,Office Supplies,Appliances,Cuisinart Stove
OFF-AP-10000975,Office Supplies,Appliances,KitchenAid Stove
TEC-LOG-10003896,Technology,Accessories,Logitech Router
OFF-ST-10000025,Office Supplies,Storage,Fellowes Stor/Drawer Steel Plus Storage Drawers
TEC-AC-10003577,Technology,Accessories,Memorex Router
TEC-CO-10001343,Technology,Copiers,Canon Fax Machine
FUR-BO-10001739,Furniture,Bookcases,Dania Classic Bookcase
FUR-CH-10002965,Furniture,Chairs,Global Leather Highback Executive Chair with Pneumatic Height Adjustment
FUR-BO-10003028,Furniture,Bookcases,Sauder 3-Shelf Cabinet
TEC-PH-10003963,Technology,Phones,GE 2-Jack Phone Line Splitter
TEC-CO-10003362,Technology,Copiers,Sharp Fax and Copier
OFF-TEN-10000433,Office Supplies,Storage,Tenex Lockers
TEC-CO-10001501,Technology,Copiers,Canon Fax and Copier
FUR-BO-10001779,Furniture,Bookcases,Safco Stackable Bookrack
FUR-CH-10003848,Furniture,Chairs,Office Star Rocking Chair
TEC-AC-10001500,Technology,Accessories,Logitech Memory Card
OFF-AP-10000509,Office Supplies,Appliances,Hoover Refrigerator
OFF-BIN-10000772,Office Supplies,Art,Binney & Smith Pencil Sharpener
OFF-BRE-10001197,Office Supplies,Appliances,Breville Refrigerator
FUR-BO-10001010,Furniture,Bookcases,Dania Corner Shelving
TEC-NOK-10003562,Technology,Phones,Nokia Audio Dock
TEC-HP -10003248,Technology,Copiers,HP Fax Machine
TEC-CO-10002697,Technology,Copiers,Brother Wireless Fax
OFF-ST-10000095,Office Supplies,Storage,Fellowes File Cart
FUR-FU-10000432,Furniture,Furnishings,Eldon Clock
FUR-CH-10000025,Furniture,Chairs,Office Star Rocking Chair
TEC-CIS-10002544,Technology,Phones,Cisco Headset
TEC-CO-10002380,Technology,Copiers,Canon Fax and Copier
TEC-AC-10000474,Technology,Accessories,Kensington Expert Mouse Optical USB Trackball for PC or Mac
OFF-AP-10001510,Office Supplies,Appliances,Cuisinart Microwave
FUR-BAR-10004682,Furniture,Tables,Barricks Round Table
FUR-TA-10001089,Furniture,Tables,Hon Computer Table
FUR-BO-10001201,Furniture,Bookcases,Bush Stackable Bookrack
TEC-CO-10004115,Technology,Copiers,Sharp AL-1530CS Digital Copier
TEC-PH-10003546,Technology,Phones,Apple Signal Booster
TEC-AC-10000736,Technology,Accessories,Logitech G600 MMO Gaming Mouse
TEC-AC-10002253,Technology,Accessories,Imation Bio 8GB USB Flash Drive Imation Corp
TEC-CO-10001894,Technology,Copiers,Sharp Copy Machine
TEC-MA-10003198,Technology,Machines,Konica Phone
TEC-HP -10003618,Technology,Copiers,HP Fax Machine
FUR-TA-10000971,Furniture,Tables,Bevis Training Table
OFF-PA-10000994,Office Supplies,Paper,Xerox 1915
FUR-BO-10004254,Furniture,Bookcases,Ikea Classic Bookcase
TEC-PH-10003645,Technology,Phones,Aastra 57i VoIP phone
TEC-AC-10003174,Technology,Accessories,Plantronics S12 Corded Telephone Headset System
FUR-BO-10003903,Furniture,Bookcases,Dania 3-Shelf Cabinet
OFF-AP-10000577,Office Supplies,Appliances,Cuisinart Stove
TEC-MA-10003230,Technology,Machines,Okidata C610n Printer
TEC-CO-10004904,Technology,Copiers,Sharp Fax Machine
TEC-BRO-10003876,Technology,Copiers,Brother Fax Machine
FUR-CH-10002830,Furniture,Chairs,Office Star Rocking Chair
TEC-AC-10001990,Technology,Accessories,Kensington Orbit Wireless Mobile Trackball for PC and Mac
TEC-MEM-10000374,Technology,Accessories,Memorex Router
TEC-APP-10001586,Technology,Phones,Apple Speaker Phone
OFF-AP-10002537,Office Supplies,Appliances,Hamilton Beach Microwave
TEC-CO-10001933,Technology,Copiers,HP Fax Machine
FUR-BO-10003985,Furniture,Bookcases,Sauder Classic Bookcase
OFF-ST-10001780,Office Supplies,Storage,Tennsco 16-Compartment Lockers with Coat Rack
TEC-MA-10003298,Technology,Machines,Konica Card Printer
TEC-PH-10003823,Technology,Phones,Apple Headset
TEC-PH-10002352,Technology,Phones,Avaya IP Phone 1140E VoIP phone
TEC-PH-10001835,Technology,Phones,Jawbone JAMBOX Wireless Bluetooth Speaker
TEC-MA-10004533,Technology,Machines,Konica Receipt Printer
FUR-TA-10003690,Furniture,Tables,Hon Computer Table
TEC-CO-10000415,Technology,Copiers,Brother Ink
TEC-AC-10001056,Technology,Accessories,Belkin Router
FUR-TA-10001386,Furniture,Tables,Lesro Conference Table
TEC-CO-10002055,Technology,Copiers,Hewlett Ink
FUR-CH-10000155,Furniture,Chairs,Global Comet Stacking Armless Chair
TEC-HP -10004149,Technology,Copiers,HP Copy Machine
FUR-CH-10002602,Furniture,Chairs,DMI Arturo Collection Mission-style Design Wood Chair
FUR-HAR-10001374,Furniture,Chairs,Harbour Creations Executive Leather Armchair
OFF-FEL-10003848,Office Supplies,Storage,Fellowes Trays
FUR-FU-10002979,Furniture,Furnishings,Eldon Frame
TEC-PH-10000437,Technology,Phones,Cisco Signal Booster
OFF-FEL-10001776,Office Supplies,Storage,Fellowes File Cart
FUR-IKE-10004160,Furniture,Bookcases,Ikea Stackable Bookrack
FUR-BO-10004357,Furniture,Bookcases,O'Sullivan Living Dimensions 3-Shelf Bookcases
FUR-BO-10003408,Furniture,Bookcases,Ikea 3-Shelf Cabinet
FUR-BO-10002390,Furniture,Bookcases,Ikea Library with Doors
FUR-BO-10001781,Furniture,Bookcases,Bush Library with Doors
TEC-CO-10001943,Technology,Copiers,Canon PC-428 Personal Copier
OFF-AP-10004958,Office Supplies,Appliances,KitchenAid Stove
FUR-DAN-10002967,Furniture,Bookcases,Dania 3-Shelf Cabinet
FUR-BO-10001596,Furniture,Bookcases,Dania Library with Doors
TEC-AC-10001341,Technology,Accessories,Enermax Memory Card
TEC-CO-10002201,Technology,Copiers,Sharp Ink
TEC-CO-10003506,Technology,Copiers,HP Fax Machine
FUR-TA-10000323,Furniture,Tables,Lesro Round Table
TEC-HEW-10004652,Technology,Copiers,Hewlett Personal Copier
FUR-BO-10001461,Furniture,Bookcases,Safco Floating Shelf Set
OFF-ST-10003470,Office Supplies,Storage,Tennsco Snap-Together Open Shelving Units
FUR-CH-10004746,Furniture,Chairs,Office Star Executive Leather Armchair
FUR-BO-10004821,Furniture,Bookcases,Dania Corner Shelving
OFF-AP-10000828,Office Supplies,Appliances,Avanti 4.4 Cu. Ft. Refrigerator
TEC-CO-10001234,Technology,Copiers,Canon Fax Machine
TEC-PH-10003636,Technology,Phones,Samsung Speaker Phone
OFF-CUI-10000140,Office Supplies,Appliances,Cuisinart Microwave
TEC-PH-10001619,Technology,Phones,LG G3
TEC-LOG-10002018,Technology,Accessories,Logitech Memory Card
FUR-CH-10003982,Furniture,Chairs,Harbour Creations Swivel Stool
TEC-AC-10002348,Technology,Accessories,Enermax Memory Card
FUR-CH-10004853,Furniture,Chairs,Global Manager's Adjustable Task Chair
FUR-CH-10004626,Furniture,Chairs,Office Star Flex Back Scooter Chair with Aluminum Finish Frame
TEC-AC-10002172,Technology,Accessories,Memorex Keyboard
TEC-CO-10002108,Technology,Copiers,Brother Personal Copier
FUR-TA-10003786,Furniture,Tables,Hon Training Table
OFF-ST-10002574,Office Supplies,Storage,SAFCO Commercial Wire Shelving
TEC-CO-10001787,Technology,Copiers,HP Fax and Copier
FUR-BO-10000847,Furniture,Bookcases,Dania Stackable Bookrack
FUR-TA-10004256,Furniture,Tables,Bretford Just In Time Height-Adjustable Multi-Task Work Tables
TEC-CO-10002857,Technology,Copiers,Sharp Fax and Copier
OFF-ST-10004377,Office Supplies,Storage,Rogers File Cart
OFF-AP-10001503,Office Supplies,Appliances,KitchenAid Microwave
FUR-BO-10000038,Furniture,Bookcases,Bush Library with Doors
FUR-CH-10004447,Furniture,Chairs,Harbour Creations Rocking Chair
FUR-TA-10001306,Furniture,Tables,Hon Wood Table
TEC-PH-10004094,Technology,Phones,Motorola L703CM
FUR-IKE-10002894,Furniture,Bookcases,Ikea Library with Doors
TEC-PH-10003932,Technology,Phones,Apple Audio Dock
OFF-KIT-10004515,Office Supplies,Appliances,KitchenAid Microwave
FUR-TA-10003785,Furniture,Tables,Hon Round Table
TEC-MA-10004617,Technology,Machines,Konica Receipt Printer
TEC-PH-10004509,Technology,Phones,Nokia Audio Dock
FUR-BO-10003007,Furniture,Bookcases,Ikea Stackable Bookrack
OFF-AP-10003184,Office Supplies,Appliances,KitchenAid Stove
TEC-MA-10002264,Technology,Machines,Panasonic Printer
TEC-SHA-10003670,Technology,Copiers,Sharp Wireless Fax
OFF-AP-10004293,Office Supplies,Appliances,KitchenAid Refrigerator
FUR-BO-10001362,Furniture,Bookcases,Ikea Classic Bookcase
TEC-PH-10003995,Technology,Phones,Nokia Audio Dock
FUR-TA-10000945,Furniture,Tables,Bevis Coffee Table
OFF-AP-10004994,Office Supplies,Appliances,Hamilton Beach Refrigerator
TEC-CO-10003393,Technology,Copiers,Sharp Personal Copier
TEC-MA-10000429,Technology,Machines,Konica Card Printer
OFF-ST-10003964,Office Supplies,Storage,Fellowes Lockers
TEC-MA-10002614,Technology,Machines,Okidata Receipt Printer
TEC-AC-10000007,Technology,Accessories,SanDisk Router
FUR-CH-10004477,Furniture,Chairs,Global Push Button Manager's Chair
OFF-ST-10004837,Office Supplies,Storage,Eldon File Cart
TEC-MA-10000331,Technology,Machines,Okidata Printer
TEC-HEW-10001710,Technology,Copiers,Hewlett Ink
FUR-TA-10002868,Furniture,Tables,Barricks Coffee Table
FUR-BO-10003297,Furniture,Bookcases,Ikea 3-Shelf Cabinet
FUR-TA-10002912,Furniture,Tables,Lesro Conference Table
FUR-BO-10002084,Furniture,Bookcases,Dania Library with Doors
TEC-CO-10001703,Technology,Copiers,Brother Copy Machine
TEC-AC-10000244,Technology,Accessories,Memorex Router
FUR-CH-10004913,Furniture,Chairs,Office Star Rocking Chair
FUR-CH-10000863,Furniture,Chairs,Novimex Swivel Fabric Task Chair
TEC-CO-10004377,Technology,Copiers,Brother Fax Machine
TEC-CO-10002316,Technology,Copiers,Brother Personal Copier
FUR-CH-10000026,Furniture,Chairs,SAFCO Rocking Chair
TEC-PH-10002624,Technology,Phones,Samsung Galaxy S4 Mini
FUR-CH-10000326,Furniture,Chairs,SAFCO Rocking Chair
FUR-TA-10000963,Furniture,Tables,Chromcraft Round Table
TEC-HEW-10002302,Technology,Copiers,Hewlett Copy Machine
FUR-BO-10001483,Furniture,Bookcases,Bush Corner Shelving
TEC-AC-10004743,Technology,Accessories,Logitech Router
FUR-TA-10002530,Furniture,Tables,"Iceberg OfficeWorks 42"" Round Tables"
TEC-SHA-10000052,Technology,Copiers,Sharp Copy Machine
FUR-TA-10004937,Furniture,Tables,Chromcraft Conference Table
OFF-ST-10000430,Office Supplies,Storage,Tenex File Cart
FUR-CH-10000399,Furniture,Chairs,Hon Swivel Stool
TEC-APP-10003032,Technology,Phones,Apple Audio Dock
FUR-OFF-10003688,Furniture,Chairs,Office Star Rocking Chair
FUR-BEV-10004805,Furniture,Tables,Bevis Conference Table
TEC-CO-10004267,Technology,Copiers,Brother Ink
TEC-PH-10004261,Technology,Phones,Nokia Signal Booster
TEC-PH-10002780,Technology,Phones,Motorola Smart Phone
TEC-AC-10000501,Technology,Accessories,Enermax Router
TEC-SHA-10000306,Technology,Copiers,Sharp Copy Machine
TEC-AC-10004626,Technology,Accessories,Belkin Router
TEC-PH-10003620,Technology,Phones,Apple Signal Booster
TEC-PH-10002104,Technology,Phones,Cisco Speaker Phone
FUR-BO-10001580,Furniture,Bookcases,Dania Stackable Bookrack
TEC-CO-10001468,Technology,Copiers,Brother Fax Machine
FUR-RUB-10002067,Furniture,Furnishings,Rubbermaid Frame
FUR-CH-10000785,Furniture,Chairs,Global Ergonomic Managers Chair
TEC-MA-10003812,Technology,Machines,Panasonic Printer
FUR-BO-10002632,Furniture,Bookcases,Sauder Corner Shelving
TEC-PH-10004575,Technology,Phones,Motorola Smart Phone
FUR-BO-10002793,Furniture,Bookcases,Safco Floating Shelf Set
FUR-TA-10004406,Furniture,Tables,Bevis Computer Table
TEC-MA-10004172,Technology,Machines,Konica Printer
FUR-CH-10004993,Furniture,Chairs,Hon Swivel Stool
FUR-CH-10004600,Furniture,Chairs,Harbour Creations Chairmat
OFF-AR-10004881,Office Supplies,Art,Stanley Sketch Pad
TEC-PH-10004908,Technology,Phones,Panasonic KX TS3282W Corded phone
FUR-TA-10002957,Furniture,Tables,Bevis Training Table
TEC-CO-10004182,Technology,Copiers,Hewlett Wireless Fax
OFF-AR-10001759,Office Supplies,Art,Sanford Sketch Pad
TEC-PH-10001921,Technology,Phones,Nokia Signal Booster
TEC-HP -10003894,Technology,Copiers,HP Wireless Fax
FUR-BO-10004704,Furniture,Bookcases,Bush Corner Shelving
OFF-ST-10001357,Office Supplies,Storage,Eldon Lockers
TEC-MA-10003101,Technology,Machines,Panasonic Printer
FUR-CH-10001130,Furniture,Chairs,Harbour Creations Swivel Stool
FUR-TA-10003893,Furniture,Tables,Lesro Wood Table
FUR-TA-10001056,Furniture,Tables,Barricks Conference Table
OFF-ST-10000886,Office Supplies,Storage,Smead Lockers
FUR-CH-10003692,Furniture,Chairs,SAFCO Swivel Stool
OFF-AP-10002361,Office Supplies,Appliances,Hoover Microwave
FUR-BO-10004015,Furniture,Bookcases,Bush Andora Bookcase
FUR-CH-10002060,Furniture,Chairs,SAFCO Rocking Chair
TEC-CO-10001177,Technology,Copiers,HP Fax and Copier
TEC-AC-10002533,Technology,Accessories,Enermax Memory Card
TEC-PH-10000412,Technology,Phones,Cisco Office Telephone
TEC-CO-10002113,Technology,Copiers,Canon Ink
TEC-CO-10004034,Technology,Copiers,Canon Fax Machine
FUR-CH-10004572,Furniture,Chairs,Office Star Executive Leather Armchair
TEC-PAN-10002884,Technology,Machines,Panasonic Inkjet
FUR-OFF-10002542,Furniture,Chairs,Office Star Executive Leather Armchair
OFF-AP-10000108,Office Supplies,Appliances,Breville Refrigerator
FUR-CH-10000309,Furniture,Chairs,Global Comet Stacking Arm Chair
FUR-CH-10004592,Furniture,Chairs,Hon Rocking Chair
OFF-AP-10003618,Office Supplies,Appliances,Hoover Refrigerator
FUR-SAU-10004053,Furniture,Bookcases,Sauder Floating Shelf Set
TEC-CO-10003964,Technology,Copiers,Canon Fax Machine
TEC-CO-10003589,Technology,Copiers,HP Fax Machine
TEC-PH-10003157,Technology,Phones,Nokia Speaker Phone
OFF-AP-10000304,Office Supplies,Appliances,Hoover Microwave
FUR-FU-10001086,Furniture,Furnishings,Advantus Frame
FUR-BO-10000936,Furniture,Bookcases,Bush Floating Shelf Set
TEC-PH-10004120,Technology,Phones,AT&T 1080 Phone
OFF-ST-10000952,Office Supplies,Storage,Smead File Cart
TEC-PH-10000526,Technology,Phones,Vtech CS6719
TEC-CO-10001596,Technology,Copiers,Brother Wireless Fax
TEC-AC-10000990,Technology,Accessories,Imation Bio 2GB USB Flash Drive Imation Corp
OFF-HOO-10001105,Office Supplies,Appliances,Hoover Refrigerator
TEC-CO-10004343,Technology,Copiers,HP Wireless Fax
TEC-CO-10002769,Technology,Copiers,HP Fax Machine
FUR-BO-10004399,Furniture,Bookcases,Bush Floating Shelf Set
TEC-CO-10001445,Technology,Copiers,Brother Personal Copier
TEC-PH-10002834,Technology,Phones,Google Nexus 5
OFF-ST-10002354,Office Supplies,Storage,Eldon Lockers
TEC-PH-10003239,Technology,Phones,Samsung Signal Booster
FUR-TA-10000283,Furniture,Tables,Hon Wood Table
OFF-AP-10001926,Office Supplies,Appliances,Hamilton Beach Refrigerator
FUR-CH-10004287,Furniture,Chairs,SAFCO Arco Folding Chair
TEC-CO-10004690,Technology,Copiers,HP Wireless Fax
OFF-HAM-10000312,Office Supplies,Appliances,Hamilton Beach Refrigerator
TEC-PH-10003505,Technology,Phones,Geemarc AmpliPOWER60
FUR-CH-10000892,Furniture,Chairs,SAFCO Executive Leather Armchair
TEC-MA-10003773,Technology,Machines,Panasonic Card Printer
TEC-CO-10002937,Technology,Copiers,Canon Ink
TEC-PH-10002415,Technology,Phones,Polycom VoiceStation 500 Conference phone
FUR-FU-10001438,Furniture,Furnishings,Rubbermaid Frame
FUR-TA-10002645,Furniture,Tables,Hon Rectangular Conference Tables
TEC-MA-10002771,Technology,Machines,StarTech Inkjet
TEC-APP-10004657,Technology,Phones,Apple Smart Phone
TEC-PH-10001146,Technology,Phones,Nokia Smart Phone
TEC-CO-10004169,Technology,Copiers,HP Ink
OFF-HOO-10003653,Office Supplies,Appliances,Hoover Stove
FUR-BO-10000514,Furniture,Bookcases,Bush Library with Doors
OFF-ST-10000632,Office Supplies,Storage,Rogers Shelving
FUR-CH-10000969,Furniture,Chairs,Hon Executive Leather Armchair
TEC-CO-10002423,Technology,Copiers,Canon Personal Copier
OFF-ST-10002650,Office Supplies,Storage,Fellowes Lockers
FUR-CH-10002816,Furniture,Chairs,Harbour Creations Swivel Stool
TEC-MEM-10004524,Technology,Accessories,Memorex Memory Card
TEC-NOK-10000784,Technology,Phones,Nokia Speaker Phone
FUR-BO-10003272,Furniture,Bookcases,O'Sullivan Living Dimensions 5-Shelf Bookcases
TEC-CO-10003522,Technology,Copiers,Sharp Personal Copier
FUR-NOV-10002655,Furniture,Chairs,Novimex Swivel Stool
TEC-CO-10002916,Technology,Copiers,Hewlett Ink
FUR-TA-10003228,Furniture,Tables,Hon Computer Table
OFF-ST-10001346,Office Supplies,Storage,Smead File Cart
TEC-BRO-10003986,Technology,Copiers,Brother Personal Copier
TEC-PH-10001336,Technology,Phones,Digium D40 VoIP phone
FUR-FU-10003773,Furniture,Furnishings,Eldon Cleatmat Plus Chair Mats for High Pile Carpets
TEC-CO-10004234,Technology,Copiers,Canon Fax Machine
OFF-ST-10001097,Office Supplies,Storage,Office Impressions Heavy Duty Welded Shelving & Multimedia Storage Drawers
OFF-BI-10000389,Office Supplies,Binders,Ibico Binding Machine
FUR-HAR-10002697,Furniture,Chairs,Harbour Creations Executive Leather Armchair
OFF-ST-10003953,Office Supplies,Storage,Smead File Cart
TEC-CO-10003965,Technology,Copiers,Brother Ink
FUR-CH-10004011,Furniture,Chairs,SAFCO Executive Leather Armchair
TEC-CO-10003236,Technology,Copiers,Canon Image Class D660 Copier
FUR-ELD-10004384,Furniture,Furnishings,Eldon Frame
OFF-PA-10003395,Office Supplies,Paper,Xerox 1941
TEC-MA-10001792,Technology,Machines,Epson Inkjet
OFF-ST-10002221,Office Supplies,Storage,Rogers Lockers
OFF-ST-10002622,Office Supplies,Storage,Smead File Cart
FUR-IKE-10001301,Furniture,Bookcases,Ikea Stackable Bookrack
OFF-BOS-10002472,Office Supplies,Art,Boston Sketch Pad
TEC-PH-10001900,Technology,Phones,Motorola Signal Booster
FUR-SAF-10002846,Furniture,Bookcases,Safco Classic Bookcase
FUR-CH-10001039,Furniture,Chairs,Harbour Creations Rocking Chair
TEC-MA-10004666,Technology,Machines,Panasonic Inkjet
TEC-HP -10004590,Technology,Copiers,HP Fax Machine
FUR-HON-10000103,Furniture,Chairs,Hon Swivel Stool
FUR-TA-10000310,Furniture,Tables,Barricks Training Table
TEC-PAN-10000092,Technology,Machines,Panasonic Inkjet
FUR-CH-10002510,Furniture,Chairs,Office Star Steel Folding Chair
TEC-AC-10004808,Technology,Accessories,Memorex Router
FUR-TA-10000962,Furniture,Tables,Hon Conference Table
TEC-CO-10000825,Technology,Copiers,Brother Ink
TEC-PH-10004085,Technology,Phones,Apple Audio Dock
FUR-BO-10000684,Furniture,Bookcases,Sauder Corner Shelving
TEC-AC-10004880,Technology,Accessories,Logitech Keyboard
FUR-ADV-10000571,Furniture,Furnishings,Advantus Frame
TEC-CO-10002057,Technology,Copiers,Sharp Copy Machine
FUR-TA-10003790,Furniture,Tables,Bevis Computer Table
FUR-BO-10004924,Furniture,Bookcases,Sauder Library with Doors
TEC-MA-10000768,Technology,Machines,Epson Card Printer
FUR-TA-10000617,Furniture,Tables,Hon Practical Foundations 30 x 60 Training Table
TEC-AC-10002883,Technology,Accessories,Logitech Keyboard
FUR-CH-10000663,Furniture,Chairs,Hon Steel Folding Chair
TEC-PH-10000369,Technology,Phones,HTC One Mini
FUR-SAF-10000949,Furniture,Bookcases,Safco Floating Shelf Set
TEC-CO-10001589,Technology,Copiers,Hewlett Wireless Fax
FUR-TA-10000558,Furniture,Tables,Hon Wood Table
TEC-CO-10001407,Technology,Copiers,Canon Ink
TEC-PH-10002574,Technology,Phones,Cisco Speaker Phone
TEC-PH-10004241,Technology,Phones,Nokia Lumia 1020
OFF-AP-10002104,Office Supplies,Appliances,Hoover Microwave
FUR-NOV-10000847,Furniture,Chairs,Novimex Executive Leather Armchair
TEC-PH-10000332,Technology,Phones,Samsung Smart Phone
FUR-TA-10003771,Furniture,Tables,Hon Computer Table
TEC-PH-10002496,Technology,Phones,Cisco SPA301
OFF-BI-10001808,Office Supplies,Binders,Cardinal Binding Machine
OFF-ST-10002251,Office Supplies,Storage,Fellowes Shelving
TEC-STA-10004542,Technology,Machines,StarTech Calculator
FUR-BO-10001558,Furniture,Bookcases,Safco 3-Shelf Cabinet
OFF-AP-10004063,Office Supplies,Appliances,Cuisinart Stove
FUR-TA-10001549,Furniture,Tables,Barricks Coffee Table
OFF-AP-10001298,Office Supplies,Appliances,Breville Stove
FUR-NOV-10001972,Furniture,Chairs,Novimex Swivel Stool
FUR-BO-10001598,Furniture,Bookcases,Bush Corner Shelving
OFF-SU-10000906,Office Supplies,Supplies,Fiskars Shears
TEC-CO-10002686,Technology,Copiers,Hewlett Fax Machine
FUR-CH-10003774,Furniture,Chairs,Global Wood Trimmed Manager's Task Chair
OFF-ST-10002974,Office Supplies,Storage,Trav-L-File Heavy-Duty Shuttle II
TEC-PAN-10002365,Technology,Machines,Panasonic Printer
FUR-BEV-10001217,Furniture,Tables,Bevis Wood Table
FUR-TA-10001726,Furniture,Tables,Bevis Coffee Table
TEC-PH-10004614,Technology,Phones,Cisco Headset
TEC-MA-10003441,Technology,Machines,Okidata Inkjet
FUR-TA-10004840,Furniture,Tables,Hon Conference Table
TEC-AC-10002884,Technology,Accessories,Belkin Keyboard
FUR-CH-10004755,Furniture,Chairs,Novimex Swivel Stool
FUR-TA-10001531,Furniture,Tables,Lesro Training Table
TEC-PH-10000705,Technology,Phones,Apple Headset
TEC-CO-10001472,Technology,Copiers,Sharp Copy Machine
OFF-AP-10002625,Office Supplies,Appliances,Cuisinart Microwave
TEC-MA-10003743,Technology,Machines,StarTech Printer
TEC-EPS-10000689,Technology,Machines,Epson Card Printer
OFF-AP-10002536,Office Supplies,Appliances,Hoover Refrigerator
FUR-TA-10001039,Furniture,Tables,KI Adjustable-Height Table
FUR-CH-10003114,Furniture,Chairs,Harbour Creations Swivel Stool
FUR-BO-10004425,Furniture,Bookcases,Sauder Library with Doors
TEC-PH-10004879,Technology,Phones,Nokia Headset
TEC-AC-10004018,Technology,Accessories,SanDisk Memory Card
TEC-PH-10002262,Technology,Phones,LG Electronics Tone+ HBS-730 Bluetooth Headset
TEC-MA-10002389,Technology,Machines,StarTech Receipt Printer
TEC-CAN-10004354,Technology,Copiers,Canon Ink
OFF-FEL-10001865,Office Supplies,Storage,Fellowes File Cart
OFF-CUI-10003409,Office Supplies,Appliances,Cuisinart Refrigerator
TEC-PH-10004263,Technology,Phones,Cisco Signal Booster
OFF-ST-10002566,Office Supplies,Storage,Tenex Lockers
OFF-KIT-10003611,Office Supplies,Appliances,KitchenAid Stove
FUR-BO-10003945,Furniture,Bookcases,Sauder 3-Shelf Cabinet
TEC-PH-10001428,Technology,Phones,Motorola Headset
OFF-AR-10001461,Office Supplies,Art,BIC Canvas
OFF-AP-10004711,Office Supplies,Appliances,Breville Refrigerator
OFF-AP-10003308,Office Supplies,Appliances,KitchenAid Stove
TEC-CO-10003268,Technology,Copiers,HP Fax and Copier
TEC-MA-10004956,Technology,Machines,Konica Card Printer
TEC-CO-10003160,Technology,Copiers,Brother Wireless Fax
TEC-MA-10002941,Technology,Machines,Okidata Card Printer
OFF-ST-10001932,Office Supplies,Storage,Fellowes Staxonsteel Drawer Files
FUR-FU-10004608,Furniture,Furnishings,Advantus Door Stop
FUR-HON-10001689,Furniture,Chairs,Hon Executive Leather Armchair
TEC-ENE-10000154,Technology,Accessories,Enermax Router
TEC-CO-10002583,Technology,Copiers,Canon Fax and Copier
TEC-CO-10002110,Technology,Copiers,Brother Personal Copier
TEC-MA-10001248,Technology,Machines,StarTech Inkjet
TEC-CO-10001382,Technology,Copiers,HP Personal Copier
FUR-TA-10003254,Furniture,Tables,Bevis Round Table
FUR-OFF-10000303,Furniture,Chairs,Office Star Rocking Chair
TEC-MA-10004679,Technology,Machines,StarTech.com 10/100 VDSL2 Ethernet Extender Kit
TEC-PH-10002563,Technology,Phones,Adtran 1202752G1
TEC-AC-10004414,Technology,Accessories,Enermax Router
OFF-AP-10002371,Office Supplies,Appliances,KitchenAid Blender
TEC-CO-10001196,Technology,Copiers,Brother Fax Machine
OFF-SU-10001578,Office Supplies,Supplies,Stiletto Shears
TEC-MOT-10001244,Technology,Phones,Motorola Audio Dock
FUR-FU-10004306,Furniture,Furnishings,Electrix Halogen Magnifier Lamp
TEC-PH-10002387,Technology,Phones,Motorola Signal Booster
OFF-AP-10004041,Office Supplies,Appliances,KitchenAid Microwave
OFF-AP-10001099,Office Supplies,Appliances,Hoover Stove
TEC-CO-10002157,Technology,Copiers,Canon Fax Machine
TEC-CO-10000043,Technology,Copiers,Brother Fax Machine
FUR-TA-10002041,Furniture,Tables,Lesro Computer Table
FUR-SAF-10003745,Furniture,Chairs,SAFCO Rocking Chair
TEC-PH-10003954,Technology,Phones,Cisco Signal Booster
TEC-CO-10003083,Technology,Copiers,HP Fax Machine
OFF-TEN-10003089,Office Supplies,Storage,Tenex File Cart
OFF-BIN-10000711,Office Supplies,Art,Binney & Smith Markers
FUR-BO-10002325,Furniture,Bookcases,Bush Classic Bookcase
FUR-BO-10000022,Furniture,Bookcases,Dania Floating Shelf Set
FUR-BO-10003438,Furniture,Bookcases,Dania Corner Shelving
OFF-AR-10001110,Office Supplies,Art,BIC Pencil Sharpener
TEC-EPS-10002958,Technology,Machines,Epson Receipt Printer
OFF-AP-10002629,Office Supplies,Appliances,Cuisinart Stove
TEC-CO-10002242,Technology,Copiers,Brother Fax and Copier
FUR-BO-10000655,Furniture,Bookcases,Dania Classic Bookcase
OFF-AP-10003702,Office Supplies,Appliances,Cuisinart Refrigerator
FUR-SAU-10004137,Furniture,Bookcases,Sauder Floating Shelf Set
OFF-ST-10004020,Office Supplies,Storage,Tenex Lockers
FUR-BO-10002214,Furniture,Bookcases,Dania Floating Shelf Set
TEC-CO-10000854,Technology,Copiers,Canon Personal Copier
OFF-ELD-10001694,Office Supplies,Storage,Eldon File Cart
TEC-PH-10000990,Technology,Phones,Cisco Signal Booster
TEC-MA-10000172,Technology,Machines,StarTech Inkjet
TEC-AC-10000890,Technology,Accessories,Belkin Router
OFF-ST-10003547,Office Supplies,Storage,Smead Shelving
FUR-CH-10003109,Furniture,Chairs,Office Star Rocking Chair
OFF-ST-10004489,Office Supplies,Storage,Smead Lockers
FUR-BO-10000820,Furniture,Bookcases,Sauder 3-Shelf Cabinet
FUR-BO-10003768,Furniture,Bookcases,Sauder 3-Shelf Cabinet
TEC-PH-10001917,Technology,Phones,Apple Signal Booster
OFF-HAM-10004917,Office Supplies,Appliances,Hamilton Beach Stove
TEC-AC-10001100,Technology,Accessories,Logitech Router
TEC-MA-10003314,Technology,Machines,Epson Phone
TEC-CO-10001595,Technology,Copiers,Brother Copy Machine
TEC-PH-10003945,Technology,Phones,Nokia Audio Dock
TEC-MA-10003178,Technology,Machines,Okidata Receipt Printer
FUR-CH-10003097,Furniture,Chairs,Hon Rocking Chair
OFF-AR-10003066,Office Supplies,Art,Sanford Markers
TEC-PH-10001432,Technology,Phones,Motorola Signal Booster
OFF-ST-10000619,Office Supplies,Storage,Eldon Lockers
FUR-CH-10001784,Furniture,Chairs,SAFCO Steel Folding Chair
FUR-CH-10001150,Furniture,Chairs,SAFCO Steel Folding Chair
FUR-FU-10001144,Furniture,Furnishings,Rubbermaid Photo Frame
TEC-CO-10001157,Technology,Copiers,Hewlett Personal Copier
TEC-NOK-10002555,Technology,Phones,Nokia Audio Dock
FUR-FU-10002246,Furniture,Furnishings,Tenex Frame
FUR-FU-10000815,Furniture,Furnishings,Eldon Door Stop
FUR-BO-10004119,Furniture,Bookcases,Ikea Floating Shelf Set
FUR-CHR-10001570,Furniture,Tables,Chromcraft Conference Table
TEC-PH-10004297,Technology,Phones,Motorola Speaker Phone
FUR-BO-10003706,Furniture,Bookcases,Sauder Stackable Bookrack
FUR-TA-10000038,Furniture,Tables,Chromcraft Conference Table
FUR-OFF-10001132,Furniture,Chairs,Office Star Swivel Stool
TEC-PH-10004105,Technology,Phones,Motorola Speaker Phone
TEC-AC-10002649,Technology,Accessories,Belkin Keyboard
OFF-AP-10002684,Office Supplies,Appliances,Acco 7-Outlet Masterpiece Power Center
TEC-CO-10000388,Technology,Copiers,Canon Fax Machine
OFF-AP-10001138,Office Supplies,Appliances,Cuisinart Blender
OFF-AP-10000873,Office Supplies,Appliances,Hamilton Beach Microwave
TEC-CO-10002063,Technology,Copiers,Sharp Fax Machine
TEC-CO-10000269,Technology,Copiers,HP Ink
FUR-CH-10003353,Furniture,Chairs,Hon Executive Leather Armchair
OFF-ST-10000990,Office Supplies,Storage,Eldon Lockers
TEC-AC-10002257,Technology,Accessories,Enermax Router
TEC-PH-10001002,Technology,Phones,Apple Signal Booster
OFF-ST-10000922,Office Supplies,Storage,Eldon File Cart
FUR-TA-10002855,Furniture,Tables,Bevis Round Conference Table Top & Single Column Base
TEC-PH-10001918,Technology,Phones,Nortel Business Series Terminal T7208 Digital phone
TEC-AC-10001251,Technology,Accessories,Belkin Numeric Keypad
FUR-CH-10003061,Furniture,Chairs,Global Leather Task Chair
OFF-AP-10004487,Office Supplies,Appliances,Kensington 4 Outlet MasterPiece Compact Power Control Center
TEC-CO-10002271,Technology,Copiers,Sharp Fax Machine
TEC-CO-10003420,Technology,Copiers,Sharp Wireless Fax
OFF-ST-10003111,Office Supplies,Storage,Eldon Trays
FUR-BO-10001708,Furniture,Bookcases,Safco Stackable Bookrack
FUR-CH-10001382,Furniture,Chairs,Office Star Chairmat
OFF-SME-10004553,Office Supplies,Storage,Smead Lockers
FUR-CH-10003965,Furniture,Chairs,Hon Rocking Chair
TEC-CO-10000791,Technology,Copiers,Sharp Personal Copier
TEC-OKI-10000372,Technology,Machines,Okidata Inkjet
TEC-MA-10001711,Technology,Machines,Konica Phone
FUR-BO-10002680,Furniture,Bookcases,Sauder 3-Shelf Cabinet
TEC-CO-10004147,Technology,Copiers,Brother Fax and Copier
FUR-CH-10000470,Furniture,Chairs,Novimex Executive Leather Armchair
FUR-FU-10003219,Furniture,Furnishings,Eldon Frame
OFF-SU-10001346,Office Supplies,Supplies,Stiletto Shears
OFF-ST-10001755,Office Supplies,Storage,Smead Lockers
FUR-CH-10001684,Furniture,Chairs,Office Star Rocking Chair
TEC-AC-10004753,Technology,Accessories,Logitech Memory Card
TEC-MA-10004063,Technology,Machines,Okidata Printer
OFF-FEL-10001630,Office Supplies,Storage,Fellowes Lockers
OFF-FEL-10001541,Office Supplies,Storage,Fellowes Lockers
TEC-CO-10004998,Technology,Copiers,HP Fax and Copier
TEC-PH-10001573,Technology,Phones,Nokia Smart Phone
TEC-PH-10003325,Technology,Phones,Samsung Speaker Phone
FUR-CH-10002091,Furniture,Chairs,Harbour Creations Swivel Stool
TEC-AC-10003947,Technology,Accessories,SanDisk Keyboard
FUR-BO-10003199,Furniture,Bookcases,Bush Classic Bookcase
TEC-PH-10001884,Technology,Phones,Nokia Office Telephone
OFF-ST-10000622,Office Supplies,Storage,Rogers File Cart
TEC-CO-10003516,Technology,Copiers,Sharp Ink
TEC-AC-10000844,Technology,Accessories,Logitech Gaming G510s - Keyboard
FUR-BEV-10002369,Furniture,Tables,Bevis Training Table
TEC-CO-10001087,Technology,Copiers,Hewlett Ink
FUR-FU-10003708,Furniture,Furnishings,Tenex Traditional Chairmats for Medium Pile Carpet
FUR-TA-10000317,Furniture,Tables,Barricks Computer Table
FUR-CH-10004289,Furniture,Chairs,Global Super Steno Chair
FUR-CH-10004009,Furniture,Chairs,SAFCO Rocking Chair
TEC-CO-10001487,Technology,Copiers,Canon Ink
OFF-AR-10002671,Office Supplies,Art,Hunt BOSTON Model 1606 High-Volume Electric Pencil Sharpener
OFF-HAM-10004122,Office Supplies,Appliances,Hamilton Beach Microwave
FUR-TA-10002611,Furniture,Tables,Barricks Computer Table
TEC-CO-10002578,Technology,Copiers,Canon Copy Machine
FUR-HON-10004137,Furniture,Chairs,Hon Rocking Chair
FUR-CH-10001871,Furniture,Chairs,Harbour Creations Steel Folding Chair
FUR-CH-10002126,Furniture,Chairs,Hon Deluxe Fabric Upholstered Stacking Chairs
FUR-BO-10003106,Furniture,Bookcases,Sauder Corner Shelving
TEC-STA-10003081,Technology,Machines,StarTech Phone
FUR-FU-10002539,Furniture,Furnishings,Tenex Clock
OFF-AP-10003559,Office Supplies,Appliances,Hamilton Beach Stove
TEC-MA-10001290,Technology,Machines,Panasonic Printer
OFF-AP-10000938,Office Supplies,Appliances,Avanti 1.7 Cu. Ft. Refrigerator
FUR-TA-10000222,Furniture,Tables,Bevis Training Table
FUR-TA-10002341,Furniture,Tables,Barricks Computer Table
TEC-OKI-10000616,Technology,Machines,Okidata Card Printer
TEC-AC-10001552,Technology,Accessories,Logitech K350 2.4Ghz Wireless Keyboard
FUR-TA-10001539,Furniture,Tables,Chromcraft Rectangular Conference Tables
TEC-AC-10001254,Technology,Accessories,Enermax Memory Card
OFF-EN-10002924,Office Supplies,Envelopes,GlobeWeis Interoffice Envelope
FUR-DAN-10002028,Furniture,Bookcases,Dania Classic Bookcase
FUR-CH-10003392,Furniture,Chairs,Novimex Steel Folding Chair
FUR-TA-10002797,Furniture,Tables,Chromcraft Round Table
FUR-BO-10003386,Furniture,Bookcases,Sauder 3-Shelf Cabinet
FUR-CH-10002970,Furniture,Chairs,Harbour Creations Chairmat
TEC-PH-10002152,Technology,Phones,Apple Headset
OFF-AR-10004519,Office Supplies,Art,Boston Canvas
TEC-PH-10001640,Technology,Phones,Motorola Office Telephone
FUR-CH-10002555,Furniture,Chairs,Novimex Rocking Chair
OFF-ST-10002538,Office Supplies,Storage,Rogers File Cart
FUR-TA-10001307,Furniture,Tables,SAFCO PlanMaster Heigh-Adjustable Drafting Table Base
TEC-CO-10000344,Technology,Copiers,Hewlett Copy Machine
TEC-CO-10002523,Technology,Copiers,Hewlett Personal Copier
FUR-TA-10001930,Furniture,Tables,Bevis Computer Table
FUR-BO-10004441,Furniture,Bookcases,Ikea Library with Doors
TEC-PH-10002218,Technology,Phones,Apple Speaker Phone
TEC-MA-10001727,Technology,Machines,Konica Receipt Printer
FUR-BO-10002782,Furniture,Bookcases,Safco Corner Shelving
OFF-ST-10004754,Office Supplies,Storage,Fellowes Lockers
TEC-PH-10004437,Technology,Phones,Cisco Speaker Phone
OFF-CUI-10002269,Office Supplies,Appliances,Cuisinart Refrigerator
FUR-CH-10004218,Furniture,Chairs,Global Fabric Manager's Chair
OFF-EN-10002723,Office Supplies,Envelopes,Cameo Interoffice Envelope
OFF-SU-10004848,Office Supplies,Supplies,Kleencut Shears
TEC-AC-10003159,Technology,Accessories,SanDisk Router
TEC-AC-10004317,Technology,Accessories,SanDisk Numeric Keypad
TEC-MA-10000742,Technology,Machines,Konica Inkjet
FUR-SAU-10000893,Furniture,Bookcases,Sauder Stackable Bookrack
FUR-SAU-10003872,Furniture,Bookcases,Sauder Floating Shelf Set
TEC-CO-10000135,Technology,Copiers,HP Wireless Fax
OFF-ST-10003907,Office Supplies,Storage,Rogers Shelving
TEC-CIS-10003017,Technology,Phones,Cisco Signal Booster
FUR-FU-10001447,Furniture,Furnishings,Eldon Stacking Tray
FUR-BO-10001646,Furniture,Bookcases,Safco Library with Doors
TEC-PH-10004028,Technology,Phones,Apple Headset
OFF-AP-10003568,Office Supplies,Appliances,Hoover Stove
TEC-CO-10002404,Technology,Copiers,HP Fax Machine
TEC-PH-10004959,Technology,Phones,Motorola Audio Dock
TEC-AC-10002402,Technology,Accessories,Razer Kraken PRO Over Ear PC and Music Headset
OFF-EAT-10002122,Office Supplies,Paper,Eaton Cards & Envelopes
TEC-STA-10003925,Technology,Machines,StarTech Card Printer
TEC-AC-10000712,Technology,Accessories,Enermax Router
FUR-CH-10002653,Furniture,Chairs,Office Star Rocking Chair
OFF-ST-10003020,Office Supplies,Storage,Tenex Lockers
OFF-ST-10001554,Office Supplies,Storage,Tenex File Cart
FUR-TA-10002172,Furniture,Tables,Hon Conference Table
FUR-RUB-10003724,Furniture,Furnishings,Rubbermaid Frame
OFF-ST-10003282,Office Supplies,Storage,Advantus 10-Drawer Portable Organizer
OFF-ST-10000142,Office Supplies,Storage,Deluxe Rollaway Locking File with Drawer
FUR-BO-10000362,Furniture,Bookcases,Sauder Inglewood Library Bookcases
TEC-CO-10002586,Technology,Copiers,Brother Ink
TEC-MA-10002780,Technology,Machines,Okidata Inkjet
TEC-PH-10002127,Technology,Phones,Cisco Smart Phone
FUR-FU-10004876,Furniture,Furnishings,Eldon Frame
OFF-AP-10003800,Office Supplies,Appliances,Hoover Microwave
TEC-MA-10000605,Technology,Machines,Epson Card Printer
FUR-CH-10003836,Furniture,Chairs,Harbour Creations Rocking Chair
FUR-CH-10000432,Furniture,Chairs,Harbour Creations Swivel Stool
FUR-OFF-10004824,Furniture,Chairs,Office Star Swivel Stool
FUR-FU-10000368,Furniture,Furnishings,Deflect-O Frame
TEC-MA-10000334,Technology,Machines,Panasonic Printer
OFF-BRE-10003295,Office Supplies,Appliances,Breville Microwave
TEC-PH-10000070,Technology,Phones,Nokia Headset
OFF-AP-10001692,Office Supplies,Appliances,KitchenAid Stove
FUR-CH-10004584,Furniture,Chairs,Office Star Steel Folding Chair
TEC-AC-10002001,Technology,Accessories,Logitech Wireless Gaming Headset G930
FUR-CH-10003551,Furniture,Chairs,Hon Swivel Stool
FUR-TA-10001289,Furniture,Tables,Lesro Conference Table
OFF-ELD-10002297,Office Supplies,Storage,Eldon Lockers
TEC-MA-10004023,Technology,Machines,Konica Phone
TEC-SAM-10000613,Technology,Phones,Samsung Speaker Phone
TEC-PH-10003075,Technology,Phones,Samsung Signal Booster
TEC-AC-10003327,Technology,Accessories,Logitech Keyboard
FUR-CH-10003761,Furniture,Chairs,Global Italian Leather Office Chair
TEC-PH-10002602,Technology,Phones,Nokia Headset
OFF-ST-10003528,Office Supplies,Storage,Fellowes Folders
TEC-PH-10003012,Technology,Phones,Nortel Meridian M3904 Professional Digital phone
TEC-MA-10003280,Technology,Machines,Panasonic Receipt Printer
OFF-AP-10000003,Office Supplies,Appliances,KitchenAid Refrigerator
TEC-MA-10001831,Technology,Machines,Konica Card Printer
TEC-PH-10004048,Technology,Phones,Apple Audio Dock
FUR-BO-10004080,Furniture,Bookcases,Ikea Stackable Bookrack
OFF-AP-10001876,Office Supplies,Appliances,Hoover Coffee Grinder
OFF-ST-10003641,Office Supplies,Storage,Fellowes Trays
TEC-PH-10003484,Technology,Phones,Ooma Telo VoIP Home Phone System
OFF-ST-10002756,Office Supplies,Storage,Tennsco Stur-D-Stor Boltless Shelving
OFF-ST-10000046,Office Supplies,Storage,Fellowes Super Stor/Drawer Files
FUR-SAF-10002314,Furniture,Chairs,SAFCO Swivel Stool
TEC-PH-10004358,Technology,Phones,Cisco Audio Dock
TEC-PH-10003601,Technology,Phones,Ativa D5772 2-Line 5.8GHz Digital Expandable Corded/Cordless Phone System with Answering & Caller ID/Call Waiting
TEC-BRO-10001568,Technology,Copiers,Brother Wireless Fax
OFF-AP-10000621,Office Supplies,Appliances,KitchenAid Microwave
OFF-ST-10003995,Office Supplies,Storage,Eldon File Cart
TEC-PH-10002483,Technology,Phones,Motorola Moto X
FUR-FU-10001477,Furniture,Furnishings,Deflect-O Frame
TEC-CO-10000270,Technology,Copiers,Hewlett Fax Machine
TEC-CO-10001567,Technology,Copiers,Brother Copy Machine
FUR-BO-10000780,Furniture,Bookcases,O'Sullivan Plantations 2-Door Library in Landvery Oak
TEC-KON-10002194,Technology,Machines,Konica Printer
TEC-CO-10004929,Technology,Copiers,Canon Personal Copier
TEC-SAN-10004424,Technology,Accessories,SanDisk Router
TEC-PAN-10003688,Technology,Machines,Panasonic Printer
TEC-ENE-10004509,Technology,Accessories,Enermax Router
OFF-AP-10001274,Office Supplies,Appliances,Hoover Microwave
FUR-TA-10002622,Furniture,Tables,Bush Andora Conference Table
FUR-CH-10004054,Furniture,Chairs,Hon Rocking Chair
TEC-CO-10001166,Technology,Copiers,HP Personal Copier
TEC-AC-10004975,Technology,Accessories,Plantronics Audio 995 Wireless Stereo Headset
TEC-BRO-10004178,Technology,Copiers,Brother Wireless Fax
OFF-ST-10003203,Office Supplies,Storage,Eldon Lockers
FUR-SAF-10002495,Furniture,Bookcases,Safco Library with Doors
TEC-PH-10002647,Technology,Phones,Nokia Headset
FUR-BO-10002679,Furniture,Bookcases,Ikea Stackable Bookrack
TEC-AC-10001455,Technology,Accessories,Logitech Memory Card
FUR-TA-10003522,Furniture,Tables,Chromcraft Conference Table
FUR-CH-10002966,Furniture,Chairs,Harbour Creations Swivel Stool
FUR-CH-10003956,Furniture,Chairs,Novimex High-Tech Fabric Mesh Task Chair
FUR-BO-10003323,Furniture,Bookcases,Safco 3-Shelf Cabinet
TEC-AC-10003615,Technology,Accessories,SanDisk Router
OFF-ROG-10002132,Office Supplies,Storage,Rogers Lockers
FUR-CH-10003355,Furniture,Chairs,Harbour Creations Chairmat
TEC-AC-10001705,Technology,Accessories,Logitech Keyboard
TEC-PH-10002183,Technology,Phones,Apple Audio Dock
TEC-CO-10000452,Technology,Copiers,HP Copy Machine
FUR-IKE-10000649,Furniture,Bookcases,Ikea Library with Doors
FUR-BUS-10004854,Furniture,Bookcases,Bush Floating Shelf Set
TEC-AC-10002850,Technology,Accessories,Enermax Memory Card
TEC-CO-10003807,Technology,Copiers,HP Personal Copier
FUR-DAN-10001993,Furniture,Bookcases,Dania 3-Shelf Cabinet
TEC-AC-10002738,Technology,Accessories,Belkin Memory Card
FUR-DAN-10003065,Furniture,Bookcases,Dania Library with Doors
TEC-HP -10000081,Technology,Copiers,HP Ink
TEC-SAM-10001017,Technology,Phones,Samsung Speaker Phone
TEC-PH-10003723,Technology,Phones,Samsung Audio Dock
TEC-AC-10003814,Technology,Accessories,Belkin Router
OFF-ST-10003102,Office Supplies,Storage,Rogers Lockers
OFF-AP-10004140,Office Supplies,Appliances,Breville Stove
FUR-TA-10002571,Furniture,Tables,Chromcraft Coffee Table
FUR-CH-10001190,Furniture,Chairs,Global Deluxe High-Back Office Chair in Storm
OFF-ST-10000648,Office Supplies,Storage,Eldon File Cart
FUR-BO-10002352,Furniture,Bookcases,Ikea 3-Shelf Cabinet
TEC-PH-10003960,Technology,Phones,Apple Speaker Phone
OFF-AP-10000226,Office Supplies,Appliances,Hoover Coffee Grinder
FUR-FU-10002919,Furniture,Furnishings,Rubbermaid Frame
OFF-AP-10001664,Office Supplies,Appliances,Cuisinart Stove
FUR-NOV-10004602,Furniture,Chairs,Novimex Executive Leather Armchair
FUR-CH-10003883,Furniture,Chairs,Office Star Swivel Stool
TEC-MA-10001622,Technology,Machines,Okidata Card Printer
TEC-PH-10000458,Technology,Phones,Nokia Office Telephone
OFF-AP-10002764,Office Supplies,Appliances,Hoover Microwave
OFF-BI-10002894,Office Supplies,Binders,Avery Binding Machine
FUR-CHR-10002278,Furniture,Tables,Chromcraft Round Table
TEC-BRO-10000463,Technology,Copiers,Brother Copy Machine
FUR-CH-10000294,Furniture,Chairs,Office Star Swivel Stool
TEC-PH-10004772,Technology,Phones,Motorola Signal Booster
TEC-HEW-10004690,Technology,Copiers,Hewlett Fax and Copier
TEC-PH-10003556,Technology,Phones,Samsung Speaker Phone
FUR-TA-10004972,Furniture,Tables,Chromcraft Wood Table
FUR-IKE-10003015,Furniture,Bookcases,Ikea Library with Doors
TEC-STA-10004181,Technology,Machines,StarTech Inkjet
FUR-FU-10002890,Furniture,Furnishings,Rubbermaid Frame
TEC-MA-10003183,Technology,Machines,DYMO CardScan Personal V9 Business Card Scanner
FUR-FU-10000729,Furniture,Furnishings,Eldon Clock
OFF-PA-10000418,Office Supplies,Paper,Xerox 189
FUR-BO-10000425,Furniture,Bookcases,Bush Floating Shelf Set
TEC-CO-10002427,Technology,Copiers,Canon Copy Machine
TEC-PH-10003488,Technology,Phones,Nokia Signal Booster
OFF-ST-10002085,Office Supplies,Storage,Tenex File Cart
FUR-BO-10004055,Furniture,Bookcases,Safco Corner Shelving
TEC-CO-10004263,Technology,Copiers,Hewlett Personal Copier
FUR-BO-10001326,Furniture,Bookcases,Bush 3-Shelf Cabinet
TEC-PH-10001819,Technology,Phones,Innergie mMini Combo Duo USB Travel Charging Kit
FUR-TA-10002774,Furniture,Tables,Laminate Occasional Tables
TEC-MA-10002711,Technology,Machines,Epson Card Printer
FUR-TA-10000789,Furniture,Tables,Lesro Training Table
TEC-AC-10003911,Technology,Accessories,NETGEAR AC1750 Dual Band Gigabit Smart WiFi Router
TEC-HEW-10000365,Technology,Copiers,Hewlett Copy Machine
OFF-ST-10002790,Office Supplies,Storage,Safco Industrial Shelving
TEC-APP-10004912,Technology,Phones,Apple Speaker Phone
TEC-BEL-10002324,Technology,Accessories,Belkin Keyboard
TEC-PH-10003691,Technology,Phones,BlackBerry Q10
FUR-TA-10004531,Furniture,Tables,Chromcraft Coffee Table
FUR-TA-10003157,Furniture,Tables,Hon Coffee Table
FUR-CH-10003362,Furniture,Chairs,Office Star Swivel Stool
TEC-AC-10003921,Technology,Accessories,Enermax Numeric Keypad
FUR-BO-10002781,Furniture,Bookcases,Sauder Floating Shelf Set
OFF-AP-10001285,Office Supplies,Appliances,Cuisinart Stove
FUR-TA-10002699,Furniture,Tables,Hon Round Table
OFF-SME-10004702,Office Supplies,Storage,Smead File Cart
FUR-BO-10003034,Furniture,Bookcases,Sauder Stackable Bookrack
FUR-TA-10002487,Furniture,Tables,Bevis Training Table
FUR-BO-10002740,Furniture,Bookcases,Ikea Classic Bookcase
OFF-ST-10004976,Office Supplies,Storage,Rogers Lockers
FUR-CH-10002275,Furniture,Chairs,Novimex Executive Leather Armchair
OFF-AP-10001559,Office Supplies,Appliances,KitchenAid Blender
FUR-HAR-10000100,Furniture,Chairs,Harbour Creations Swivel Stool
OFF-AR-10002331,Office Supplies,Art,Binney & Smith Canvas
FUR-BO-10001337,Furniture,Bookcases,O'Sullivan Living Dimensions 2-Shelf Bookcases
TEC-MA-10003698,Technology,Machines,Okidata Phone
TEC-CO-10001001,Technology,Copiers,HP Fax Machine
FUR-BO-10003206,Furniture,Bookcases,Sauder Floating Shelf Set
TEC-PH-10004631,Technology,Phones,Cisco Audio Dock
TEC-AC-10004334,Technology,Accessories,Logitech Router
FUR-BO-10001099,Furniture,Bookcases,Bush Corner Shelving
TEC-MA-10002435,Technology,Machines,Epson Receipt Printer
TEC-SAN-10000235,Technology,Accessories,SanDisk Router
FUR-LES-10004098,Furniture,Tables,Lesro Round Table
TEC-SAN-10003238,Technology,Accessories,SanDisk Router
FUR-BO-10003887,Furniture,Bookcases,Ikea Floating Shelf Set
OFF-AP-10000639,Office Supplies,Appliances,Breville Microwave
TEC-AC-10000422,Technology,Accessories,Belkin Numeric Keypad
OFF-BRE-10001343,Office Supplies,Appliances,Breville Blender
OFF-AR-10001068,Office Supplies,Art,BIC Sketch Pad
OFF-SME-10002740,Office Supplies,Storage,Smead Lockers
FUR-CHR-10003806,Furniture,Tables,Chromcraft Conference Table
TEC-STA-10004536,Technology,Machines,StarTech Inkjet
TEC-PH-10004554,Technology,Phones,Samsung Audio Dock
FUR-CH-10002224,Furniture,Chairs,Hon Rocking Chair
OFF-ST-10001818,Office Supplies,Storage,Smead Trays
TEC-CO-10002657,Technology,Copiers,Canon Copy Machine
FUR-TA-10000164,Furniture,Tables,Lesro Training Table
FUR-CH-10001423,Furniture,Chairs,Harbour Creations Rocking Chair
TEC-CO-10003228,Technology,Copiers,Hewlett Copy Machine
TEC-CO-10000594,Technology,Copiers,Hewlett Fax and Copier
OFF-ST-10001809,Office Supplies,Storage,Fellowes Officeware Wire Shelving
FUR-BUS-10000332,Furniture,Bookcases,Bush Library with Doors
TEC-BRO-10000917,Technology,Copiers,Brother Fax Machine
OFF-AR-10002454,Office Supplies,Art,Binney & Smith Canvas
FUR-BO-10000265,Furniture,Bookcases,Bush Floating Shelf Set
TEC-PH-10002824,Technology,Phones,Jabra SPEAK 410 Multidevice Speakerphone
FUR-IKE-10004853,Furniture,Bookcases,Ikea Corner Shelving
TEC-AC-10003198,Technology,Accessories,Enermax Acrylux Wireless Keyboard
FUR-CH-10001802,Furniture,Chairs,Novimex Rocking Chair
FUR-TA-10003323,Furniture,Tables,Bevis Round Table
TEC-CAN-10002363,Technology,Copiers,Canon Fax Machine
FUR-BO-10004445,Furniture,Bookcases,Bush Stackable Bookrack
FUR-TA-10003594,Furniture,Tables,Hon Conference Table
TEC-PH-10002076,Technology,Phones,Samsung Audio Dock
TEC-PAN-10000979,Technology,Machines,Panasonic Receipt Printer
TEC-CO-10004756,Technology,Copiers,Sharp Wireless Fax
FUR-TA-10000861,Furniture,Tables,Barricks Conference Table
FUR-TA-10003185,Furniture,Tables,Chromcraft Computer Table
OFF-ST-10003929,Office Supplies,Storage,Tenex Lockers
TEC-ENE-10000817,Technology,Accessories,Enermax Mouse
FUR-BO-10004199,Furniture,Bookcases,Ikea 3-Shelf Cabinet
FUR-BO-10000636,Furniture,Bookcases,Dania Floating Shelf Set
TEC-PH-10002564,Technology,Phones,Motorola Signal Booster
TEC-PH-10002663,Technology,Phones,Nokia Signal Booster
FUR-BO-10003661,Furniture,Bookcases,Sauder Floating Shelf Set
FUR-BUS-10001187,Furniture,Bookcases,Bush Classic Bookcase
TEC-PH-10002255,Technology,Phones,Apple Audio Dock
FUR-CH-10004810,Furniture,Chairs,Hon Swivel Stool
TEC-PH-10002443,Technology,Phones,Cisco Signal Booster
OFF-HOO-10002946,Office Supplies,Appliances,Hoover Stove
OFF-ELD-10002199,Office Supplies,Storage,Eldon File Cart
FUR-CH-10000068,Furniture,Chairs,Office Star Steel Folding Chair
FUR-CH-10001270,Furniture,Chairs,SAFCO Rocking Chair
FUR-BO-10002182,Furniture,Bookcases,Safco Floating Shelf Set
TEC-PH-10000309,Technology,Phones,Motorola Audio Dock
FUR-BEV-10002803,Furniture,Tables,Bevis Conference Table
TEC-CO-10002673,Technology,Copiers,Brother Fax and Copier
FUR-CH-10003249,Furniture,Chairs,Office Star Steel Folding Chair
OFF-ST-10000991,Office Supplies,Storage,Space Solutions HD Industrial Steel Shelving.
TEC-MA-10003553,Technology,Machines,Epson Printer
TEC-CO-10000956,Technology,Copiers,Sharp Copy Machine
TEC-CO-10000917,Technology,Copiers,Hewlett Copy Machine
TEC-AC-10001076,Technology,Accessories,Memorex Keyboard
TEC-AC-10000530,Technology,Accessories,Logitech Memory Card
FUR-BO-10002906,Furniture,Bookcases,Ikea Corner Shelving
TEC-KON-10001507,Technology,Machines,Konica Card Printer
FUR-CH-10001708,Furniture,Chairs,Office Star - Contemporary Swivel Chair with Padded Adjustable Arms and Flex Back
OFF-SU-10000646,Office Supplies,Supplies,Premier Automatic Letter Opener
FUR-BO-10000411,Furniture,Bookcases,Sauder Floating Shelf Set
OFF-BI-10002172,Office Supplies,Binders,Acco Binding Machine
FUR-BUS-10002989,Furniture,Bookcases,Bush Classic Bookcase
TEC-OKI-10003050,Technology,Machines,Okidata Card Printer
TEC-MA-10001259,Technology,Machines,StarTech Inkjet
OFF-AP-10003577,Office Supplies,Appliances,Hoover Stove
OFF-HAM-10002778,Office Supplies,Appliances,Hamilton Beach Microwave
FUR-CH-10003606,Furniture,Chairs,SAFCO Folding Chair Trolley
FUR-CH-10000665,Furniture,Chairs,Global Airflow Leather Mesh Back Chair
FUR-FU-10000468,Furniture,Furnishings,Advantus Frame
FUR-BO-10004537,Furniture,Bookcases,Dania Floating Shelf Set
FUR-BO-10001972,Furniture,Bookcases,O'Sullivan 4-Shelf Bookcase in Odessa Pine
TEC-AC-10002076,Technology,Accessories,Microsoft Natural Keyboard Elite
TEC-PH-10002789,Technology,Phones,LG Exalt
TEC-MA-10004414,Technology,Machines,Okidata Phone
OFF-ST-10002159,Office Supplies,Storage,Fellowes Lockers
TEC-AC-10002013,Technology,Accessories,SanDisk Numeric Keypad
OFF-JIF-10003976,Office Supplies,Envelopes,Jiffy Mailers
OFF-TEN-10004194,Office Supplies,Storage,Tenex File Cart
TEC-CO-10003113,Technology,Copiers,Hewlett Fax Machine
OFF-BI-10004195,Office Supplies,Binders,Wilson Jones Binding Machine
FUR-FU-10003930,Furniture,Furnishings,Howard Miller 12-3/4 Diameter Accuwave DS  Wall Clock
TEC-PH-10003935,Technology,Phones,Cisco Speaker Phone
OFF-SME-10003530,Office Supplies,Storage,Smead Lockers
TEC-CO-10000560,Technology,Copiers,Hewlett Ink
TEC-PH-10002312,Technology,Phones,Samsung Audio Dock
FUR-BUS-10003724,Furniture,Bookcases,Bush Corner Shelving
FUR-BO-10001621,Furniture,Bookcases,Dania Stackable Bookrack
OFF-AP-10004191,Office Supplies,Appliances,Cuisinart Refrigerator
FUR-CH-10001891,Furniture,Chairs,Global Deluxe Office Fabric Chairs
OFF-SME-10004370,Office Supplies,Storage,Smead File Cart
OFF-ST-10000872,Office Supplies,Storage,Fellowes File Cart
OFF-ADV-10003050,Office Supplies,Fasteners,Advantus Rubber Bands
TEC-AC-10004883,Technology,Accessories,Enermax Keyboard
TEC-CO-10002658,Technology,Copiers,Hewlett Ink
FUR-BO-10001714,Furniture,Bookcases,Dania Floating Shelf Set
TEC-CO-10003992,Technology,Copiers,HP Ink
TEC-PH-10000494,Technology,Phones,Apple Speaker Phone
OFF-ST-10000107,Office Supplies,Storage,Eldon File Cart
FUR-CH-10003817,Furniture,Chairs,Global Value Steno Chair
TEC-PH-10001425,Technology,Phones,Mophie Juice Pack Helium for iPhone
FUR-BO-10001393,Furniture,Bookcases,Safco 3-Shelf Cabinet
OFF-STA-10001968,Office Supplies,Art,Stanley Canvas
FUR-BO-10001876,Furniture,Bookcases,Safco Corner Shelving
FUR-TA-10004653,Furniture,Tables,Chromcraft Training Table
FUR-TA-10001768,Furniture,Tables,Hon Racetrack Conference Tables
FUR-CH-10002940,Furniture,Chairs,Harbour Creations Chairmat
FUR-CH-10001752,Furniture,Chairs,Harbour Creations Steel Folding Chair
FUR-TA-10001237,Furniture,Tables,Barricks Coffee Table
TEC-EPS-10001129,Technology,Machines,Epson Inkjet
OFF-PA-10002196,Office Supplies,Paper,Green Bar Message Books
FUR-BO-10000883,Furniture,Bookcases,Dania Corner Shelving
FUR-CH-10004082,Furniture,Chairs,Office Star Chairmat
TEC-CO-10002788,Technology,Copiers,Hewlett Personal Copier
TEC-SHA-10003039,Technology,Copiers,Sharp Fax and Copier
OFF-ST-10000007,Office Supplies,Storage,Fellowes File Cart
OFF-CUI-10004536,Office Supplies,Appliances,Cuisinart Blender
TEC-MA-10004423,Technology,Machines,StarTech Card Printer
TEC-MA-10001142,Technology,Machines,Epson Card Printer
FUR-BO-10000175,Furniture,Bookcases,Ikea Stackable Bookrack
FUR-TA-10001600,Furniture,Tables,Lesro Coffee Table
OFF-SU-10003505,Office Supplies,Supplies,Premier Electric Letter Opener
TEC-AC-10003063,Technology,Accessories,Belkin Router
FUR-BO-10003878,Furniture,Bookcases,Safco Corner Shelving
OFF-PA-10000373,Office Supplies,Paper,Xerox Cards & Envelopes
OFF-AP-10001394,Office Supplies,Appliances,Harmony Air Purifier
OFF-ST-10001511,Office Supplies,Storage,Space Solutions Commercial Steel Shelving
OFF-ST-10002371,Office Supplies,Storage,Rogers File Cart
TEC-PH-10001557,Technology,Phones,Pyle PMP37LED
TEC-CO-10002768,Technology,Copiers,Sharp Fax Machine
OFF-EN-10003431,Office Supplies,Envelopes,Cameo Interoffice Envelope
FUR-TA-10004054,Furniture,Tables,Lesro Conference Table
OFF-SU-10003252,Office Supplies,Supplies,Fiskars Trimmer
TEC-AC-10001660,Technology,Accessories,Enermax Flash Drive
TEC-HP -10004012,Technology,Copiers,HP Personal Copier
TEC-MA-10002118,Technology,Machines,Konica Printer
FUR-BO-10001835,Furniture,Bookcases,Safco Library with Doors
FUR-TA-10001228,Furniture,Tables,Bevis Training Table
FUR-FU-10000668,Furniture,Furnishings,Tenex Frame
TEC-PH-10002715,Technology,Phones,Cisco Audio Dock
OFF-ST-10001010,Office Supplies,Storage,Fellowes Lockers
FUR-BO-10001641,Furniture,Bookcases,Bush 3-Shelf Cabinet
OFF-HOO-10000445,Office Supplies,Appliances,Hoover Refrigerator
TEC-CIS-10000791,Technology,Phones,Cisco Audio Dock
OFF-ST-10004646,Office Supplies,Storage,Fellowes Lockers
FUR-SAU-10003933,Furniture,Bookcases,Sauder Classic Bookcase
TEC-HEW-10000839,Technology,Copiers,Hewlett Wireless Fax
OFF-TEN-10003148,Office Supplies,Storage,Tenex Lockers
OFF-ST-10002175,Office Supplies,Storage,Fellowes Lockers
TEC-PH-10001963,Technology,Phones,Nokia Speaker Phone
TEC-PH-10004940,Technology,Phones,Nokia Signal Booster
FUR-TA-10004607,Furniture,Tables,Hon 2111 Invitation Series Straight Table
TEC-AC-10004070,Technology,Accessories,Memorex Router
OFF-AP-10001299,Office Supplies,Appliances,Cuisinart Microwave
TEC-CO-10003561,Technology,Copiers,Sharp Copy Machine
FUR-SAF-10001793,Furniture,Chairs,SAFCO Executive Leather Armchair
TEC-CO-10004128,Technology,Copiers,Brother Fax and Copier
OFF-SU-10000157,Office Supplies,Supplies,Compact Automatic Electric Letter Opener
FUR-BO-10002889,Furniture,Bookcases,Dania Stackable Bookrack
TEC-PH-10002428,Technology,Phones,Apple Headset
TEC-PH-10002033,Technology,Phones,Konftel 250 Conference phone - Charcoal black
FUR-TA-10001740,Furniture,Tables,Barricks Conference Table
TEC-CO-10001301,Technology,Copiers,Sharp Copy Machine
TEC-CO-10000407,Technology,Copiers,HP Copy Machine
FUR-BO-10003543,Furniture,Bookcases,Safco Floating Shelf Set
TEC-PH-10004042,Technology,Phones,ClearOne Communications CHAT 70 OC Speaker Phone
FUR-BO-10001147,Furniture,Bookcases,Bush Floating Shelf Set
OFF-ST-10000689,Office Supplies,Storage,Fellowes Strictly Business Drawer File
FUR-FU-10000735,Furniture,Furnishings,Tenex Frame
TEC-MA-10002471,Technology,Machines,Epson Phone
FUR-CH-10003419,Furniture,Chairs,Hon Steel Folding Chair
FUR-CH-10001114,Furniture,Chairs,Hon Chairmat
FUR-SAU-10003928,Furniture,Bookcases,Sauder Classic Bookcase
OFF-ST-10004576,Office Supplies,Storage,Rogers File Cart
FUR-CH-10003033,Furniture,Chairs,Novimex Rocking Chair
OFF-BIN-10000308,Office Supplies,Art,Binney & Smith Canvas
OFF-ST-10004608,Office Supplies,Storage,Smead Shelving
TEC-PH-10002217,Technology,Phones,Cisco Audio Dock
OFF-BI-10001718,Office Supplies,Binders,GBC DocuBind P50 Personal Binding Machine
OFF-EN-10004206,Office Supplies,Envelopes,Multimedia Mailers
OFF-AR-10004739,Office Supplies,Art,BIC Canvas
TEC-SHA-10004874,Technology,Copiers,Sharp Fax Machine
FUR-DAN-10000597,Furniture,Bookcases,Dania Floating Shelf Set
FUR-CH-10004863,Furniture,Chairs,SAFCO Swivel Stool
TEC-PH-10003572,Technology,Phones,Apple Office Telephone
TEC-AC-10003367,Technology,Accessories,Enermax Memory Card
FUR-CH-10000333,Furniture,Chairs,SAFCO Swivel Stool
TEC-PH-10002275,Technology,Phones,Mitel 5320 IP Phone VoIP phone
FUR-TA-10000147,Furniture,Tables,Lesro Coffee Table
FUR-CH-10004455,Furniture,Chairs,Harbour Creations Swivel Stool
TEC-LOG-10004405,Technology,Accessories,Logitech Router
OFF-PA-10004115,Office Supplies,Paper,Green Bar Computer Printout Paper
FUR-CH-10000229,Furniture,Chairs,Global Enterprise Series Seating High-Back Swivel/Tilt Chairs
OFF-AP-10002433,Office Supplies,Appliances,Cuisinart Microwave
FUR-TA-10001595,Furniture,Tables,Chromcraft Coffee Table
FUR-NOV-10002333,Furniture,Chairs,Novimex Steel Folding Chair
OFF-SU-10000105,Office Supplies,Supplies,Fiskars Shears
TEC-PH-10004536,Technology,Phones,Avaya 5420 Digital phone
FUR-CH-10000966,Furniture,Chairs,Harbour Creations Chairmat
TEC-PH-10001362,Technology,Phones,Cisco Office Telephone
OFF-ST-10002659,Office Supplies,Storage,Smead Shelving
FUR-FU-10000921,Furniture,Furnishings,Advantus Door Stop
FUR-CH-10000608,Furniture,Chairs,Office Star Chairmat
TEC-CO-10003474,Technology,Copiers,Brother Personal Copier
TEC-AC-10001830,Technology,Accessories,Enermax Router
OFF-AP-10003625,Office Supplies,Appliances,Hoover Microwave
FUR-CH-10004795,Furniture,Chairs,SAFCO Swivel Stool
FUR-BO-10003965,Furniture,Bookcases,O'Sullivan Manor Hill 2-Door Library in Brianna Oak
FUR-DAN-10002167,Furniture,Bookcases,Dania Library with Doors
OFF-ST-10004577,Office Supplies,Storage,Fellowes Lockers
TEC-AC-10002629,Technology,Accessories,Belkin Memory Card
FUR-CH-10002890,Furniture,Chairs,Office Star Chairmat
FUR-TA-10003008,Furniture,Tables,Lesro Round Back Collection Coffee Table
TEC-HP -10002603,Technology,Copiers,HP Copy Machine
TEC-MA-10004241,Technology,Machines,Star Micronics TSP800 TSP847IIU Receipt Printer
TEC-PH-10003487,Technology,Phones,Motorola Office Telephone
OFF-CUI-10001670,Office Supplies,Appliances,Cuisinart Stove
OFF-HAM-10001621,Office Supplies,Appliances,Hamilton Beach Refrigerator
TEC-MA-10001726,Technology,Machines,Epson Receipt Printer
TEC-KON-10004774,Technology,Machines,Konica Inkjet
FUR-BO-10002289,Furniture,Bookcases,Ikea Corner Shelving
FUR-CH-10000857,Furniture,Chairs,Harbour Creations Rocking Chair
FUR-TA-10001664,Furniture,Tables,Chromcraft Conference Table
FUR-CH-10004491,Furniture,Chairs,SAFCO Swivel Stool
FUR-BO-10002142,Furniture,Bookcases,Ikea Classic Bookcase
FUR-NOV-10002791,Furniture,Chairs,Novimex Swivel Stool
FUR-TA-10000750,Furniture,Tables,Hon Round Table
FUR-TEN-10000986,Furniture,Furnishings,Tenex Frame
FUR-BO-10001295,Furniture,Bookcases,Safco Floating Shelf Set
OFF-AP-10003717,Office Supplies,Appliances,Breville Coffee Grinder
TEC-CO-10002998,Technology,Copiers,Sharp Ink
OFF-AP-10002822,Office Supplies,Appliances,KitchenAid Toaster
FUR-BO-10004585,Furniture,Bookcases,Ikea 3-Shelf Cabinet
FUR-TA-10004957,Furniture,Tables,Bevis Wood Table
FUR-BO-10001287,Furniture,Bookcases,Dania Floating Shelf Set
TEC-CO-10003982,Technology,Copiers,HP Ink
TEC-CO-10003924,Technology,Copiers,Hewlett Fax Machine
OFF-BI-10004318,Office Supplies,Binders,Ibico EB-19 Dual Function Manual Binding System
FUR-FU-10003862,Furniture,Furnishings,Advantus Photo Frame
TEC-PH-10004447,Technology,Phones,Toshiba IPT2010-SD IP Telephone
FUR-FU-10002696,Furniture,Furnishings,Eldon Frame
FUR-TA-10002235,Furniture,Tables,Chromcraft Round Table
OFF-AP-10002568,Office Supplies,Appliances,Hamilton Beach Toaster
TEC-MA-10002043,Technology,Machines,Epson Receipt Printer
TEC-MA-10003170,Technology,Machines,Konica Calculator
FUR-BO-10001679,Furniture,Bookcases,Ikea 3-Shelf Cabinet
OFF-ST-10002822,Office Supplies,Storage,Tenex File Cart
OFF-ST-10002930,Office Supplies,Storage,Eldon Lockers
TEC-BRO-10004184,Technology,Copiers,Brother Wireless Fax
OFF-EN-10003675,Office Supplies,Envelopes,GlobeWeis Interoffice Envelope
FUR-TA-10000637,Furniture,Tables,Bevis Conference Table
TEC-MA-10003923,Technology,Machines,Okidata Receipt Printer
FUR-CH-10003514,Furniture,Chairs,Harbour Creations Rocking Chair
OFF-EN-10003550,Office Supplies,Envelopes,Ames Mailers
TEC-AC-10000317,Technology,Accessories,Logitech Memory Card
TEC-EPS-10002523,Technology,Machines,Epson Card Printer
FUR-FU-10004780,Furniture,Furnishings,Deflect-O Frame
OFF-ST-10002706,Office Supplies,Storage,Fellowes File Cart
OFF-AP-10001266,Office Supplies,Appliances,Hoover Toaster
FUR-CHR-10004803,Furniture,Tables,Chromcraft Wood Table
FUR-CH-10000836,Furniture,Chairs,SAFCO Swivel Stool
TEC-AC-10000140,Technology,Accessories,Enermax Numeric Keypad
FUR-BO-10003546,Furniture,Bookcases,Hon 4-Shelf Metal Bookcases
OFF-ELI-10001351,Office Supplies,Supplies,Elite Trimmer
FUR-CH-10002589,Furniture,Chairs,SAFCO Steel Folding Chair
OFF-AP-10002425,Office Supplies,Appliances,Hamilton Beach Refrigerator
TEC-CO-10000011,Technology,Copiers,HP Personal Copier
TEC-PH-10001937,Technology,Phones,Nokia Audio Dock
TEC-MA-10002340,Technology,Machines,Konica Receipt Printer
TEC-MA-10000555,Technology,Machines,Panasonic Card Printer
TEC-CO-10004981,Technology,Copiers,Canon Copy Machine
TEC-AC-10002153,Technology,Accessories,Logitech Memory Card
TEC-PH-10001051,Technology,Phones,HTC One
TEC-AC-10002017,Technology,Accessories,Belkin Memory Card
OFF-AP-10002134,Office Supplies,Appliances,KitchenAid Coffee Grinder
TEC-CAN-10004556,Technology,Copiers,Canon Fax and Copier
OFF-SU-10003556,Office Supplies,Supplies,Fiskars Trimmer
FUR-FU-10000277,Furniture,Furnishings,Deflect-o DuraMat Antistatic Studded Beveled Mat for Medium Pile Carpeting
FUR-ELD-10003131,Furniture,Furnishings,Eldon Frame
FUR-BO-10003793,Furniture,Bookcases,Bush 3-Shelf Cabinet
FUR-BO-10001874,Furniture,Bookcases,Sauder Corner Shelving
OFF-HOO-10004243,Office Supplies,Appliances,Hoover Microwave
TEC-PH-10001360,Technology,Phones,Apple Smart Phone
OFF-AR-10001192,Office Supplies,Art,Binney & Smith Canvas
OFF-BI-10003616,Office Supplies,Binders,Avery Binding Machine
TEC-AC-10000883,Technology,Accessories,Belkin Mouse
OFF-EN-10003939,Office Supplies,Envelopes,Kraft Interoffice Envelope
TEC-AC-10003080,Technology,Accessories,Logitech Memory Card
TEC-AC-10000957,Technology,Accessories,Logitech Memory Card
TEC-PH-10002103,Technology,Phones,Jabra SPEAK 410
TEC-PH-10003361,Technology,Phones,Samsung Signal Booster
FUR-CH-10002749,Furniture,Chairs,SAFCO Chairmat
OFF-AP-10001815,Office Supplies,Appliances,Hoover Refrigerator
FUR-CH-10003760,Furniture,Chairs,Office Star Bag Chairs
FUR-CH-10004606,Furniture,Chairs,Hon Rocking Chair
FUR-BO-10002285,Furniture,Bookcases,Safco Corner Shelving
TEC-PH-10001732,Technology,Phones,Samsung Audio Dock
OFF-ST-10000710,Office Supplies,Storage,Smead Shelving
FUR-CH-10001313,Furniture,Chairs,SAFCO Steel Folding Chair
TEC-KON-10000562,Technology,Machines,Konica Phone
FUR-FU-10004516,Furniture,Furnishings,Deflect-O Frame
TEC-PH-10004404,Technology,Phones,Samsung Headset
TEC-AC-10004144,Technology,Accessories,SanDisk Numeric Keypad
FUR-CH-10003107,Furniture,Chairs,Office Star Swivel Stool
TEC-MA-10003084,Technology,Machines,Okidata Receipt Printer
OFF-ST-10003459,Office Supplies,Storage,Eldon File Cart
TEC-CO-10004570,Technology,Copiers,Sharp Personal Copier
FUR-TA-10004152,Furniture,Tables,"Barricks 18"" x 48"" Non-Folding Utility Table with Bottom Storage Shelf"
TEC-PH-10004235,Technology,Phones,Nokia Signal Booster
TEC-CO-10003574,Technology,Copiers,Brother Personal Copier
TEC-AC-10004848,Technology,Accessories,SanDisk Memory Card
TEC-PH-10000347,Technology,Phones,Cisco Speaker Phone
TEC-CO-10001795,Technology,Copiers,Sharp Personal Copier
OFF-PA-10004641,Office Supplies,Paper,SanDisk Cards & Envelopes
OFF-ST-10002642,Office Supplies,Storage,Eldon Lockers
FUR-BO-10003968,Furniture,Bookcases,Sauder Library with Doors
TEC-PH-10004271,Technology,Phones,Cisco Speaker Phone
FUR-CH-10001397,Furniture,Chairs,SAFCO Chairmat
TEC-PH-10001944,Technology,Phones,Wi-Ex zBoost YX540 Cellular Phone Signal Booster
TEC-CO-10000082,Technology,Copiers,Canon Fax and Copier
FUR-BO-10003333,Furniture,Bookcases,Sauder Stackable Bookrack
OFF-LA-10003930,Office Supplies,Labels,Dot Matrix Printer Tape Reel Labels
FUR-BO-10001668,Furniture,Bookcases,Ikea Floating Shelf Set
FUR-TA-10004832,Furniture,Tables,Hon Conference Table
FUR-BO-10002324,Furniture,Bookcases,Sauder Stackable Bookrack
TEC-SHA-10002696,Technology,Copiers,Sharp Ink
TEC-PH-10000258,Technology,Phones,Motorola Audio Dock
FUR-FU-10002837,Furniture,Furnishings,Advantus Frame
OFF-AR-10000475,Office Supplies,Art,Sanford Canvas
OFF-BI-10000341,Office Supplies,Binders,Ibico Binding Machine
TEC-MA-10003631,Technology,Machines,Okidata Card Printer
FUR-BO-10004914,Furniture,Bookcases,Bush 3-Shelf Cabinet
OFF-AP-10001233,Office Supplies,Appliances,Hamilton Beach Toaster
FUR-BO-10001831,Furniture,Bookcases,Sauder Floating Shelf Set
TEC-PH-10001730,Technology,Phones,Motorola Signal Booster
FUR-CH-10003706,Furniture,Chairs,Harbour Creations Chairmat
TEC-MA-10003366,Technology,Machines,Epson Card Printer
TEC-AC-10001564,Technology,Accessories,Logitech Numeric Keypad
FUR-TA-10001602,Furniture,Tables,Barricks Round Table
OFF-AP-10004869,Office Supplies,Appliances,KitchenAid Toaster
FUR-BO-10004407,Furniture,Bookcases,Ikea Floating Shelf Set
OFF-ST-10004532,Office Supplies,Storage,Tenex File Cart
TEC-MA-10002874,Technology,Machines,Epson Receipt Printer
TEC-CO-10000786,Technology,Copiers,Canon Fax Machine
TEC-AC-10003628,Technology,Accessories,Logitech 910-002974 M325 Wireless Mouse for Web Scrolling
FUR-CH-10004792,Furniture,Chairs,SAFCO Swivel Stool
FUR-BO-10004699,Furniture,Bookcases,Dania 3-Shelf Cabinet
TEC-SHA-10000244,Technology,Copiers,Sharp Fax Machine
FUR-BO-10002926,Furniture,Bookcases,Bush Stackable Bookrack
FUR-CH-10000422,Furniture,Chairs,Global Highback Leather Tilter in Burgundy
OFF-PA-10001735,Office Supplies,Paper,Xerox Cards & Envelopes
TEC-MA-10002712,Technology,Machines,Okidata Printer
FUR-BO-10000670,Furniture,Bookcases,Dania Corner Shelving
FUR-BO-10001798,Furniture,Bookcases,Bush Somerset Collection Bookcase
TEC-PH-10002468,Technology,Phones,Plantronics CS 50-USB - headset - Convertible
FUR-CH-10003499,Furniture,Chairs,SAFCO Swivel Stool
TEC-PH-10003348,Technology,Phones,Cisco Speaker Phone
FUR-BO-10004230,Furniture,Bookcases,Bush Corner Shelving
OFF-AR-10003629,Office Supplies,Art,Boston Canvas
FUR-CH-10001455,Furniture,Chairs,Office Star Swivel Stool
FUR-TA-10004086,Furniture,Tables,KI Adjustable-Height Table
TEC-EPS-10001644,Technology,Machines,Epson Phone
TEC-ENE-10003801,Technology,Accessories,Enermax Flash Drive
OFF-AP-10003758,Office Supplies,Appliances,KitchenAid Blender
OFF-AP-10003221,Office Supplies,Appliances,Cuisinart Refrigerator
OFF-HAM-10003663,Office Supplies,Appliances,Hamilton Beach Stove
OFF-ST-10001128,Office Supplies,Storage,Carina Mini System Audio Rack
FUR-BUS-10002639,Furniture,Bookcases,Bush Corner Shelving
OFF-BI-10000328,Office Supplies,Binders,Acco Binding Machine
TEC-CIS-10003676,Technology,Phones,Cisco Headset
OFF-AP-10000751,Office Supplies,Appliances,Breville Refrigerator
OFF-AR-10000804,Office Supplies,Art,Binney & Smith Markers
TEC-MA-10002998,Technology,Machines,Okidata Receipt Printer
TEC-AC-10002340,Technology,Accessories,Logitech Router
TEC-CO-10002434,Technology,Copiers,Canon Fax and Copier
FUR-FU-10004848,Furniture,Furnishings,"Howard Miller 13-3/4"" Diameter Brushed Chrome Round Wall Clock"
OFF-ST-10002902,Office Supplies,Storage,Fellowes Shelving
TEC-MA-10004212,Technology,Machines,Cisco SPA525G2 5-Line IP Phone
TEC-PH-10004732,Technology,Phones,Cisco Office Telephone
FUR-FU-10002525,Furniture,Furnishings,Deflect-O Door Stop
TEC-CIS-10000351,Technology,Phones,Cisco Signal Booster
FUR-CH-10002647,Furniture,Chairs,Novimex Rocking Chair
TEC-CO-10003541,Technology,Copiers,HP Copy Machine
TEC-AC-10000892,Technology,Accessories,NETGEAR N750 Dual Band Wi-Fi Gigabit Router
FUR-BEV-10000326,Furniture,Tables,Bevis Wood Table
TEC-AC-10003334,Technology,Accessories,SanDisk Keyboard
FUR-TA-10004722,Furniture,Tables,Barricks Computer Table
OFF-EN-10003737,Office Supplies,Envelopes,Cameo Interoffice Envelope
TEC-CO-10003410,Technology,Copiers,Brother Ink
OFF-AP-10002794,Office Supplies,Appliances,KitchenAid Microwave
FUR-CH-10003423,Furniture,Chairs,Novimex Rocking Chair
OFF-ST-10000752,Office Supplies,Storage,Fellowes File Cart
TEC-PH-10001014,Technology,Phones,Cisco Speaker Phone
TEC-CO-10003608,Technology,Copiers,Canon Fax Machine
TEC-OKI-10004735,Technology,Machines,Okidata Receipt Printer
TEC-MA-10000345,Technology,Machines,Konica Phone
OFF-ST-10004368,Office Supplies,Storage,Tenex Trays
TEC-MA-10000124,Technology,Machines,Konica Card Printer
TEC-PH-10004328,Technology,Phones,Motorola Audio Dock
OFF-AP-10003354,Office Supplies,Appliances,KitchenAid Microwave
TEC-PH-10004223,Technology,Phones,Cisco Speaker Phone
OFF-AR-10000785,Office Supplies,Art,BIC Sketch Pad
TEC-PH-10004667,Technology,Phones,Cisco 8x8 Inc. 6753i IP Business Phone System
FUR-TA-10003597,Furniture,Tables,Bevis Wood Table
OFF-AP-10002457,Office Supplies,Appliances,Eureka The Boss Plus 12-Amp Hard Box Upright Vacuum
OFF-PA-10001497,Office Supplies,Paper,Xerox 1914
TEC-BEL-10002476,Technology,Accessories,Belkin Router
FUR-FU-10001351,Furniture,Furnishings,Rubbermaid Photo Frame
FUR-BAR-10000560,Furniture,Tables,Barricks Round Table
TEC-AC-10002322,Technology,Accessories,Memorex Memory Card
OFF-ST-10001370,Office Supplies,Storage,Sensible Storage WireTech Storage Systems
OFF-SU-10004497,Office Supplies,Supplies,Elite Scissors
TEC-CO-10001275,Technology,Copiers,Brother Fax and Copier
FUR-BO-10003185,Furniture,Bookcases,Ikea Floating Shelf Set
TEC-PH-10004675,Technology,Phones,Nokia Audio Dock
TEC-PH-10003062,Technology,Phones,Apple Audio Dock
FUR-OFF-10003104,Furniture,Chairs,Office Star Bag Chairs
TEC-PH-10001321,Technology,Phones,Cisco Speaker Phone
OFF-BI-10001058,Office Supplies,Binders,Ibico Binding Machine
FUR-FU-10000308,Furniture,Furnishings,Deflect-o Glass Clear Studded Chair Mats
TEC-AC-10000398,Technology,Accessories,SanDisk Memory Card
FUR-CH-10000105,Furniture,Chairs,Hon Steel Folding Chair
FUR-HAR-10002632,Furniture,Chairs,Harbour Creations Chairmat
OFF-ST-10004226,Office Supplies,Storage,Fellowes File Cart
OFF-BI-10004227,Office Supplies,Binders,Avery Binding Machine
TEC-AC-10001874,Technology,Accessories,Logitech Wireless Anywhere Mouse MX for PC and Mac
OFF-ST-10002176,Office Supplies,Storage,Smead File Cart
TEC-CO-10002381,Technology,Copiers,Brother Personal Copier
OFF-PA-10002524,Office Supplies,Paper,Enermax Note Cards
OFF-BI-10003068,Office Supplies,Binders,Ibico Binding Machine
OFF-AP-10001005,Office Supplies,Appliances,Honeywell Quietcare HEPA Air Cleaner
OFF-EN-10000056,Office Supplies,Envelopes,Cameo Buff Policy Envelopes
FUR-DAN-10002017,Furniture,Bookcases,Dania Classic Bookcase
OFF-ST-10000306,Office Supplies,Storage,Rogers Trays
FUR-CH-10002117,Furniture,Chairs,Hon Steel Folding Chair
TEC-BEL-10003177,Technology,Accessories,Belkin Keyboard
OFF-SME-10003752,Office Supplies,Storage,Smead File Cart
FUR-TA-10000670,Furniture,Tables,Chromcraft Coffee Table
TEC-PH-10000292,Technology,Phones,Samsung Office Telephone
FUR-TA-10004892,Furniture,Tables,Chromcraft Wood Table
TEC-CO-10003250,Technology,Copiers,Brother Personal Copier
TEC-MA-10000374,Technology,Machines,Konica Receipt Printer
TEC-MA-10004993,Technology,Machines,Konica Inkjet
TEC-PH-10000026,Technology,Phones,Nokia Office Telephone
FUR-TA-10004730,Furniture,Tables,Barricks Training Table
OFF-BIC-10001823,Office Supplies,Art,BIC Canvas
TEC-AC-10004269,Technology,Accessories,Belkin Memory Card
FUR-FU-10004339,Furniture,Furnishings,Deflect-O Frame
TEC-PH-10000576,Technology,Phones,AT&T 1080 Corded phone
OFF-AP-10002238,Office Supplies,Appliances,Hoover Coffee Grinder
FUR-NOV-10004925,Furniture,Chairs,Novimex Executive Leather Armchair
TEC-PH-10002456,Technology,Phones,Cisco Speaker Phone
FUR-FU-10003804,Furniture,Furnishings,Rubbermaid Frame
OFF-PA-10003228,Office Supplies,Paper,Xerox 1917
TEC-AC-10001835,Technology,Accessories,Belkin Mouse
FUR-BO-10003159,Furniture,Bookcases,Sauder Camden County Collection Libraries
OFF-AR-10001291,Office Supplies,Art,Sanford Canvas
OFF-AR-10003903,Office Supplies,Art,Sanford 52201 APSCO Electric Pencil Sharpener
TEC-MA-10000772,Technology,Machines,StarTech Printer
TEC-MA-10002844,Technology,Machines,Okidata Receipt Printer
FUR-HAR-10002178,Furniture,Chairs,Harbour Creations Rocking Chair
FUR-FU-10004787,Furniture,Furnishings,Advantus Frame
FUR-SAU-10003694,Furniture,Bookcases,Sauder Library with Doors
FUR-BO-10002250,Furniture,Bookcases,Dania Floating Shelf Set
OFF-AP-10002963,Office Supplies,Appliances,Hoover Toaster
FUR-BO-10001369,Furniture,Bookcases,Sauder Stackable Bookrack
OFF-AP-10000004,Office Supplies,Appliances,Cuisinart Stove
OFF-AP-10003945,Office Supplies,Appliances,Breville Toaster
FUR-FU-10001557,Furniture,Furnishings,Advantus Clock
OFF-AP-10004755,Office Supplies,Appliances,KitchenAid Microwave
TEC-PH-10001535,Technology,Phones,Nokia Speaker Phone
TEC-CO-10000178,Technology,Copiers,Hewlett Ink
TEC-PH-10002517,Technology,Phones,Cisco Speaker Phone
OFF-PA-10003892,Office Supplies,Paper,Xerox 1943
TEC-PH-10003312,Technology,Phones,Cisco Office Telephone
OFF-AP-10004785,Office Supplies,Appliances,Cuisinart Microwave
TEC-CO-10004325,Technology,Copiers,Canon Personal Copier
FUR-BO-10001601,Furniture,Bookcases,Sauder Mission Library with Doors
FUR-BEV-10001048,Furniture,Tables,Bevis Conference Table
OFF-ST-10003018,Office Supplies,Storage,Smead File Cart
TEC-BEL-10002106,Technology,Accessories,Belkin Memory Card
TEC-MA-10004428,Technology,Machines,Panasonic Card Printer
TEC-MA-10000765,Technology,Machines,Okidata Phone
OFF-BRE-10002738,Office Supplies,Appliances,Breville Microwave
OFF-ST-10003414,Office Supplies,Storage,Tenex Shelving
FUR-FU-10003192,Furniture,Furnishings,Luxo Adjustable Task Clamp Lamp
FUR-TA-10002088,Furniture,Tables,Barricks Coffee Table
TEC-MA-10003471,Technology,Machines,StarTech Phone
FUR-FU-10002751,Furniture,Furnishings,Advantus Photo Frame
TEC-MOT-10000851,Technology,Phones,Motorola Headset
FUR-TA-10003006,Furniture,Tables,Hon Wood Table
TEC-PH-10004578,Technology,Phones,Nokia Office Telephone
OFF-ST-10004549,Office Supplies,Storage,Smead File Cart
TEC-KON-10002050,Technology,Machines,Konica Printer
TEC-AC-10000335,Technology,Accessories,Belkin Router
OFF-BI-10003705,Office Supplies,Binders,Wilson Jones Binding Machine
FUR-BO-10001042,Furniture,Bookcases,Dania 3-Shelf Cabinet
OFF-BI-10002040,Office Supplies,Binders,Ibico 3-Hole Punch
FUR-TA-10004810,Furniture,Tables,Barricks Computer Table
OFF-ST-10000505,Office Supplies,Storage,Fellowes File Cart
OFF-CUI-10001965,Office Supplies,Appliances,Cuisinart Microwave
TEC-MA-10000473,Technology,Machines,Konica Phone
TEC-ENE-10000995,Technology,Accessories,Enermax Memory Card
TEC-MA-10002827,Technology,Machines,StarTech Printer
TEC-SHA-10002753,Technology,Copiers,Sharp Fax and Copier
FUR-TA-10003358,Furniture,Tables,Hon Round Table
TEC-PH-10002871,Technology,Phones,Motorola Audio Dock
TEC-PH-10003927,Technology,Phones,Nokia Audio Dock
TEC-SHA-10004390,Technology,Copiers,Sharp Wireless Fax
OFF-SU-10002709,Office Supplies,Supplies,Fiskars Letter Opener
OFF-BI-10004220,Office Supplies,Binders,Cardinal 3-Hole Punch
OFF-EN-10003001,Office Supplies,Envelopes,Ames Color-File Green Diamond Border X-ray Mailers
FUR-BO-10002916,Furniture,Bookcases,"Rush Hierlooms Collection 1"" Thick Stackable Bookcases"
OFF-EN-10004744,Office Supplies,Envelopes,GlobeWeis Mailers
OFF-AR-10004749,Office Supplies,Art,BIC Canvas
FUR-CH-10001203,Furniture,Chairs,Novimex Steel Folding Chair
FUR-CH-10001465,Furniture,Chairs,Hon Swivel Stool
FUR-BO-10001875,Furniture,Bookcases,Bush Library with Doors
OFF-BI-10002794,Office Supplies,Binders,Avery Trapezoid Ring Binder
TEC-MA-10003332,Technology,Machines,Panasonic Receipt Printer
OFF-ST-10001729,Office Supplies,Storage,Tenex Lockers
TEC-AC-10003895,Technology,Accessories,Enermax Mouse
FUR-BO-10004082,Furniture,Bookcases,Sauder Classic Bookcase
FUR-BO-10001067,Furniture,Bookcases,Bush Stackable Bookrack
TEC-CO-10000778,Technology,Copiers,Sharp Fax and Copier
OFF-AP-10002938,Office Supplies,Appliances,KitchenAid Toaster
TEC-CO-10003702,Technology,Copiers,Brother Ink
FUR-TA-10001968,Furniture,Tables,Bevis Computer Table
OFF-ST-10001974,Office Supplies,Storage,Rogers File Cart
TEC-PH-10002645,Technology,Phones,Motorola Signal Booster
TEC-CO-10000395,Technology,Copiers,Hewlett Fax Machine
OFF-AVE-10003740,Office Supplies,Binders,Avery Binding Machine
FUR-IKE-10003682,Furniture,Bookcases,Ikea Corner Shelving
TEC-PH-10004553,Technology,Phones,Cisco Audio Dock
TEC-AC-10004897,Technology,Accessories,Logitech Keyboard
FUR-HON-10002837,Furniture,Tables,Hon Round Table
TEC-STA-10000893,Technology,Machines,StarTech Inkjet
TEC-AC-10001765,Technology,Accessories,Enermax Memory Card
TEC-CO-10002062,Technology,Copiers,Brother Personal Copier
TEC-CO-10000764,Technology,Copiers,Brother Fax Machine
TEC-MA-10002134,Technology,Machines,Konica Inkjet
OFF-ST-10004186,Office Supplies,Storage,Stur-D-Stor Shelving
FUR-BO-10001585,Furniture,Bookcases,Sauder Floating Shelf Set
OFF-AR-10002805,Office Supplies,Art,Boston Sketch Pad
FUR-BO-10000961,Furniture,Bookcases,Bush Stackable Bookrack
TEC-AC-10003217,Technology,Accessories,Enermax Keyboard
TEC-AC-10003095,Technology,Accessories,Logitech G35 7.1-Channel Surround Sound Headset
OFF-AP-10000381,Office Supplies,Appliances,Hoover Refrigerator
FUR-TA-10002638,Furniture,Tables,Barricks Wood Table
FUR-CH-10000391,Furniture,Chairs,Novimex Bag Chairs
OFF-SU-10001689,Office Supplies,Supplies,Acme Box Cutter
OFF-ST-10002240,Office Supplies,Storage,Fellowes Shelving
TEC-CO-10002504,Technology,Copiers,Brother Copy Machine
TEC-AC-10001840,Technology,Accessories,SanDisk Mouse
TEC-MA-10004458,Technology,Machines,Lexmark X 9575 Professional All-in-One Color Printer
TEC-PH-10003813,Technology,Phones,Samsung Signal Booster
TEC-PH-10001424,Technology,Phones,Nokia Signal Booster
TEC-AC-10002799,Technology,Accessories,Memorex Memory Card
FUR-CH-10000583,Furniture,Chairs,Novimex Swivel Stool
TEC-AC-10002567,Technology,Accessories,Logitech G602 Wireless Gaming Mouse
FUR-CH-10002468,Furniture,Chairs,Hon Rocking Chair
FUR-BO-10004404,Furniture,Bookcases,Ikea 3-Shelf Cabinet
OFF-AP-10001564,Office Supplies,Appliances,Hoover Commercial Lightweight Upright Vacuum with E-Z Empty Dirt Cup
FUR-BO-10001834,Furniture,Bookcases,Ikea 3-Shelf Cabinet
TEC-PH-10004559,Technology,Phones,Nokia Speaker Phone
FUR-CH-10001343,Furniture,Chairs,SAFCO Swivel Stool
TEC-MA-10004224,Technology,Machines,StarTech Inkjet
OFF-ST-10002685,Office Supplies,Storage,Eldon Lockers
OFF-AP-10002186,Office Supplies,Appliances,KitchenAid Toaster
TEC-AC-10001089,Technology,Accessories,Enermax Keyboard
OFF-BRE-10003443,Office Supplies,Appliances,Breville Refrigerator
FUR-TA-10003887,Furniture,Tables,Hon Conference Table
OFF-SAN-10003226,Office Supplies,Paper,SanDisk Message Books
FUR-CH-10001607,Furniture,Chairs,Novimex Swivel Stool
OFF-ST-10004847,Office Supplies,Storage,Tenex File Cart
OFF-STA-10000298,Office Supplies,Art,Stanley Canvas
OFF-ST-10001460,Office Supplies,Storage,Smead Trays
OFF-EN-10002449,Office Supplies,Envelopes,Ames Interoffice Envelope
TEC-PH-10002799,Technology,Phones,Apple Audio Dock
FUR-BO-10003563,Furniture,Bookcases,Bush 3-Shelf Cabinet
TEC-AC-10003413,Technology,Accessories,Logitech Router
OFF-AR-10001953,Office Supplies,Art,Boston 1645 Deluxe Heavier-Duty Electric Pencil Sharpener
FUR-FU-10000972,Furniture,Furnishings,Rubbermaid Clock
FUR-FU-10000482,Furniture,Furnishings,Eldon Photo Frame
TEC-CO-10001571,Technology,Copiers,Sharp 1540cs Digital Laser Copier
OFF-AP-10001408,Office Supplies,Appliances,KitchenAid Refrigerator
TEC-PH-10004389,Technology,Phones,Nokia Lumia 925
FUR-HAR-10002328,Furniture,Chairs,Harbour Creations Swivel Stool
TEC-AC-10004659,Technology,Accessories,Imation Secure+ Hardware Encrypted USB 2.0 Flash Drive; 16GB
OFF-ROG-10004646,Office Supplies,Storage,Rogers File Cart
OFF-AP-10000026,Office Supplies,Appliances,Tripp Lite Isotel 6 Outlet Surge Protector with Fax/Modem Protection
TEC-CO-10004976,Technology,Copiers,Brother Ink
TEC-PH-10000960,Technology,Phones,Samsung Headset
OFF-AP-10002941,Office Supplies,Appliances,Breville Refrigerator
OFF-BRE-10003382,Office Supplies,Appliances,Breville Stove
FUR-CH-10003750,Furniture,Chairs,Harbour Creations Rocking Chair
TEC-AC-10001405,Technology,Accessories,Logitech Router
TEC-AC-10003734,Technology,Accessories,Memorex Numeric Keypad
OFF-ST-10002561,Office Supplies,Storage,Rogers File Cart
TEC-CO-10004125,Technology,Copiers,HP Ink
TEC-AC-10001432,Technology,Accessories,Enermax Aurora Lite Keyboard
TEC-CAN-10001571,Technology,Copiers,Canon Personal Copier
FUR-CH-10001832,Furniture,Chairs,Novimex Rocking Chair
FUR-CH-10000603,Furniture,Chairs,Hon Bag Chairs
TEC-MA-10003787,Technology,Machines,Panasonic Inkjet
FUR-CH-10002768,Furniture,Chairs,Office Star Swivel Stool
FUR-HAR-10002288,Furniture,Chairs,Harbour Creations Rocking Chair
TEC-CO-10002465,Technology,Copiers,HP Copy Machine
TEC-MA-10000686,Technology,Machines,Epson Phone
FUR-TA-10001086,Furniture,Tables,SAFCO PlanMaster Boards
OFF-AR-10002135,Office Supplies,Art,Boston Heavy-Duty Trimline Electric Pencil Sharpeners
TEC-AC-10000861,Technology,Accessories,SanDisk Router
TEC-APP-10001965,Technology,Phones,Apple Office Telephone
FUR-CH-10003772,Furniture,Chairs,Office Star Chairmat
OFF-SU-10003665,Office Supplies,Supplies,Kleencut Trimmer
FUR-BO-10004161,Furniture,Bookcases,Bush Corner Shelving
TEC-PH-10004827,Technology,Phones,Samsung Headset
FUR-CH-10004698,Furniture,Chairs,Padded Folding Chairs
FUR-BO-10001436,Furniture,Bookcases,Bush Corner Shelving
FUR-CH-10001647,Furniture,Chairs,Novimex Swivel Stool
OFF-ST-10000546,Office Supplies,Storage,Tenex Lockers
TEC-AC-10000212,Technology,Accessories,SanDisk Memory Card
TEC-BRO-10000348,Technology,Copiers,Brother Copy Machine
FUR-TA-10002356,Furniture,Tables,Bevis Boat-Shaped Conference Table
OFF-ST-10002720,Office Supplies,Storage,Rogers Shelving
TEC-MA-10004408,Technology,Machines,Konica Inkjet
TEC-PH-10001805,Technology,Phones,Nokia Speaker Phone
TEC-PH-10004601,Technology,Phones,Nokia Audio Dock
TEC-PH-10002094,Technology,Phones,Nokia Smart Phone
FUR-HAR-10001792,Furniture,Chairs,Harbour Creations Bag Chairs
FUR-FU-10000705,Furniture,Furnishings,Advantus Frame
OFF-ELD-10000151,Office Supplies,Storage,Eldon File Cart
FUR-FU-10003066,Furniture,Furnishings,Deflect-O Frame
FUR-CH-10001675,Furniture,Chairs,Office Star Steel Folding Chair
FUR-CH-10003968,Furniture,Chairs,Novimex Turbo Task Chair
OFF-SU-10000343,Office Supplies,Supplies,Stiletto Trimmer
OFF-AP-10002283,Office Supplies,Appliances,Hoover Toaster
FUR-CH-10001756,Furniture,Chairs,Novimex Bag Chairs
TEC-PH-10000577,Technology,Phones,Samsung Headset
FUR-FU-10004091,Furniture,Furnishings,"Howard Miller 13"" Diameter Goldtone Round Wall Clock"
OFF-AME-10001009,Office Supplies,Envelopes,Ames Interoffice Envelope
FUR-TA-10001980,Furniture,Tables,Hon Wood Table
TEC-CO-10004171,Technology,Copiers,Sharp Fax and Copier
OFF-ST-10004365,Office Supplies,Storage,Fellowes Shelving
OFF-ST-10000130,Office Supplies,Storage,Eldon Trays
FUR-CH-10004478,Furniture,Chairs,Hon Steel Folding Chair
OFF-AR-10000091,Office Supplies,Art,BIC Highlighters
FUR-TA-10003171,Furniture,Tables,Bevis Training Table
OFF-BIC-10003800,Office Supplies,Art,BIC Pencil Sharpener
TEC-CO-10001831,Technology,Copiers,Sharp Wireless Fax
TEC-CO-10004468,Technology,Copiers,Canon Copy Machine
OFF-ST-10003446,Office Supplies,Storage,Smead Trays
TEC-AC-10003180,Technology,Accessories,Belkin Router
FUR-BO-10003905,Furniture,Bookcases,Ikea Stackable Bookrack
OFF-EN-10002104,Office Supplies,Envelopes,Cameo Mailers
TEC-AC-10001463,Technology,Accessories,Logitech Numeric Keypad
TEC-PH-10003784,Technology,Phones,Motorola Signal Booster
OFF-AR-10004151,Office Supplies,Art,BIC Sketch Pad
TEC-MA-10001859,Technology,Machines,Okidata Printer
TEC-CO-10002089,Technology,Copiers,Brother Personal Copier
TEC-AC-10001274,Technology,Accessories,Belkin Memory Card
FUR-TA-10004132,Furniture,Tables,Bevis Coffee Table
TEC-EPS-10004328,Technology,Machines,Epson Printer
TEC-CO-10002571,Technology,Copiers,Hewlett Personal Copier
OFF-PA-10000806,Office Supplies,Paper,Xerox 1934
TEC-PH-10003913,Technology,Phones,Samsung Signal Booster
TEC-PH-10004810,Technology,Phones,Samsung Speaker Phone
FUR-BO-10002133,Furniture,Bookcases,Bush Corner Shelving
TEC-PH-10003357,Technology,Phones,Grandstream GXP2100 Mainstream Business Phone
TEC-PH-10004544,Technology,Phones,Motorola Speaker Phone
OFF-AP-10000576,Office Supplies,Appliances,Belkin 325VA UPS Surge Protector
FUR-BO-10001155,Furniture,Bookcases,Dania 3-Shelf Cabinet
TEC-PH-10001468,Technology,Phones,Panasonic Business Telephones KX-T7736
FUR-CH-10004194,Furniture,Chairs,Harbour Creations Steel Folding Chair
TEC-CO-10004605,Technology,Copiers,HP Copy Machine
FUR-HON-10001343,Furniture,Tables,Hon Coffee Table
OFF-AR-10002037,Office Supplies,Art,Stanley Sketch Pad
TEC-PH-10003437,Technology,Phones,Blue Parrot B250XT Professional Grade Wireless Bluetooth Headset with
FUR-TA-10002607,Furniture,Tables,KI Conference Tables
TEC-AC-10000221,Technology,Accessories,Belkin Memory Card
TEC-AC-10002263,Technology,Accessories,SanDisk Memory Card
TEC-AC-10004054,Technology,Accessories,Memorex Memory Card
TEC-PH-10000841,Technology,Phones,Nokia Signal Booster
FUR-BO-10000378,Furniture,Bookcases,Bush Floating Shelf Set
TEC-MOT-10002855,Technology,Phones,Motorola Speaker Phone
TEC-CO-10004406,Technology,Copiers,Sharp Fax Machine
FUR-BO-10001387,Furniture,Bookcases,Safco Floating Shelf Set
TEC-MA-10003626,Technology,Machines,Hewlett-Packard Deskjet 6540 Color Inkjet Printer
TEC-AC-10000657,Technology,Accessories,Enermax Memory Card
FUR-BO-10000268,Furniture,Bookcases,Ikea 3-Shelf Cabinet
OFF-ST-10002164,Office Supplies,Storage,Rogers Lockers
TEC-PH-10000840,Technology,Phones,Cisco Audio Dock
OFF-BIC-10004976,Office Supplies,Art,BIC Markers
FUR-CH-10004506,Furniture,Chairs,Novimex Steel Folding Chair
TEC-CO-10000500,Technology,Copiers,Canon Fax and Copier
OFF-CUI-10003993,Office Supplies,Appliances,Cuisinart Microwave
OFF-AR-10000110,Office Supplies,Art,Binney & Smith Sketch Pad
FUR-HAR-10004726,Furniture,Chairs,Harbour Creations Steel Folding Chair
OFF-ST-10001272,Office Supplies,Storage,Mini 13-1/2 Capacity Data Binder Rack
OFF-ST-10002066,Office Supplies,Storage,Smead File Cart
OFF-ST-10004123,Office Supplies,Storage,Safco Industrial Wire Shelving System
OFF-HAM-10001107,Office Supplies,Appliances,Hamilton Beach Refrigerator
FUR-TA-10002351,Furniture,Tables,Hon Training Table
FUR-CH-10003618,Furniture,Chairs,SAFCO Rocking Chair
OFF-AP-10000326,Office Supplies,Appliances,Belkin 7 Outlet SurgeMaster Surge Protector with Phone Protection
TEC-CO-10000338,Technology,Copiers,Hewlett Fax and Copier
OFF-AP-10000391,Office Supplies,Appliances,Hamilton Beach Coffee Grinder
OFF-AP-10001124,Office Supplies,Appliances,Belkin 8 Outlet SurgeMaster II Gold Surge Protector with Phone Protection
FUR-FU-10004158,Furniture,Furnishings,Deflect-O Frame
TEC-CIS-10003439,Technology,Phones,Cisco Headset
OFF-ST-10003286,Office Supplies,Storage,Rogers Lockers
FUR-CH-10001919,Furniture,Chairs,Harbour Creations Steel Folding Chair
OFF-KIT-10002828,Office Supplies,Appliances,KitchenAid Microwave
OFF-ST-10002161,Office Supplies,Storage,Tenex Trays
TEC-PH-10001478,Technology,Phones,Nokia Headset
FUR-TA-10003963,Furniture,Tables,Bevis Conference Table
OFF-PA-10001289,Office Supplies,Paper,White Computer Printout Paper by Universal
FUR-BO-10000071,Furniture,Bookcases,Safco 3-Shelf Cabinet
OFF-AR-10001002,Office Supplies,Art,BIC Sketch Pad
OFF-AP-10001941,Office Supplies,Appliances,KitchenAid Blender
FUR-FU-10004811,Furniture,Furnishings,Eldon Door Stop
TEC-PH-10004434,Technology,Phones,Cisco IP Phone 7961G VoIP phone - Dark gray
FUR-CH-10001146,Furniture,Chairs,Global Value Mid-Back Manager's Chair
FUR-FU-10000305,Furniture,Furnishings,Tenex V2T-RE Standard Weight Series Chair Mat
OFF-ST-10002619,Office Supplies,Storage,Rogers Lockers
TEC-CO-10000961,Technology,Copiers,Canon Copy Machine
OFF-AR-10000079,Office Supplies,Art,Stanley Pencil Sharpener
TEC-CO-10001742,Technology,Copiers,Sharp Copy Machine
OFF-AP-10001197,Office Supplies,Appliances,KitchenAid Stove
OFF-BI-10003098,Office Supplies,Binders,Ibico Binding Machine
FUR-FU-10000242,Furniture,Furnishings,Deflect-O Frame
TEC-SAM-10002496,Technology,Phones,Samsung Speaker Phone
OFF-AR-10001230,Office Supplies,Art,Binney & Smith Markers
FUR-BO-10004430,Furniture,Bookcases,Bush Floating Shelf Set
TEC-CO-10000387,Technology,Copiers,Hewlett Fax Machine
FUR-SAU-10000745,Furniture,Bookcases,Sauder 3-Shelf Cabinet
TEC-HEW-10002501,Technology,Copiers,Hewlett Fax Machine
OFF-AR-10000380,Office Supplies,Art,Hunt PowerHouse Electric Pencil Sharpener
TEC-PH-10004350,Technology,Phones,Samsung Headset
FUR-BO-10001342,Furniture,Bookcases,Safco Corner Shelving
FUR-SAF-10004173,Furniture,Bookcases,Safco Corner Shelving
FUR-LES-10000488,Furniture,Tables,Lesro Coffee Table
TEC-EPS-10004111,Technology,Machines,Epson Inkjet
FUR-BO-10004408,Furniture,Bookcases,Dania Stackable Bookrack
TEC-AC-10004997,Technology,Accessories,Belkin Memory Card
FUR-BAR-10004561,Furniture,Tables,Barricks Wood Table
FUR-FU-10000965,Furniture,Furnishings,"Howard Miller 11-1/2"" Diameter Ridgewood Wall Clock"
TEC-CO-10001391,Technology,Copiers,Sharp Ink
TEC-AC-10004081,Technology,Accessories,Logitech Keyboard
TEC-EPS-10002711,Technology,Machines,Epson Card Printer
OFF-ST-10004583,Office Supplies,Storage,Eldon Shelving
FUR-CH-10003485,Furniture,Chairs,Hon Swivel Stool
FUR-OFF-10003713,Furniture,Chairs,Office Star Chairmat
FUR-TA-10001113,Furniture,Tables,Barricks Training Table
OFF-ST-10004695,Office Supplies,Storage,Fellowes File Cart
OFF-AR-10004492,Office Supplies,Art,BIC Canvas
FUR-CH-10001553,Furniture,Chairs,Hon Bag Chairs
TEC-SAN-10001506,Technology,Accessories,SanDisk Router
TEC-CO-10001580,Technology,Copiers,HP Ink
TEC-PH-10002641,Technology,Phones,Motorola Office Telephone
OFF-AP-10002421,Office Supplies,Appliances,Breville Stove
FUR-TA-10000695,Furniture,Tables,Lesro Wood Table
FUR-NOV-10000323,Furniture,Chairs,Novimex Executive Leather Armchair
FUR-TA-10002860,Furniture,Tables,Hon Training Table
OFF-PA-10000062,Office Supplies,Paper,Green Bar Computer Printout Paper
TEC-AC-10002522,Technology,Accessories,Memorex Router
FUR-CH-10001714,Furniture,Chairs,Global Leather & Oak Executive Chair
TEC-KON-10002309,Technology,Machines,Konica Inkjet
FUR-SAF-10002360,Furniture,Bookcases,Safco Stackable Bookrack
FUR-FU-10003273,Furniture,Furnishings,Tenex Frame
TEC-CO-10003002,Technology,Copiers,Canon Personal Copier
TEC-ENE-10001466,Technology,Accessories,Enermax Memory Card
TEC-BRO-10002345,Technology,Copiers,Brother Ink
TEC-CO-10000279,Technology,Copiers,Hewlett Personal Copier
TEC-PH-10003916,Technology,Phones,Motorola Office Telephone
OFF-AP-10000263,Office Supplies,Appliances,KitchenAid Microwave
FUR-BO-10001860,Furniture,Bookcases,Sauder Corner Shelving
FUR-BO-10001003,Furniture,Bookcases,Dania 3-Shelf Cabinet
FUR-CH-10002961,Furniture,Chairs,Leather Task Chair
FUR-DAN-10002846,Furniture,Bookcases,Dania Floating Shelf Set
OFF-AR-10003021,Office Supplies,Art,BIC Sketch Pad
TEC-MA-10001311,Technology,Machines,Epson Printer
FUR-BO-10003604,Furniture,Bookcases,Ikea Corner Shelving
FUR-BO-10001753,Furniture,Bookcases,Dania Stackable Bookrack
FUR-FU-10003297,Furniture,Furnishings,Rubbermaid Frame
FUR-BO-10000155,Furniture,Bookcases,Dania Corner Shelving
FUR-CH-10002974,Furniture,Chairs,SAFCO Rocking Chair
TEC-CO-10000296,Technology,Copiers,Canon Fax and Copier
FUR-CH-10004886,Furniture,Chairs,Bevis Steel Folding Chairs
FUR-FU-10002918,Furniture,Furnishings,Eldon ClusterMat Chair Mat with Cordless Antistatic Protection
FUR-CH-10002288,Furniture,Chairs,SAFCO Bag Chairs
FUR-BO-10004075,Furniture,Bookcases,Safco Floating Shelf Set
FUR-CH-10004089,Furniture,Chairs,Harbour Creations Bag Chairs
TEC-MOT-10001196,Technology,Phones,Motorola Audio Dock
OFF-ST-10001469,Office Supplies,Storage,Fellowes Bankers Box Recycled Super Stor/Drawer
OFF-AP-10001682,Office Supplies,Appliances,Hamilton Beach Blender
TEC-PH-10003273,Technology,Phones,AT&T TR1909W
OFF-AR-10000727,Office Supplies,Art,Stanley Canvas
TEC-MA-10000946,Technology,Machines,Panasonic Calculator
TEC-PH-10003772,Technology,Phones,Cisco Headset
TEC-CO-10003682,Technology,Copiers,Sharp Ink
TEC-AC-10002086,Technology,Accessories,SanDisk Keyboard
TEC-MA-10002149,Technology,Machines,Panasonic Receipt Printer
OFF-AP-10000534,Office Supplies,Appliances,KitchenAid Toaster
FUR-BUS-10003055,Furniture,Bookcases,Bush Stackable Bookrack
FUR-HON-10001627,Furniture,Chairs,Hon Swivel Stool
TEC-PH-10004144,Technology,Phones,Apple Speaker Phone
OFF-ST-10004374,Office Supplies,Storage,Smead File Cart
FUR-SAF-10004525,Furniture,Chairs,SAFCO Swivel Stool
TEC-MA-10003261,Technology,Machines,Panasonic Phone
OFF-AP-10000415,Office Supplies,Appliances,KitchenAid Toaster
OFF-PA-10000357,Office Supplies,Paper,White Dual Perf Computer Printout Paper
OFF-PA-10003938,Office Supplies,Paper,Eaton Cards & Envelopes
FUR-HON-10002570,Furniture,Chairs,Hon Chairmat
OFF-ROG-10001340,Office Supplies,Storage,Rogers File Cart
OFF-BIN-10000712,Office Supplies,Art,Binney & Smith Canvas
TEC-PH-10004402,Technology,Phones,Cisco Headset
FUR-BO-10002378,Furniture,Bookcases,Dania 3-Shelf Cabinet
TEC-MA-10003461,Technology,Machines,Epson Calculator
TEC-AC-10004566,Technology,Accessories,Belkin Mouse
OFF-ST-10004183,Office Supplies,Storage,Rogers Trays
TEC-SHA-10004083,Technology,Copiers,Sharp Fax and Copier
OFF-PA-10004027,Office Supplies,Paper,Xerox Cards & Envelopes
TEC-PH-10000922,Technology,Phones,Nokia Headset
TEC-CO-10001352,Technology,Copiers,HP Ink
FUR-CH-10001914,Furniture,Chairs,Harbour Creations Bag Chairs
TEC-PH-10002070,Technology,Phones,Apple Headset
OFF-ST-10001026,Office Supplies,Storage,Fellowes Trays
FUR-TA-10001371,Furniture,Tables,Chromcraft Coffee Table
FUR-BO-10003828,Furniture,Bookcases,Bush 3-Shelf Cabinet
FUR-BO-10004327,Furniture,Bookcases,Bush 3-Shelf Cabinet
TEC-KON-10002034,Technology,Machines,Konica Receipt Printer
TEC-MA-10002931,Technology,Machines,Konica Receipt Printer
TEC-AC-10001355,Technology,Accessories,Memorex Router
FUR-FU-10000339,Furniture,Furnishings,Tenex Frame
FUR-FU-10004748,Furniture,Furnishings,"Howard Miller 16"" Diameter Gallery Wall Clock"
OFF-EN-10000755,Office Supplies,Envelopes,Ames Mailers
TEC-ENE-10000235,Technology,Accessories,Enermax Mouse
FUR-FU-10004095,Furniture,Furnishings,Eldon Frame
OFF-ST-10000892,Office Supplies,Storage,Tenex Trays
TEC-CIS-10002598,Technology,Phones,Cisco Audio Dock
FUR-TEN-10003871,Furniture,Furnishings,Tenex Frame
TEC-AC-10002926,Technology,Accessories,Logitech Wireless Marathon Mouse M705
OFF-XER-10000846,Office Supplies,Paper,Xerox Cards & Envelopes
TEC-OKI-10002752,Technology,Machines,Okidata Phone
OFF-BI-10000972,Office Supplies,Binders,Acco 3-Hole Punch
FUR-CH-10003822,Furniture,Chairs,SAFCO Steel Folding Chair
OFF-HAM-10001302,Office Supplies,Appliances,Hamilton Beach Microwave
FUR-TA-10000360,Furniture,Tables,Chromcraft Wood Table
OFF-PA-10003550,Office Supplies,Paper,Eaton Cards & Envelopes
TEC-PH-10004300,Technology,Phones,Apple Office Telephone
FUR-TA-10001622,Furniture,Tables,Lesro Coffee Table
FUR-BO-10001507,Furniture,Bookcases,Ikea Library with Doors
OFF-AP-10001635,Office Supplies,Appliances,KitchenAid Refrigerator
OFF-ST-10000129,Office Supplies,Storage,Fellowes Recycled Storage Drawers
OFF-AP-10004453,Office Supplies,Appliances,Hoover Toaster
OFF-AP-10002311,Office Supplies,Appliances,Holmes Replacement Filter for HEPA Air Cleaner
FUR-FU-10001746,Furniture,Furnishings,Advantus Stacking Tray
TEC-AC-10000865,Technology,Accessories,WD My Passport Ultra 500GB Portable External Hard Drive
TEC-HEW-10000930,Technology,Copiers,Hewlett Ink
FUR-BO-10004690,Furniture,Bookcases,O'Sullivan Cherrywood Estates Traditional Barrister Bookcase
FUR-FU-10000620,Furniture,Furnishings,Advantus Clock
FUR-TA-10000591,Furniture,Tables,Chromcraft Training Table
FUR-FU-10003918,Furniture,Furnishings,Advantus Photo Frame
FUR-FU-10002298,Furniture,Furnishings,Rubbermaid ClusterMat Chairmats
FUR-SAF-10001956,Furniture,Bookcases,Safco Classic Bookcase
TEC-CO-10001725,Technology,Copiers,Canon Ink
TEC-CO-10001037,Technology,Copiers,Hewlett Personal Copier
TEC-MA-10002520,Technology,Machines,Panasonic Receipt Printer
TEC-AC-10002219,Technology,Accessories,SanDisk Memory Card
TEC-MA-10004236,Technology,Machines,StarTech Inkjet
OFF-EN-10002855,Office Supplies,Envelopes,Kraft Interoffice Envelope
OFF-PA-10001258,Office Supplies,Paper,Green Bar Cards & Envelopes
FUR-TA-10004371,Furniture,Tables,Lesro Round Table
TEC-AC-10003750,Technology,Accessories,Memorex Memory Card
OFF-AP-10004698,Office Supplies,Appliances,Breville Microwave
OFF-AP-10001504,Office Supplies,Appliances,Cuisinart Blender
OFF-SAN-10000874,Office Supplies,Art,Sanford Pencil Sharpener
FUR-FU-10003094,Furniture,Furnishings,Eldon Clock
TEC-AC-10000254,Technology,Accessories,Belkin Keyboard
TEC-PH-10003752,Technology,Phones,Nokia Office Telephone
OFF-ACC-10000102,Office Supplies,Binders,Acco Binding Machine
TEC-AC-10002844,Technology,Accessories,SanDisk Flash Drive
TEC-CO-10002065,Technology,Copiers,Hewlett Copy Machine
FUR-CH-10004387,Furniture,Chairs,Office Star Bag Chairs
OFF-AR-10001269,Office Supplies,Art,BIC Markers
TEC-CO-10001674,Technology,Copiers,Sharp Personal Copier
FUR-CH-10001262,Furniture,Chairs,Office Star Rocking Chair
FUR-TA-10000075,Furniture,Tables,Bevis Coffee Table
FUR-FU-10003374,Furniture,Furnishings,Electrix Fluorescent Magnifier Lamps & Weighted Base
FUR-BO-10002936,Furniture,Bookcases,Ikea Stackable Bookrack
FUR-CH-10000225,Furniture,Chairs,Global Geo Office Task Chair
OFF-PA-10002377,Office Supplies,Paper,Xerox 1916
TEC-PH-10000019,Technology,Phones,Motorola Audio Dock
OFF-AR-10000266,Office Supplies,Art,BIC Markers
FUR-BO-10002964,Furniture,Bookcases,Dania Floating Shelf Set
TEC-MA-10004049,Technology,Machines,Epson Printer
FUR-CH-10003540,Furniture,Chairs,Office Star Bag Chairs
FUR-FU-10002659,Furniture,Furnishings,Eldon Clock
FUR-BO-10000786,Furniture,Bookcases,Sauder Stackable Bookrack
TEC-PH-10003102,Technology,Phones,Samsung Audio Dock
TEC-AC-10003711,Technology,Accessories,Memorex Mouse
OFF-AP-10002734,Office Supplies,Appliances,Holmes Harmony HEPA Air Purifier for 17 x 20 Room
FUR-BO-10002109,Furniture,Bookcases,Safco Stackable Bookrack
OFF-TEN-10000794,Office Supplies,Storage,Tenex Shelving
FUR-FU-10000606,Furniture,Furnishings,Deflect-O Photo Frame
TEC-CO-10000887,Technology,Copiers,Hewlett Copy Machine
FUR-CH-10000788,Furniture,Chairs,Hon Rocking Chair
TEC-AC-10000023,Technology,Accessories,Maxell 74 Minute CD-R Spindle
TEC-PH-10002570,Technology,Phones,Samsung Headset
TEC-AC-10001047,Technology,Accessories,SanDisk Router
FUR-CH-10002626,Furniture,Chairs,Hon Steel Folding Chair
TEC-PH-10000956,Technology,Phones,Motorola Speaker Phone
OFF-AP-10003538,Office Supplies,Appliances,Hamilton Beach Microwave
TEC-CO-10002812,Technology,Copiers,Canon Ink
FUR-TA-10000519,Furniture,Tables,Bevis Computer Table
TEC-PH-10004093,Technology,Phones,Panasonic Kx-TS550
TEC-CO-10002696,Technology,Copiers,Hewlett Personal Copier
FUR-CH-10000133,Furniture,Chairs,Harbour Creations Steel Folding Chair
FUR-BO-10001872,Furniture,Bookcases,Bush Stackable Bookrack
FUR-TA-10002789,Furniture,Tables,Hon Coffee Table
FUR-TA-10001226,Furniture,Tables,Hon Conference Table
FUR-FU-10001246,Furniture,Furnishings,Advantus Frame
FUR-CH-10001973,Furniture,Chairs,Office Star Flex Back Scooter Chair with White Frame
FUR-IKE-10003053,Furniture,Bookcases,Ikea 3-Shelf Cabinet
FUR-CH-10004047,Furniture,Chairs,SAFCO Rocking Chair
FUR-BO-10003631,Furniture,Bookcases,Safco Stackable Bookrack
FUR-TA-10004289,Furniture,Tables,BoxOffice By Design Rectangular and Half-Moon Meeting Room Tables
FUR-BO-10004899,Furniture,Bookcases,Safco Floating Shelf Set
TEC-PH-10001254,Technology,Phones,Jabra BIZ 2300 Duo QD Duo Corded Headset
FUR-TA-10000245,Furniture,Tables,Chromcraft Computer Table
TEC-PH-10001492,Technology,Phones,Nokia Headset
TEC-CO-10001560,Technology,Copiers,Hewlett Ink
FUR-FU-10004288,Furniture,Furnishings,Eldon Frame
TEC-CO-10001531,Technology,Copiers,Hewlett Fax and Copier
OFF-AP-10003979,Office Supplies,Appliances,KitchenAid Blender
OFF-AP-10000691,Office Supplies,Appliances,Cuisinart Refrigerator
TEC-AC-10001756,Technology,Accessories,Memorex Numeric Keypad
TEC-CO-10001042,Technology,Copiers,Sharp Fax and Copier
TEC-AC-10001876,Technology,Accessories,Logitech Memory Card
OFF-BI-10004042,Office Supplies,Binders,Cardinal Binding Machine
FUR-CH-10004065,Furniture,Chairs,SAFCO Bag Chairs
TEC-CO-10003370,Technology,Copiers,HP Ink
TEC-PH-10003011,Technology,Phones,Cisco Audio Dock
TEC-MA-10002779,Technology,Machines,Panasonic Receipt Printer
FUR-FU-10000747,Furniture,Furnishings,Tenex B1-RE Series Chair Mats for Low Pile Carpets
TEC-AC-10003417,Technology,Accessories,SanDisk Memory Card
FUR-HON-10003950,Furniture,Tables,Hon Coffee Table
TEC-CO-10000172,Technology,Copiers,Hewlett Ink
OFF-ST-10002499,Office Supplies,Storage,Eldon File Cart
TEC-PH-10003215,Technology,Phones,Samsung Headset
FUR-FU-10002937,Furniture,Furnishings,"GE 48"" Fluorescent Tube"
OFF-ST-10000127,Office Supplies,Storage,Fellowes Shelving
TEC-AC-10004761,Technology,Accessories,Maxell 4.7GB DVD+RW 3/Pack
FUR-FU-10003664,Furniture,Furnishings,Electrix Architect's Clamp-On Swing Arm Lamp
TEC-PH-10000141,Technology,Phones,Clearsounds A400
OFF-ST-10000736,Office Supplies,Storage,Carina Double Wide Media Storage Towers in Natural & Black
TEC-OKI-10002736,Technology,Machines,Okidata Card Printer
OFF-AP-10004527,Office Supplies,Appliances,Hamilton Beach Toaster
TEC-AC-10004420,Technology,Accessories,Cherry 142-key Programmable Keyboard
TEC-AC-10003262,Technology,Accessories,Belkin Router
OFF-WIL-10000146,Office Supplies,Binders,Wilson Jones Binding Machine
TEC-MA-10004168,Technology,Machines,Panasonic Card Printer
FUR-TA-10004767,Furniture,Tables,Safco Drafting Table
TEC-MA-10003146,Technology,Machines,Okidata Inkjet
TEC-PH-10004345,Technology,Phones,Cisco SPA 502G IP Phone
FUR-CH-10000302,Furniture,Chairs,Novimex Rocking Chair
FUR-SAF-10002940,Furniture,Bookcases,Safco Corner Shelving
TEC-MA-10003176,Technology,Machines,Panasonic Inkjet
TEC-AC-10000596,Technology,Accessories,Enermax Memory Card
TEC-AC-10001666,Technology,Accessories,Memorex Numeric Keypad
TEC-MOT-10001342,Technology,Phones,Motorola Signal Booster
TEC-CO-10002700,Technology,Copiers,Hewlett Fax and Copier
OFF-SU-10004306,Office Supplies,Supplies,Kleencut Trimmer
TEC-PH-10001580,Technology,Phones,Logitech Mobile Speakerphone P710e - speaker phone
TEC-APP-10002829,Technology,Phones,Apple Audio Dock
FUR-TA-10002885,Furniture,Tables,Lesro Computer Table
FUR-TA-10002095,Furniture,Tables,Lesro Training Table
TEC-HP -10001574,Technology,Copiers,HP Fax Machine
TEC-CO-10004507,Technology,Copiers,Brother Fax and Copier
FUR-BO-10004459,Furniture,Bookcases,Safco 3-Shelf Cabinet
TEC-PH-10000087,Technology,Phones,Apple Signal Booster
FUR-BO-10001608,Furniture,Bookcases,Hon Metal Bookcases
TEC-MA-10000110,Technology,Machines,StarTech Phone
FUR-OFF-10004495,Furniture,Chairs,Office Star Swivel Stool
TEC-PH-10000693,Technology,Phones,Apple Speaker Phone
OFF-IBI-10001123,Office Supplies,Binders,Ibico 3-Hole Punch
TEC-PH-10004915,Technology,Phones,Nokia Speaker Phone
FUR-FU-10000526,Furniture,Furnishings,Deflect-O Frame
OFF-KIT-10003757,Office Supplies,Appliances,KitchenAid Refrigerator
OFF-ST-10004996,Office Supplies,Storage,Tenex Trays
OFF-EN-10004773,Office Supplies,Envelopes,Staples
FUR-CH-10001153,Furniture,Chairs,Harbour Creations Bag Chairs
TEC-PH-10000014,Technology,Phones,Motorola Headset
OFF-AP-10003956,Office Supplies,Appliances,Hoover Toaster
FUR-CH-10002631,Furniture,Chairs,Office Star Bag Chairs
FUR-CH-10001187,Furniture,Chairs,Novimex Chairmat
OFF-PA-10002652,Office Supplies,Paper,Eaton Note Cards
TEC-AC-10003408,Technology,Accessories,Enermax Keyboard
FUR-CH-10002088,Furniture,Chairs,Novimex Steel Folding Chair
OFF-STA-10000244,Office Supplies,Art,Stanley Sketch Pad
FUR-CH-10002410,Furniture,Chairs,Office Star Rocking Chair
OFF-AP-10003182,Office Supplies,Appliances,Breville Toaster
FUR-BO-10000195,Furniture,Bookcases,Dania Stackable Bookrack
TEC-PH-10003481,Technology,Phones,Apple Office Telephone
TEC-PAN-10002756,Technology,Machines,Panasonic Card Printer
TEC-MA-10004198,Technology,Machines,Panasonic Card Printer
TEC-MA-10000003,Technology,Machines,Konica Phone
FUR-DEF-10000495,Furniture,Furnishings,Deflect-O Clock
OFF-ST-10001222,Office Supplies,Storage,Eldon Shelving
TEC-MA-10000572,Technology,Machines,Epson Card Printer
TEC-ENE-10001541,Technology,Accessories,Enermax Router
OFF-ST-10002510,Office Supplies,Storage,Tenex Lockers
TEC-LOG-10002589,Technology,Accessories,Logitech Memory Card
TEC-HEW-10003531,Technology,Copiers,Hewlett Copy Machine
FUR-TA-10004484,Furniture,Tables,Barricks Wood Table
TEC-PH-10001299,Technology,Phones,Polycom CX300 Desktop Phone USB VoIP phone
TEC-CAN-10001378,Technology,Copiers,Canon Personal Copier
TEC-EPS-10000774,Technology,Machines,Epson Phone
TEC-AC-10002364,Technology,Accessories,Enermax Router
FUR-BO-10003966,Furniture,Bookcases,Sauder Facets Collection Library
OFF-SU-10004911,Office Supplies,Supplies,Acme Shears
TEC-MA-10002992,Technology,Machines,Konica Card Printer
OFF-KIT-10003337,Office Supplies,Appliances,KitchenAid Microwave
FUR-BO-10004371,Furniture,Bookcases,Dania Classic Bookcase
FUR-TA-10003386,Furniture,Tables,Hon Round Table
TEC-MA-10001811,Technology,Machines,Okidata Card Printer
OFF-CAM-10004271,Office Supplies,Envelopes,Cameo Mailers
FUR-CH-10000013,Furniture,Chairs,Hon Steel Folding Chair
FUR-LES-10004420,Furniture,Tables,Lesro Coffee Table
OFF-BRE-10003081,Office Supplies,Appliances,Breville Coffee Grinder
OFF-AP-10004515,Office Supplies,Appliances,Hamilton Beach Coffee Grinder
TEC-AC-10003276,Technology,Accessories,Enermax Router
TEC-CO-10001410,Technology,Copiers,Canon Personal Copier
OFF-ST-10004835,Office Supplies,Storage,Fellowes File Cart
OFF-SU-10004980,Office Supplies,Supplies,Acme Trimmer
FUR-BO-10002346,Furniture,Bookcases,Dania Stackable Bookrack
FUR-CH-10004860,Furniture,Chairs,Global Low Back Tilter Chair
OFF-EN-10002035,Office Supplies,Envelopes,Kraft Mailers
TEC-PH-10002419,Technology,Phones,Motorola Headset
OFF-AP-10000228,Office Supplies,Appliances,Cuisinart Blender
FUR-TA-10003449,Furniture,Tables,Chromcraft Coffee Table
TEC-CO-10003587,Technology,Copiers,Hewlett Personal Copier
FUR-CH-10003168,Furniture,Chairs,Office Star Swivel Stool
TEC-PH-10001677,Technology,Phones,Nokia Office Telephone
TEC-MA-10004933,Technology,Machines,Konica Phone
OFF-STA-10000155,Office Supplies,Art,Stanley Pencil Sharpener
FUR-TA-10004544,Furniture,Tables,Chromcraft Coffee Table
FUR-BO-10004483,Furniture,Bookcases,Ikea Floating Shelf Set
TEC-MOT-10004136,Technology,Phones,Motorola Signal Booster
FUR-BO-10003904,Furniture,Bookcases,Ikea Corner Shelving
OFF-AP-10004571,Office Supplies,Appliances,Hoover Stove
OFF-BI-10001032,Office Supplies,Binders,Avery Binding Machine
FUR-CH-10002304,Furniture,Chairs,Global Stack Chair without Arms
OFF-BIN-10001715,Office Supplies,Art,Binney & Smith Canvas
OFF-KIT-10000099,Office Supplies,Appliances,KitchenAid Refrigerator
FUR-BO-10001537,Furniture,Bookcases,Ikea Corner Shelving
OFF-AP-10000119,Office Supplies,Appliances,Breville Microwave
OFF-BI-10004078,Office Supplies,Binders,Wilson Jones 3-Hole Punch
OFF-AP-10002128,Office Supplies,Appliances,Hoover Blender
TEC-PH-10001264,Technology,Phones,Cisco Signal Booster
TEC-MA-10004323,Technology,Machines,Panasonic Phone
OFF-ST-10003322,Office Supplies,Storage,Eldon Shelving
TEC-MA-10004693,Technology,Machines,Panasonic Calculator
TEC-AC-10003518,Technology,Accessories,Logitech Router
FUR-DAN-10004940,Furniture,Bookcases,Dania Classic Bookcase
FUR-RUB-10003004,Furniture,Furnishings,Rubbermaid Frame
TEC-OKI-10003221,Technology,Machines,Okidata Receipt Printer
OFF-AP-10002118,Office Supplies,Appliances,"1.7 Cubic Foot Compact ""Cube"" Office Refrigerators"
FUR-BO-10001892,Furniture,Bookcases,Sauder Library with Doors
OFF-SU-10003343,Office Supplies,Supplies,Kleencut Shears
FUR-IKE-10002268,Furniture,Bookcases,Ikea Floating Shelf Set
TEC-CO-10003166,Technology,Copiers,Canon Fax Machine
TEC-CO-10002981,Technology,Copiers,HP Wireless Fax
OFF-ST-10003334,Office Supplies,Storage,Smead Trays
FUR-BO-10004507,Furniture,Bookcases,Ikea Corner Shelving
TEC-AC-10000742,Technology,Accessories,SanDisk Flash Drive
FUR-CH-10002316,Furniture,Chairs,Harbour Creations Bag Chairs
OFF-AP-10004972,Office Supplies,Appliances,Breville Coffee Grinder
OFF-ST-10001255,Office Supplies,Storage,Fellowes Trays
TEC-AC-10003851,Technology,Accessories,Memorex Keyboard
TEC-PH-10000441,Technology,Phones,VTech DS6151
FUR-FU-10003736,Furniture,Furnishings,Rubbermaid Frame
FUR-FU-10003601,Furniture,Furnishings,Deflect-o RollaMat Studded
TEC-CO-10003622,Technology,Copiers,Sharp Ink
OFF-EN-10004526,Office Supplies,Envelopes,GlobeWeis Mailers
TEC-PH-10001574,Technology,Phones,Nokia Audio Dock
FUR-BO-10003221,Furniture,Bookcases,Safco Corner Shelving
FUR-TA-10000403,Furniture,Tables,Barricks Computer Table
FUR-BO-10004504,Furniture,Bookcases,Sauder 3-Shelf Cabinet
OFF-PA-10001686,Office Supplies,Paper,SanDisk Memo Slips
TEC-ENE-10002686,Technology,Accessories,Enermax Numeric Keypad
OFF-FA-10003530,Office Supplies,Fasteners,OIC Clamps
OFF-SAN-10002839,Office Supplies,Art,Sanford Canvas
TEC-MA-10002109,Technology,Machines,HP Officejet Pro 8600 e-All-In-One Printer
FUR-NOV-10002107,Furniture,Chairs,Novimex Rocking Chair
TEC-PH-10003970,Technology,Phones,Cisco Headset
TEC-AC-10000827,Technology,Accessories,SanDisk Keyboard
FUR-FU-10004845,Furniture,Furnishings,Deflect-o EconoMat Nonstudded
TEC-EPS-10003473,Technology,Machines,Epson Phone
TEC-PH-10002138,Technology,Phones,Apple Audio Dock
FUR-HON-10002941,Furniture,Chairs,Hon Swivel Stool
TEC-MA-10003338,Technology,Machines,Panasonic Phone
OFF-BRE-10002255,Office Supplies,Appliances,Breville Stove
OFF-ST-10001393,Office Supplies,Storage,Fellowes Trays
OFF-PA-10004327,Office Supplies,Paper,Xerox 1911
TEC-PH-10004251,Technology,Phones,Nokia Audio Dock
FUR-CH-10004920,Furniture,Chairs,Office Star Chairmat
OFF-AP-10002226,Office Supplies,Appliances,Hoover Blender
TEC-PH-10000298,Technology,Phones,Nokia Speaker Phone
FUR-FU-10003939,Furniture,Furnishings,Tenex Photo Frame
OFF-PA-10001144,Office Supplies,Paper,Xerox 1913
OFF-SU-10004655,Office Supplies,Supplies,Stiletto Trimmer
FUR-BO-10002471,Furniture,Bookcases,Safco 3-Shelf Cabinet
FUR-DAN-10001584,Furniture,Bookcases,Dania Stackable Bookrack
FUR-FU-10000718,Furniture,Furnishings,Tenex Stacking Tray
OFF-AP-10002698,Office Supplies,Appliances,Cuisinart Microwave
TEC-MA-10001681,Technology,Machines,Lexmark MarkNet N8150 Wireless Print Server
TEC-PH-10000286,Technology,Phones,Motorola Signal Booster
OFF-AR-10002417,Office Supplies,Art,Boston Sketch Pad
OFF-ST-10002263,Office Supplies,Storage,Rogers Trays
FUR-BO-10003384,Furniture,Bookcases,Ikea Corner Shelving
OFF-SU-10004766,Office Supplies,Supplies,Kleencut Shears
TEC-CO-10001726,Technology,Copiers,HP Fax and Copier
TEC-STA-10002459,Technology,Machines,StarTech Printer
TEC-CO-10004252,Technology,Copiers,HP Ink
OFF-AR-10002902,Office Supplies,Art,Sanford Canvas
OFF-AR-10000179,Office Supplies,Art,Binney & Smith Canvas
TEC-CO-10004689,Technology,Copiers,Canon Ink
FUR-BO-10004423,Furniture,Bookcases,Ikea Corner Shelving
OFF-PA-10003139,Office Supplies,Paper,SanDisk Parchment Paper
FUR-BO-10000797,Furniture,Bookcases,Safco 3-Shelf Cabinet
FUR-CH-10002438,Furniture,Chairs,SAFCO Executive Leather Armchair
FUR-BO-10003530,Furniture,Bookcases,Safco Classic Bookcase
FUR-BO-10003287,Furniture,Bookcases,Dania Corner Shelving
TEC-CO-10002244,Technology,Copiers,Sharp Ink
OFF-AR-10001495,Office Supplies,Art,BIC Sketch Pad
TEC-PH-10004162,Technology,Phones,Samsung Speaker Phone
OFF-AR-10001898,Office Supplies,Art,Binney & Smith Pencil Sharpener
OFF-SU-10000970,Office Supplies,Supplies,Elite Box Cutter
TEC-CO-10004901,Technology,Copiers,HP Fax and Copier
TEC-BEL-10001971,Technology,Accessories,Belkin Flash Drive
TEC-KON-10001624,Technology,Machines,Konica Receipt Printer
OFF-ST-10002539,Office Supplies,Storage,Fellowes Shelving
OFF-ST-10002781,Office Supplies,Storage,Smead File Cart
FUR-CH-10004844,Furniture,Chairs,Novimex Swivel Stool
FUR-TA-10004219,Furniture,Tables,Bevis Computer Table
FUR-CH-10001797,Furniture,Chairs,Harbour Creations Bag Chairs
FUR-FU-10002699,Furniture,Furnishings,Eldon Photo Frame
FUR-BO-10004567,Furniture,Bookcases,Bush Floating Shelf Set
TEC-MA-10002701,Technology,Machines,Konica Inkjet
OFF-AP-10001049,Office Supplies,Appliances,Breville Coffee Grinder
TEC-PH-10003137,Technology,Phones,Nokia Signal Booster
FUR-TA-10004249,Furniture,Tables,Lesro Wood Table
FUR-FU-10004904,Furniture,Furnishings,"Eldon ""L"" Workstation Diamond Chairmat"
FUR-CH-10003910,Furniture,Chairs,Harbour Creations Chairmat
TEC-PH-10001664,Technology,Phones,Motorola Office Telephone
OFF-BI-10001183,Office Supplies,Binders,Avery 3-Hole Punch
OFF-AP-10002403,Office Supplies,Appliances,Acco Smartsocket Color-Coded Six-Outlet AC Adapter Model Surge Protectors
OFF-AR-10001053,Office Supplies,Art,Boston Pencil Sharpener
FUR-BUS-10002138,Furniture,Bookcases,Bush Stackable Bookrack
FUR-BO-10004467,Furniture,Bookcases,Bestar Classic Bookcase
OFF-SU-10003632,Office Supplies,Supplies,Acme Letter Opener
TEC-AC-10003857,Technology,Accessories,Memorex Keyboard
OFF-EN-10003936,Office Supplies,Envelopes,Cameo Peel and Seal
OFF-ST-10001941,Office Supplies,Storage,Rogers Lockers
OFF-PA-10004145,Office Supplies,Paper,Xerox Message Books
TEC-PH-10001587,Technology,Phones,Apple Headset
OFF-BI-10004593,Office Supplies,Binders,Ibico Laser Imprintable Binding System Covers
OFF-AP-10000200,Office Supplies,Appliances,KitchenAid Refrigerator
FUR-FU-10004074,Furniture,Furnishings,Advantus Stacking Tray
OFF-AP-10002867,Office Supplies,Appliances,Fellowes Command Center 5-outlet power strip
TEC-APP-10001108,Technology,Phones,Apple Headset
OFF-ST-10002471,Office Supplies,Storage,Smead Lockers
TEC-PH-10004888,Technology,Phones,Samsung Audio Dock
FUR-CH-10000233,Furniture,Chairs,SAFCO Chairmat
FUR-TA-10004175,Furniture,Tables,"Hon 30"" x 60"" Table with Locking Drawer"
OFF-ST-10001963,Office Supplies,Storage,Tennsco Regal Shelving Units
OFF-ST-10001753,Office Supplies,Storage,Eldon Shelving
OFF-ST-10003141,Office Supplies,Storage,Fellowes Trays
FUR-FU-10001979,Furniture,Furnishings,Dana Halogen Swing-Arm Architect Lamp
OFF-PA-10000032,Office Supplies,Paper,SanDisk Note Cards
FUR-CH-10002030,Furniture,Chairs,Office Star Swivel Stool
FUR-SAU-10003795,Furniture,Bookcases,Sauder Corner Shelving
TEC-NOK-10001172,Technology,Phones,Nokia Speaker Phone
OFF-ST-10002763,Office Supplies,Storage,Fellowes Lockers
OFF-BI-10001645,Office Supplies,Binders,Ibico Binding Machine
FUR-SAU-10002331,Furniture,Bookcases,Sauder Library with Doors
FUR-BO-10000402,Furniture,Bookcases,Sauder Stackable Bookrack
TEC-PH-10003177,Technology,Phones,Samsung Speaker Phone
FUR-CH-10002085,Furniture,Chairs,Novimex Steel Folding Chair
TEC-MA-10002210,Technology,Machines,Epson TM-T88V Direct Thermal Printer - Monochrome - Desktop
OFF-KIT-10001899,Office Supplies,Appliances,KitchenAid Toaster
FUR-HON-10000722,Furniture,Chairs,Hon Rocking Chair
FUR-BO-10002981,Furniture,Bookcases,Bush Floating Shelf Set
OFF-SU-10001407,Office Supplies,Supplies,Fiskars Trimmer
OFF-BIC-10004557,Office Supplies,Art,BIC Canvas
TEC-MA-10001358,Technology,Machines,StarTech Phone
TEC-MA-10002859,Technology,Machines,Ativa MDM8000 8-Sheet Micro-Cut Shredder
TEC-PH-10002102,Technology,Phones,Nokia Headset
FUR-CH-10002547,Furniture,Chairs,Office Star Steel Folding Chair
TEC-HEW-10004172,Technology,Copiers,Hewlett Wireless Fax
TEC-PH-10000688,Technology,Phones,Nokia Speaker Phone
TEC-AC-10000499,Technology,Accessories,Memorex Memory Card
FUR-BO-10002235,Furniture,Bookcases,Bush 3-Shelf Cabinet
FUR-FU-10000298,Furniture,Furnishings,Eldon Photo Frame
TEC-KON-10000302,Technology,Machines,Konica Phone
TEC-AC-10002308,Technology,Accessories,Belkin Memory Card
OFF-AR-10001418,Office Supplies,Art,BIC Markers
TEC-AC-10002800,Technology,Accessories,Plantronics Audio 478 Stereo USB Headset
OFF-ST-10003256,Office Supplies,Storage,Eldon Shelving
TEC-MA-10002871,Technology,Machines,Panasonic Receipt Printer
OFF-PA-10003039,Office Supplies,Paper,Xerox 1960
TEC-MA-10004059,Technology,Machines,Epson Inkjet
FUR-DEF-10000346,Furniture,Furnishings,Deflect-O Frame
OFF-ST-10001522,Office Supplies,Storage,Gould Plastics 18-Pocket Panel Bin
FUR-CH-10003559,Furniture,Chairs,Office Star Chairmat
TEC-PH-10004200,Technology,Phones,Motorola Audio Dock
FUR-CH-10004026,Furniture,Chairs,SAFCO Rocking Chair
OFF-BI-10001533,Office Supplies,Binders,Wilson Jones Binding Machine
TEC-CO-10004481,Technology,Copiers,Canon Fax and Copier
OFF-AP-10001529,Office Supplies,Appliances,Hamilton Beach Toaster
FUR-BUS-10000984,Furniture,Bookcases,Bush 3-Shelf Cabinet
OFF-AP-10001458,Office Supplies,Appliances,KitchenAid Blender
OFF-AP-10003615,Office Supplies,Appliances,Hamilton Beach Blender
TEC-PH-10000215,Technology,Phones,Plantronics Cordless Phone Headset with In-line Volume - M214C
OFF-BOS-10001375,Office Supplies,Art,Boston Canvas
TEC-AC-10003610,Technology,Accessories,Logitech Illuminated - Keyboard
TEC-CO-10001978,Technology,Copiers,Hewlett Fax and Copier
OFF-ST-10001707,Office Supplies,Storage,Smead Shelving
FUR-OFF-10002511,Furniture,Chairs,Office Star Steel Folding Chair
FUR-BO-10003463,Furniture,Bookcases,Ikea Stackable Bookrack
FUR-BO-10003893,Furniture,Bookcases,Sauder Camden County Collection Library
TEC-CO-10002872,Technology,Copiers,Canon Ink
FUR-CH-10004783,Furniture,Chairs,Novimex Chairmat
FUR-BO-10004316,Furniture,Bookcases,Bush 3-Shelf Cabinet
TEC-CO-10000821,Technology,Copiers,Canon Ink
OFF-STA-10004484,Office Supplies,Art,Stanley Pens
FUR-TA-10003568,Furniture,Tables,Chromcraft Conference Table
FUR-SAU-10000637,Furniture,Bookcases,Sauder Library with Doors
FUR-NOV-10002911,Furniture,Chairs,Novimex Steel Folding Chair
TEC-CIS-10001767,Technology,Phones,Cisco Office Telephone
OFF-SU-10002388,Office Supplies,Supplies,Elite Shears
TEC-AC-10002335,Technology,Accessories,Belkin Memory Card
OFF-AP-10001548,Office Supplies,Appliances,Hoover Toaster
FUR-CH-10002344,Furniture,Chairs,Novimex Rocking Chair
TEC-MA-10001139,Technology,Machines,Okidata Receipt Printer
OFF-SU-10003105,Office Supplies,Supplies,Fiskars Shears
FUR-CH-10001044,Furniture,Chairs,Harbour Creations Steel Folding Chair
TEC-AC-10002167,Technology,Accessories,Imation 8gb Micro Traveldrive Usb 2.0 Flash Drive
OFF-PA-10001223,Office Supplies,Paper,SanDisk Cards & Envelopes
TEC-AC-10004068,Technology,Accessories,Memorex Memory Card
OFF-AR-10001672,Office Supplies,Art,Boston Sketch Pad
TEC-CIS-10001661,Technology,Phones,Cisco Signal Booster
FUR-ADV-10004971,Furniture,Furnishings,Advantus Door Stop
OFF-AR-10003774,Office Supplies,Art,Stanley Sketch Pad
FUR-FU-10004071,Furniture,Furnishings,Luxo Professional Magnifying Clamp-On Fluorescent Lamps
TEC-BRO-10000773,Technology,Copiers,Brother Personal Copier
FUR-FU-10001452,Furniture,Furnishings,Rubbermaid Door Stop
FUR-TA-10002228,Furniture,Tables,Bevis Traditional Conference Table Top
TEC-APP-10004584,Technology,Phones,Apple Office Telephone
TEC-AC-10002289,Technology,Accessories,SanDisk Numeric Keypad
TEC-AC-10002243,Technology,Accessories,SanDisk Keyboard
OFF-BOS-10003699,Office Supplies,Art,Boston Sketch Pad
FUR-HON-10003412,Furniture,Tables,Hon Wood Table
OFF-PA-10003510,Office Supplies,Paper,Enermax Message Books
TEC-PH-10003171,Technology,Phones,Plantronics Encore H101 Dual Earpieces Headset
OFF-SU-10000618,Office Supplies,Supplies,Acme Trimmer
FUR-BO-10000034,Furniture,Bookcases,Safco Classic Bookcase
TEC-MA-10004482,Technology,Machines,Panasonic Card Printer
OFF-AR-10003373,Office Supplies,Art,Boston School Pro Electric Pencil Sharpener
FUR-IKE-10000521,Furniture,Bookcases,Ikea Classic Bookcase
FUR-BO-10003713,Furniture,Bookcases,Sauder Corner Shelving
TEC-PAN-10002613,Technology,Machines,Panasonic Printer
TEC-PH-10000822,Technology,Phones,Apple Speaker Phone
OFF-BI-10000977,Office Supplies,Binders,Ibico Plastic Spiral Binding Combs
OFF-PA-10004268,Office Supplies,Paper,SanDisk Note Cards
OFF-PA-10000100,Office Supplies,Paper,Xerox 1945
OFF-EN-10003332,Office Supplies,Envelopes,Jiffy Interoffice Envelope
FUR-ADV-10000847,Furniture,Furnishings,Advantus Stacking Tray
OFF-AR-10002975,Office Supplies,Art,Stanley Sketch Pad
OFF-AR-10000953,Office Supplies,Art,Stanley Pencil Sharpener
FUR-BO-10003688,Furniture,Bookcases,Bush Stackable Bookrack
OFF-BI-10003951,Office Supplies,Binders,Ibico 3-Hole Punch
FUR-BO-10001233,Furniture,Bookcases,Ikea 3-Shelf Cabinet
OFF-ELD-10001477,Office Supplies,Storage,Eldon Lockers
OFF-ST-10001418,Office Supplies,Storage,Carina Media Storage Towers in Natural & Black
TEC-CO-10003124,Technology,Copiers,Canon Ink
TEC-HP -10004801,Technology,Copiers,HP Personal Copier
TEC-AC-10004508,Technology,Accessories,SanDisk Numeric Keypad
TEC-PH-10003174,Technology,Phones,RCA ViSYS 25825 Wireless digital phone
FUR-TA-10004442,Furniture,Tables,Riverside Furniture Stanwyck Manor Table Series
OFF-SU-10003749,Office Supplies,Supplies,Fiskars Box Cutter
FUR-LES-10002852,Furniture,Tables,Lesro Computer Table
OFF-ELD-10001318,Office Supplies,Storage,Eldon Lockers
OFF-BIC-10003680,Office Supplies,Art,BIC Highlighters
FUR-SAU-10002642,Furniture,Bookcases,Sauder 3-Shelf Cabinet
OFF-ST-10002205,Office Supplies,Storage,File Shuttle I and Handi-File
OFF-BI-10000419,Office Supplies,Binders,Wilson Jones 3-Hole Punch
FUR-CH-10003894,Furniture,Chairs,Harbour Creations Steel Folding Chair
OFF-TEN-10002835,Office Supplies,Storage,Tenex Lockers
OFF-ST-10004804,Office Supplies,Storage,"Belkin 19"" Vented Equipment Shelf"
OFF-PA-10002464,Office Supplies,Paper,Green Bar Computer Printout Paper
OFF-BI-10001984,Office Supplies,Binders,Ibico Binding Machine
TEC-AC-10001465,Technology,Accessories,SanDisk Cruzer 64 GB USB Flash Drive
OFF-AR-10000399,Office Supplies,Art,Stanley Canvas
FUR-TA-10000490,Furniture,Tables,Lesro Training Table
TEC-LOG-10003254,Technology,Accessories,Logitech Keyboard
FUR-DAN-10003334,Furniture,Bookcases,Dania 3-Shelf Cabinet
TEC-MA-10001298,Technology,Machines,StarTech Receipt Printer
FUR-SAF-10001873,Furniture,Chairs,SAFCO Bag Chairs
OFF-AR-10001208,Office Supplies,Art,Binney & Smith Canvas
OFF-SME-10001652,Office Supplies,Storage,Smead Trays
OFF-AR-10004010,Office Supplies,Art,Sanford Pencil Sharpener
OFF-AR-10000319,Office Supplies,Art,Binney & Smith Canvas
TEC-CAN-10002843,Technology,Copiers,Canon Ink
FUR-CH-10000807,Furniture,Chairs,Hon Rocking Chair
FUR-CH-10004163,Furniture,Chairs,Novimex Steel Folding Chair
TEC-AC-10002204,Technology,Accessories,Belkin Flash Drive
TEC-AC-10002647,Technology,Accessories,Logitech Wireless Boombox Speaker - portable - wireless
TEC-AC-10002255,Technology,Accessories,Memorex Keyboard
FUR-CH-10003771,Furniture,Chairs,Harbour Creations Steel Folding Chair
OFF-BOS-10002558,Office Supplies,Art,Boston Pencil Sharpener
FUR-CH-10000488,Furniture,Chairs,SAFCO Steel Folding Chair
TEC-NOK-10002716,Technology,Phones,Nokia Audio Dock
OFF-STI-10001651,Office Supplies,Supplies,Stiletto Shears
TEC-CO-10000372,Technology,Copiers,Brother Ink
OFF-EAT-10001933,Office Supplies,Paper,Eaton Cards & Envelopes
FUR-CH-10000656,Furniture,Chairs,Hon Swivel Stool
FUR-TA-10003497,Furniture,Tables,Bevis Training Table
FUR-BO-10002968,Furniture,Bookcases,Bush Library with Doors
FUR-CH-10002498,Furniture,Chairs,Harbour Creations Steel Folding Chair
OFF-FIS-10003234,Office Supplies,Supplies,Fiskars Trimmer
TEC-PH-10002398,Technology,Phones,AT&T 1070 Corded Phone
TEC-STA-10002286,Technology,Machines,StarTech Receipt Printer
OFF-ACC-10002220,Office Supplies,Binders,Acco Binding Machine
TEC-OKI-10003433,Technology,Machines,Okidata Card Printer
FUR-FU-10001488,Furniture,Furnishings,"Tenex 46"" x 60"" Computer Anti-Static Chairmat"
FUR-BO-10002985,Furniture,Bookcases,Sauder Corner Shelving
OFF-AR-10002513,Office Supplies,Art,Sanford Sketch Pad
TEC-MA-10000868,Technology,Machines,Panasonic Phone
TEC-AC-10001767,Technology,Accessories,SanDisk Ultra 64 GB MicroSDHC Class 10 Memory Card
TEC-SAM-10003520,Technology,Phones,Samsung Headset
TEC-MA-10004452,Technology,Machines,Epson Receipt Printer
OFF-ST-10004473,Office Supplies,Storage,Tenex Trays
OFF-ST-10002233,Office Supplies,Storage,Smead Trays
FUR-FU-10001132,Furniture,Furnishings,Deflect-O Frame
FUR-FU-10001200,Furniture,Furnishings,Tenex Photo Frame
OFF-ST-10003656,Office Supplies,Storage,Safco Industrial Wire Shelving
TEC-CO-10003678,Technology,Copiers,HP Personal Copier
FUR-NOV-10002453,Furniture,Chairs,Novimex Rocking Chair
OFF-AR-10003245,Office Supplies,Art,Binney & Smith Canvas
OFF-SU-10001791,Office Supplies,Supplies,Elite Box Cutter
TEC-AC-10001314,Technology,Accessories,Case Logic 2.4GHz Wireless Keyboard
TEC-PH-10003877,Technology,Phones,Samsung Office Telephone
TEC-PH-10002586,Technology,Phones,Nokia Office Telephone
OFF-PA-10001968,Office Supplies,Paper,Eaton Computer Printout Paper
FUR-BO-10000008,Furniture,Bookcases,Sauder Library with Doors
OFF-BI-10001621,Office Supplies,Binders,Cardinal Binding Machine
FUR-BO-10004547,Furniture,Bookcases,Bush Stackable Bookrack
OFF-SU-10002379,Office Supplies,Supplies,Fiskars Letter Opener
OFF-ST-10000560,Office Supplies,Storage,Fellowes Trays
FUR-FU-10003500,Furniture,Furnishings,Rubbermaid Photo Frame
FUR-TA-10003663,Furniture,Tables,Bevis Computer Table
TEC-AC-10000397,Technology,Accessories,Enermax Mouse
OFF-PA-10001970,Office Supplies,Paper,Xerox 1908
FUR-RUB-10001190,Furniture,Furnishings,Rubbermaid Clock
OFF-EN-10002831,Office Supplies,Envelopes,Tyvek  Top-Opening Peel & Seel  Envelopes
TEC-MA-10003936,Technology,Machines,Epson Printer
TEC-AC-10003487,Technology,Accessories,Enermax Mouse
FUR-BO-10000321,Furniture,Bookcases,Dania Floating Shelf Set
FUR-CH-10001819,Furniture,Chairs,Office Star Chairmat
OFF-ST-10004687,Office Supplies,Storage,Eldon Lockers
TEC-MA-10002093,Technology,Machines,StarTech Card Printer
OFF-SU-10001086,Office Supplies,Supplies,Fiskars Scissors
TEC-AC-10004853,Technology,Accessories,Logitech Memory Card
TEC-ENE-10003873,Technology,Accessories,Enermax Numeric Keypad
TEC-NOK-10001678,Technology,Phones,Nokia Audio Dock
FUR-BO-10004103,Furniture,Bookcases,Dania Library with Doors
FUR-BO-10001555,Furniture,Bookcases,Bush Corner Shelving
FUR-CH-10003702,Furniture,Chairs,Office Star Rocking Chair
OFF-SU-10001618,Office Supplies,Supplies,Kleencut Letter Opener
TEC-PAN-10000391,Technology,Machines,Panasonic Printer
TEC-MA-10002952,Technology,Machines,StarTech Calculator
TEC-AC-10003690,Technology,Accessories,Logitech Numeric Keypad
TEC-PH-10004871,Technology,Phones,Motorola Headset
TEC-PH-10000673,Technology,Phones,Plantronics Voyager Pro HD - Bluetooth Headset
TEC-MA-10003953,Technology,Machines,Epson Inkjet
TEC-CO-10002323,Technology,Copiers,Brother Copy Machine
OFF-AR-10002706,Office Supplies,Art,Stanley Canvas
FUR-BO-10001969,Furniture,Bookcases,Sauder 3-Shelf Cabinet
FUR-OFF-10002486,Furniture,Chairs,Office Star Bag Chairs
OFF-SAN-10001542,Office Supplies,Paper,SanDisk Note Cards
FUR-CH-10001138,Furniture,Chairs,Office Star Swivel Stool
TEC-MA-10000199,Technology,Machines,Okidata Inkjet
TEC-CO-10001482,Technology,Copiers,Sharp Ink
TEC-BRO-10003555,Technology,Copiers,Brother Ink
OFF-AP-10003298,Office Supplies,Appliances,KitchenAid Coffee Grinder
OFF-ST-10000003,Office Supplies,Storage,Tenex Shelving
TEC-KON-10004735,Technology,Machines,Konica Card Printer
FUR-CH-10001477,Furniture,Chairs,Novimex Chairmat
FUR-FU-10004790,Furniture,Furnishings,Advantus Photo Frame
FUR-TA-10002982,Furniture,Tables,Lesro Coffee Table
FUR-ELD-10001163,Furniture,Furnishings,Eldon Frame
OFF-FEL-10002658,Office Supplies,Storage,Fellowes Shelving
OFF-AR-10002681,Office Supplies,Art,Stanley Canvas
FUR-CH-10002758,Furniture,Chairs,Hon Deluxe Fabric Upholstered Stacking Chairs
OFF-EN-10002230,Office Supplies,Envelopes,Airmail Envelopes
OFF-AP-10001391,Office Supplies,Appliances,Kensington 6 Outlet MasterPiece HOMEOFFICE Power Control Center
OFF-AP-10003909,Office Supplies,Appliances,KitchenAid Blender
OFF-AR-10000937,Office Supplies,Art,Dixon Ticonderoga Core-Lock Colored Pencils
FUR-BO-10002682,Furniture,Bookcases,Safco Stackable Bookrack
TEC-AC-10004353,Technology,Accessories,Hypercom P1300 Pinpad
TEC-MA-10003757,Technology,Machines,Panasonic Printer
TEC-CO-10000119,Technology,Copiers,HP Fax Machine
OFF-HON-10002389,Office Supplies,Labels,Hon Legal Exhibit Labels
OFF-AP-10003588,Office Supplies,Appliances,Hoover Refrigerator
OFF-EN-10002122,Office Supplies,Envelopes,Jiffy Mailers
TEC-PH-10004450,Technology,Phones,Cisco Office Telephone
TEC-AC-10003989,Technology,Accessories,Enermax Numeric Keypad
TEC-MA-10003975,Technology,Machines,Epson Phone
OFF-AP-10001242,Office Supplies,Appliances,APC 7 Outlet Network SurgeArrest Surge Protector
FUR-FU-10002362,Furniture,Furnishings,Advantus Door Stop
OFF-EN-10002061,Office Supplies,Envelopes,Cameo Mailers
TEC-AC-10004901,Technology,Accessories,Kensington SlimBlade Notebook Wireless Mouse with Nano Receiver 
OFF-BRE-10003558,Office Supplies,Appliances,Breville Refrigerator
TEC-MA-10002864,Technology,Machines,Okidata Calculator
TEC-PH-10002292,Technology,Phones,Cisco Signal Booster
OFF-AR-10003957,Office Supplies,Art,Stanley Canvas
TEC-PH-10002583,Technology,Phones,iOttie HLCRIO102 Car Mount
FUR-FU-10002422,Furniture,Furnishings,Eldon Photo Frame
FUR-TA-10002935,Furniture,Tables,Bevis Coffee Table
FUR-OFF-10001552,Furniture,Chairs,Office Star Bag Chairs
FUR-CH-10000265,Furniture,Chairs,Office Star Chairmat
TEC-EPS-10002920,Technology,Machines,Epson Printer
TEC-HEW-10004833,Technology,Copiers,Hewlett Ink
TEC-PH-10002115,Technology,Phones,Plantronics 81402
FUR-CH-10004725,Furniture,Chairs,Office Star Bag Chairs
TEC-CO-10003318,Technology,Copiers,Hewlett Ink
FUR-CH-10003199,Furniture,Chairs,Office Star - Contemporary Task Swivel Chair
FUR-FU-10001588,Furniture,Furnishings,Deflect-o SuperTray Unbreakable Stackable Tray
TEC-AC-10001312,Technology,Accessories,Logitech Numeric Keypad
OFF-PA-10004294,Office Supplies,Paper,Xerox Computer Printout Paper
TEC-CO-10002326,Technology,Copiers,Canon Copy Machine
TEC-MA-10001475,Technology,Machines,StarTech Receipt Printer
OFF-ST-10000532,Office Supplies,Storage,Advantus Rolling Drawer Organizers
OFF-PA-10000026,Office Supplies,Paper,Eaton Cards & Envelopes
TEC-PH-10000599,Technology,Phones,Samsung Audio Dock
FUR-BO-10001873,Furniture,Bookcases,Ikea Floating Shelf Set
OFF-WIL-10003299,Office Supplies,Binders,Wilson Jones Binding Machine
FUR-TA-10003030,Furniture,Tables,Lesro Training Table
OFF-AR-10000184,Office Supplies,Art,Boston Pencil Sharpener
OFF-AR-10001529,Office Supplies,Art,Binney & Smith Pencil Sharpener
OFF-AP-10004494,Office Supplies,Appliances,Hoover Blender
FUR-FU-10003394,Furniture,Furnishings,"Tenex ""The Solids"" Textured Chair Mats"
TEC-PH-10001427,Technology,Phones,Motorola Headset
TEC-CO-10004152,Technology,Copiers,HP Ink
OFF-FEL-10004016,Office Supplies,Storage,Fellowes Shelving
TEC-CO-10004394,Technology,Copiers,Canon Wireless Fax
FUR-FU-10001290,Furniture,Furnishings,Executive Impressions Supervisor Wall Clock
OFF-EN-10000615,Office Supplies,Envelopes,Jiffy Mailers
TEC-AC-10002159,Technology,Accessories,Logitech Router
FUR-FU-10000666,Furniture,Furnishings,Rubbermaid Frame
TEC-MA-10001934,Technology,Machines,StarTech Printer
TEC-AC-10004012,Technology,Accessories,Enermax Flash Drive
TEC-AC-10001948,Technology,Accessories,Belkin Numeric Keypad
TEC-PH-10001809,Technology,Phones,Panasonic KX T7736-B Digital phone
OFF-STA-10003756,Office Supplies,Art,Stanley Sketch Pad
OFF-AR-10000481,Office Supplies,Art,BIC Markers
TEC-AC-10002833,Technology,Accessories,Logitech Mouse
OFF-BI-10003709,Office Supplies,Binders,Wilson Jones Binding Machine
FUR-TA-10001520,Furniture,Tables,Lesro Sheffield Collection Coffee Table
TEC-CO-10004664,Technology,Copiers,Hewlett Personal Copier
TEC-PH-10002708,Technology,Phones,Nokia Speaker Phone
OFF-ST-10000645,Office Supplies,Storage,Tenex File Cart
FUR-FU-10004188,Furniture,Furnishings,Luxo Professional Combination Clamp-On Lamps
OFF-ST-10004341,Office Supplies,Storage,Tenex File Cart
OFF-AR-10000715,Office Supplies,Art,Boston Markers
OFF-AP-10002439,Office Supplies,Appliances,Tripp Lite Isotel 8 Ultra 8 Outlet Metal Surge
TEC-CO-10000565,Technology,Copiers,Canon Fax and Copier
TEC-AC-10000863,Technology,Accessories,Enermax Numeric Keypad
FUR-TA-10002065,Furniture,Tables,Bevis Round Table
FUR-CH-10001674,Furniture,Chairs,Office Star Chairmat
TEC-AC-10003640,Technology,Accessories,SanDisk Mouse
OFF-PA-10004359,Office Supplies,Paper,Multicolor Computer Printout Paper
TEC-MOT-10001927,Technology,Phones,Motorola Speaker Phone
FUR-CH-10003842,Furniture,Chairs,Harbour Creations Chairmat
TEC-MA-10001569,Technology,Machines,Okidata Phone
TEC-MA-10001330,Technology,Machines,Konica Card Printer
OFF-AP-10004305,Office Supplies,Appliances,Breville Blender
TEC-AC-10001987,Technology,Accessories,Memorex Numeric Keypad
OFF-PA-10001869,Office Supplies,Paper,Green Bar Computer Printout Paper
FUR-LES-10002613,Furniture,Tables,Lesro Wood Table
OFF-EN-10000128,Office Supplies,Envelopes,GlobeWeis Interoffice Envelope
FUR-BO-10003291,Furniture,Bookcases,Dania Corner Shelving
TEC-KON-10001388,Technology,Machines,Konica Printer
TEC-STA-10003550,Technology,Machines,StarTech Card Printer
FUR-TA-10002833,Furniture,Tables,Lesro Training Table
FUR-CH-10004040,Furniture,Chairs,Office Star Steel Folding Chair
OFF-KLE-10004581,Office Supplies,Supplies,Kleencut Trimmer
TEC-SAN-10002477,Technology,Accessories,SanDisk Flash Drive
TEC-PH-10001063,Technology,Phones,Samsung Speaker Phone
OFF-BIN-10001621,Office Supplies,Art,Binney & Smith Canvas
FUR-CH-10001545,Furniture,Chairs,Hon Comfortask Task/Swivel Chairs
TEC-NOK-10003034,Technology,Phones,Nokia Speaker Phone
OFF-ST-10002873,Office Supplies,Storage,Fellowes Folders
FUR-FU-10004915,Furniture,Furnishings,Rubbermaid Frame
FUR-TA-10002544,Furniture,Tables,Barricks Training Table
OFF-ST-10003952,Office Supplies,Storage,Rogers Trays
OFF-EN-10003381,Office Supplies,Envelopes,Cameo Manila Envelope
OFF-PA-10003640,Office Supplies,Paper,Eaton Cards & Envelopes
FUR-FU-10001657,Furniture,Furnishings,Deflect-O Frame
OFF-PA-10000579,Office Supplies,Paper,Xerox Computer Printout Paper
TEC-AC-10003970,Technology,Accessories,SanDisk Numeric Keypad
FUR-CH-10002084,Furniture,Chairs,Hon Mobius Operator's Chair
OFF-BI-10000340,Office Supplies,Binders,Avery Binding Machine
FUR-CH-10000774,Furniture,Chairs,SAFCO Rocking Chair
OFF-AP-10003304,Office Supplies,Appliances,Cuisinart Microwave
OFF-AR-10002447,Office Supplies,Art,Stanley Sketch Pad
OFF-PA-10000034,Office Supplies,Paper,Xerox Cards & Envelopes
OFF-ST-10001213,Office Supplies,Storage,Smead Shelving
TEC-PH-10001163,Technology,Phones,Motorola Speaker Phone
FUR-FU-10000394,Furniture,Furnishings,Rubbermaid Photo Frame
TEC-MA-10001360,Technology,Machines,Okidata Receipt Printer
FUR-BO-10003022,Furniture,Bookcases,Dania 3-Shelf Cabinet
OFF-BI-10000561,Office Supplies,Binders,Acco Binding Machine
FUR-CH-10001975,Furniture,Chairs,Hon Swivel Stool
FUR-FU-10004614,Furniture,Furnishings,Rubbermaid Frame
FUR-CH-10004365,Furniture,Chairs,Novimex Rocking Chair
OFF-SU-10004401,Office Supplies,Supplies,Acme Shears
FUR-FU-10001711,Furniture,Furnishings,Tenex Frame
FUR-FU-10000743,Furniture,Furnishings,Eldon Frame
TEC-AC-10001438,Technology,Accessories,SanDisk Flash Drive
OFF-ST-10000351,Office Supplies,Storage,Smead Shelving
TEC-AC-10000284,Technology,Accessories,Belkin Flash Drive
TEC-CO-10003204,Technology,Copiers,HP Fax and Copier
FUR-FU-10001142,Furniture,Furnishings,Deflect-O Clock
OFF-ST-10002530,Office Supplies,Storage,Rogers Lockers
OFF-ST-10001713,Office Supplies,Storage,Gould Plastics 9-Pocket Panel Bin
TEC-PH-10003254,Technology,Phones,Samsung Office Telephone
OFF-PA-10002120,Office Supplies,Paper,Xerox 1889
TEC-BRO-10001938,Technology,Copiers,Brother Wireless Fax
FUR-CH-10000213,Furniture,Chairs,Hon Swivel Stool
OFF-PA-10001281,Office Supplies,Paper,Computer Printout Paper with Letter-Trim Fine Perforations
FUR-CH-10004899,Furniture,Chairs,SAFCO Rocking Chair
TEC-MA-10001372,Technology,Machines,Konica Card Printer
OFF-BI-10003934,Office Supplies,Binders,Acco Binding Machine
TEC-CO-10003217,Technology,Copiers,Canon Wireless Fax
OFF-EN-10000898,Office Supplies,Envelopes,Ames Interoffice Envelope
OFF-ST-10000604,Office Supplies,Storage,Home/Office Personal File Carts
OFF-ROG-10001418,Office Supplies,Storage,Rogers Trays
OFF-ST-10001050,Office Supplies,Storage,Eldon Shelving
FUR-BO-10001256,Furniture,Bookcases,Ikea Corner Shelving
OFF-EN-10001755,Office Supplies,Envelopes,Ames Interoffice Envelope
OFF-AP-10000240,Office Supplies,Appliances,Belkin F9G930V10-GRY 9 Outlet Surge
OFF-AR-10002109,Office Supplies,Art,Binney & Smith Sketch Pad
OFF-BI-10003774,Office Supplies,Binders,Cardinal 3-Hole Punch
FUR-LES-10000874,Furniture,Tables,Lesro Computer Table
TEC-CO-10003534,Technology,Copiers,HP Fax and Copier
TEC-AC-10004595,Technology,Accessories,First Data TMFD35 PIN Pad
TEC-AC-10001754,Technology,Accessories,SanDisk Memory Card
FUR-CHR-10001784,Furniture,Tables,Chromcraft Coffee Table
TEC-PH-10001288,Technology,Phones,Motorola Speaker Phone
FUR-SAF-10002253,Furniture,Bookcases,Safco Stackable Bookrack
OFF-AP-10001797,Office Supplies,Appliances,Cuisinart Blender
FUR-BO-10002334,Furniture,Bookcases,Ikea 3-Shelf Cabinet
TEC-MA-10003478,Technology,Machines,StarTech Receipt Printer
TEC-PH-10001128,Technology,Phones,Motorola Droid Maxx
OFF-ST-10003411,Office Supplies,Storage,Eldon Trays
TEC-PAN-10002454,Technology,Machines,Panasonic Phone
TEC-PH-10003652,Technology,Phones,Motorola Headset
TEC-AC-10001082,Technology,Accessories,Enermax Keyboard
FUR-TA-10001327,Furniture,Tables,Barricks Training Table
OFF-LA-10003510,Office Supplies,Labels,Avery 4027 File Folder Labels for Dot Matrix Printers
FUR-BO-10000711,Furniture,Bookcases,Hon Metal Bookcases
FUR-BO-10004565,Furniture,Bookcases,Sauder Corner Shelving
OFF-AP-10004336,Office Supplies,Appliances,Conquest 14 Commercial Heavy-Duty Upright Vacuum
TEC-PAN-10002690,Technology,Machines,Panasonic Card Printer
OFF-PA-10001661,Office Supplies,Paper,SanDisk Computer Printout Paper
OFF-PA-10003455,Office Supplies,Paper,Xerox Cards & Envelopes
TEC-APP-10003588,Technology,Phones,Apple Signal Booster
FUR-TA-10001433,Furniture,Tables,Barricks Coffee Table
FUR-OFF-10002330,Furniture,Chairs,Office Star Executive Leather Armchair
TEC-AC-10000860,Technology,Accessories,Enermax Numeric Keypad
TEC-MA-10004955,Technology,Machines,Okidata Card Printer
OFF-BI-10003159,Office Supplies,Binders,Avery Binding Machine
TEC-AC-10000580,Technology,Accessories,Logitech G13 Programmable Gameboard with LCD Display
TEC-PH-10004922,Technology,Phones,RCA Visys Integrated PBX 8-Line Router
TEC-HP -10002095,Technology,Copiers,HP Copy Machine
OFF-PA-10003302,Office Supplies,Paper,Xerox 1906
TEC-CIS-10001122,Technology,Phones,Cisco Speaker Phone
FUR-TA-10004147,Furniture,Tables,Hon 4060 Series Tables
OFF-AR-10001533,Office Supplies,Art,Sanford Sketch Pad
OFF-AP-10003524,Office Supplies,Appliances,Breville Blender
OFF-ST-10002344,Office Supplies,Storage,"Carina 42""Hx23 3/4""W Media Storage Unit"
OFF-EN-10002556,Office Supplies,Envelopes,Ames Business Envelopes
FUR-FU-10004864,Furniture,Furnishings,"Howard Miller 14-1/2"" Diameter Chrome Round Wall Clock"
TEC-MA-10002710,Technology,Machines,Okidata Printer
FUR-CH-10004580,Furniture,Chairs,Office Star Bag Chairs
TEC-PH-10002932,Technology,Phones,Samsung Speaker Phone
OFF-GRE-10004604,Office Supplies,Paper,Green Bar Cards & Envelopes
TEC-CO-10000422,Technology,Copiers,Brother Personal Copier
TEC-AC-10004813,Technology,Accessories,SanDisk Keyboard
OFF-EN-10000352,Office Supplies,Envelopes,GlobeWeis Peel and Seal
TEC-PH-10003416,Technology,Phones,Samsung Office Telephone
FUR-SAF-10000678,Furniture,Bookcases,Safco Floating Shelf Set
FUR-NOV-10003754,Furniture,Chairs,Novimex Rocking Chair
TEC-PH-10001824,Technology,Phones,Samsung Speaker Phone
TEC-HEW-10004522,Technology,Copiers,Hewlett Copy Machine
TEC-AC-10003969,Technology,Accessories,SanDisk Memory Card
TEC-PH-10004800,Technology,Phones,Apple Headset
FUR-SAF-10000607,Furniture,Bookcases,Safco Stackable Bookrack
OFF-ST-10001366,Office Supplies,Storage,Rogers Folders
TEC-PH-10003770,Technology,Phones,Apple Speaker Phone
FUR-CH-10002212,Furniture,Chairs,Novimex Swivel Stool
FUR-BO-10001519,Furniture,Bookcases,O'Sullivan 3-Shelf Heavy-Duty Bookcases
OFF-AP-10000159,Office Supplies,Appliances,Belkin F9M820V08 8 Outlet Surge
OFF-EN-10001449,Office Supplies,Envelopes,Kraft Manila Envelope
TEC-CO-10000601,Technology,Copiers,Brother Ink
FUR-FU-10003414,Furniture,Furnishings,Tenex Clock
TEC-BEL-10001689,Technology,Accessories,Belkin Router
OFF-BI-10003779,Office Supplies,Binders,Cardinal 3-Hole Punch
OFF-SU-10000723,Office Supplies,Supplies,Kleencut Shears
FUR-CH-10004540,Furniture,Chairs,Global Chrome Stack Chair
TEC-MA-10004613,Technology,Machines,Okidata Phone
OFF-AR-10000904,Office Supplies,Art,Sanford Sketch Pad
OFF-SU-10000835,Office Supplies,Supplies,Acme Box Cutter
FUR-BO-10000746,Furniture,Bookcases,Ikea Corner Shelving
OFF-ST-10003159,Office Supplies,Storage,Smead Trays
TEC-MA-10000258,Technology,Machines,Panasonic Inkjet
OFF-AP-10002360,Office Supplies,Appliances,Cuisinart Blender
FUR-CH-10002882,Furniture,Chairs,Harbour Creations Bag Chairs
TEC-PH-10004707,Technology,Phones,Samsung Signal Booster
OFF-LA-10004280,Office Supplies,Labels,Harbour Creations Legal Exhibit Labels
OFF-AVE-10003549,Office Supplies,Binders,Avery Binding Machine
FUR-DEF-10004355,Furniture,Furnishings,Deflect-O Clock
OFF-SU-10003863,Office Supplies,Supplies,Kleencut Letter Opener
TEC-MOT-10001088,Technology,Phones,Motorola Audio Dock
TEC-AC-10001295,Technology,Accessories,Memorex Memory Card
OFF-PA-10004727,Office Supplies,Paper,Eaton Note Cards
OFF-SU-10000153,Office Supplies,Supplies,Acme Shears
FUR-CH-10002412,Furniture,Chairs,Hon Bag Chairs
OFF-BI-10004589,Office Supplies,Binders,Avery Binding Machine
TEC-AC-10003027,Technology,Accessories,Imation 8GB Mini TravelDrive USB 2.0 Flash Drive
OFF-PA-10001470,Office Supplies,Paper,Green Bar Message Books
TEC-SAN-10001899,Technology,Accessories,SanDisk Keyboard
FUR-TA-10004748,Furniture,Tables,Bevis Coffee Table
TEC-CO-10000228,Technology,Copiers,Hewlett Personal Copier
OFF-ST-10001752,Office Supplies,Storage,Tenex Shelving
FUR-FU-10003235,Furniture,Furnishings,Eldon Frame
FUR-TA-10003576,Furniture,Tables,Hon Coffee Table
TEC-SHA-10004184,Technology,Copiers,Sharp Personal Copier
OFF-AP-10003099,Office Supplies,Appliances,Eureka Hand Vacuum
OFF-AR-10004139,Office Supplies,Art,Stanley Sketch Pad
OFF-SU-10002337,Office Supplies,Supplies,Elite Trimmer
TEC-PH-10000439,Technology,Phones,GE DSL Phone Line Filter
FUR-HAR-10000441,Furniture,Chairs,Harbour Creations Rocking Chair
TEC-MA-10003674,Technology,Machines,Hewlett-Packard Deskjet 5550 Printer
TEC-AC-10001611,Technology,Accessories,Memorex Numeric Keypad
TEC-PH-10000562,Technology,Phones,Samsung Convoy 3
FUR-BUS-10004475,Furniture,Bookcases,Bush Floating Shelf Set
OFF-PA-10002033,Office Supplies,Paper,Green Bar Cards & Envelopes
FUR-FU-10004097,Furniture,Furnishings,Advantus Door Stop
TEC-PH-10004882,Technology,Phones,Nokia Office Telephone
TEC-MA-10000597,Technology,Machines,Lexmark S315 Color Inkjet Printer
OFF-SAN-10004881,Office Supplies,Art,Sanford Pencil Sharpener
TEC-PH-10000158,Technology,Phones,Apple Signal Booster
OFF-SU-10003758,Office Supplies,Supplies,Fiskars Scissors
OFF-AP-10000934,Office Supplies,Appliances,Hamilton Beach Stove
TEC-AC-10000170,Technology,Accessories,Memorex Keyboard
TEC-MA-10001598,Technology,Machines,Panasonic Card Printer
TEC-AC-10003463,Technology,Accessories,Enermax Numeric Keypad
TEC-PH-10000365,Technology,Phones,Cisco Office Telephone
FUR-TA-10003055,Furniture,Tables,Lesro Round Table
FUR-CH-10004536,Furniture,Chairs,Novimex Bag Chairs
TEC-SAN-10004885,Technology,Accessories,SanDisk Flash Drive
FUR-CH-10002002,Furniture,Chairs,Hon Rocking Chair
TEC-AC-10004241,Technology,Accessories,Logitech Keyboard
TEC-PH-10001750,Technology,Phones,Samsung Rugby III
FUR-CH-10002207,Furniture,Chairs,Hon Chairmat
OFF-AR-10004486,Office Supplies,Art,Sanford Canvas
OFF-PA-10000908,Office Supplies,Paper,Xerox Note Cards
TEC-PH-10003555,Technology,Phones,Motorola HK250 Universal Bluetooth Headset
OFF-CAM-10004269,Office Supplies,Envelopes,Cameo Business Envelopes
OFF-ST-10000777,Office Supplies,Storage,Companion Letter/Legal File
FUR-FU-10003095,Furniture,Furnishings,"Linden 12"" Wall Clock With Oak Frame"
OFF-AP-10002578,Office Supplies,Appliances,Fellowes Premier Superior Surge Suppressor
OFF-BI-10001858,Office Supplies,Binders,Ibico Binding Machine
OFF-BI-10000482,Office Supplies,Binders,Acco 3-Hole Punch
TEC-EPS-10002212,Technology,Machines,Epson Receipt Printer
OFF-BI-10000813,Office Supplies,Binders,Cardinal Binding Machine
TEC-MA-10004603,Technology,Machines,Okidata Printer
TEC-PH-10002018,Technology,Phones,Samsung Audio Dock
FUR-FU-10000293,Furniture,Furnishings,Eldon Antistatic Chair Mats for Low to Medium Pile Carpets
OFF-AP-10000935,Office Supplies,Appliances,Cuisinart Toaster
TEC-PH-10002590,Technology,Phones,Motorola Audio Dock
OFF-AP-10001254,Office Supplies,Appliances,KitchenAid Coffee Grinder
OFF-AP-10003850,Office Supplies,Appliances,Hoover Blender
OFF-CAM-10000497,Office Supplies,Envelopes,Cameo Manila Envelope
TEC-PH-10000641,Technology,Phones,Motorola Headset
OFF-BI-10003373,Office Supplies,Binders,Wilson Jones Binding Machine
FUR-FU-10002116,Furniture,Furnishings,Tenex Carpeted
TEC-HP -10001115,Technology,Copiers,HP Ink
TEC-CAN-10004166,Technology,Copiers,Canon Personal Copier
TEC-PH-10003774,Technology,Phones,Cisco Headset
OFF-AP-10002008,Office Supplies,Appliances,Hamilton Beach Microwave
TEC-CO-10003406,Technology,Copiers,HP Fax and Copier
TEC-STA-10001232,Technology,Machines,StarTech Phone
OFF-BI-10000179,Office Supplies,Binders,Wilson Jones 3-Hole Punch
TEC-AC-10001114,Technology,Accessories,Microsoft Wireless Mobile Mouse 4000
OFF-TEN-10002065,Office Supplies,Storage,Tenex Shelving
OFF-AP-10003334,Office Supplies,Appliances,Cuisinart Coffee Grinder
TEC-MA-10000858,Technology,Machines,Panasonic Printer
FUR-CH-10004801,Furniture,Chairs,Office Star Bag Chairs
FUR-CH-10003844,Furniture,Chairs,Office Star Rocking Chair
OFF-BI-10002459,Office Supplies,Binders,Cardinal Binding Machine
FUR-CH-10003580,Furniture,Chairs,Harbour Creations Bag Chairs
OFF-SU-10002993,Office Supplies,Supplies,Fiskars Trimmer
FUR-CH-10004101,Furniture,Chairs,SAFCO Swivel Stool
OFF-BI-10000089,Office Supplies,Binders,Wilson Jones 3-Hole Punch
OFF-FA-10002388,Office Supplies,Fasteners,Accos Push Pins
TEC-HEW-10003260,Technology,Copiers,Hewlett Fax and Copier
OFF-PA-10003911,Office Supplies,Paper,Green Bar Cards & Envelopes
FUR-TA-10004440,Furniture,Tables,Chromcraft Wood Table
OFF-SU-10001698,Office Supplies,Supplies,Stiletto Box Cutter
TEC-PH-10002154,Technology,Phones,Cisco Headset
TEC-PH-10002491,Technology,Phones,Samsung Office Telephone
TEC-MA-10003990,Technology,Machines,Panasonic Card Printer
OFF-PA-10003332,Office Supplies,Paper,Xerox Cards & Envelopes
OFF-BIC-10001739,Office Supplies,Art,BIC Sketch Pad
TEC-AC-10002712,Technology,Accessories,Enermax Keyboard
OFF-WIL-10003308,Office Supplies,Binders,Wilson Jones Binder Covers
FUR-FU-10001986,Furniture,Furnishings,Dana Fluorescent Magnifying Lamp
OFF-BI-10002026,Office Supplies,Binders,Ibico Recycled Linen-Style Covers
OFF-SU-10001382,Office Supplies,Supplies,Acme Trimmer
FUR-BAR-10003465,Furniture,Tables,Barricks Computer Table
TEC-NOK-10001282,Technology,Phones,Nokia Signal Booster
TEC-LOG-10004917,Technology,Accessories,Logitech Memory Card
TEC-CO-10003017,Technology,Copiers,Sharp Ink
OFF-PA-10004353,Office Supplies,Paper,Southworth 25% Cotton Premium Laser Paper and Envelopes
OFF-PA-10002248,Office Supplies,Paper,Green Bar Memo Slips
OFF-EN-10000556,Office Supplies,Envelopes,Kraft Interoffice Envelope
FUR-BO-10002738,Furniture,Bookcases,Sauder Corner Shelving
OFF-ST-10002437,Office Supplies,Storage,Eldon Trays
OFF-BI-10004969,Office Supplies,Binders,Acco Binding Machine
TEC-AC-10000896,Technology,Accessories,Belkin Numeric Keypad
FUR-DAN-10002631,Furniture,Bookcases,Dania 3-Shelf Cabinet
OFF-SU-10000427,Office Supplies,Supplies,Fiskars Trimmer
OFF-HOO-10002920,Office Supplies,Appliances,Hoover Stove
FUR-CH-10004547,Furniture,Chairs,Office Star Bag Chairs
FUR-CH-10001795,Furniture,Chairs,SAFCO Steel Folding Chair
OFF-AP-10001975,Office Supplies,Appliances,Cuisinart Microwave
OFF-STA-10002791,Office Supplies,Art,Stanley Sketch Pad
TEC-PH-10002755,Technology,Phones,Apple Headset
TEC-MA-10004814,Technology,Machines,Panasonic Inkjet
TEC-AC-10004568,Technology,Accessories,Maxell LTO Ultrium - 800 GB
TEC-PH-10002085,Technology,Phones,Clarity 53712
TEC-PH-10004184,Technology,Phones,Motorola Headset
FUR-CH-10000042,Furniture,Chairs,Harbour Creations Swivel Stool
TEC-HP -10001426,Technology,Copiers,HP Personal Copier
TEC-APP-10004296,Technology,Phones,Apple Speaker Phone
OFF-PA-10000878,Office Supplies,Paper,SanDisk Note Cards
FUR-DAN-10004625,Furniture,Bookcases,Dania Stackable Bookrack
OFF-FEL-10001792,Office Supplies,Storage,Fellowes Folders
OFF-OIC-10003366,Office Supplies,Fasteners,OIC Staples
TEC-PH-10004896,Technology,Phones,Nokia Lumia 521 (T-Mobile)
TEC-AC-10001616,Technology,Accessories,SanDisk Numeric Keypad
OFF-ENE-10004377,Office Supplies,Paper,Enermax Note Cards
TEC-MA-10003337,Technology,Machines,Okidata B401 Printer
OFF-ST-10004367,Office Supplies,Storage,Rogers Trays
OFF-BI-10002570,Office Supplies,Binders,Cardinal 3-Hole Punch
OFF-ST-10000486,Office Supplies,Storage,Rogers Trays
FUR-TA-10004005,Furniture,Tables,Bevis Coffee Table
FUR-FU-10003451,Furniture,Furnishings,Eldon Frame
OFF-STI-10000856,Office Supplies,Supplies,Stiletto Shears
OFF-ST-10000875,Office Supplies,Storage,Smead Shelving
FUR-BO-10004773,Furniture,Bookcases,Ikea Floating Shelf Set
TEC-MA-10003632,Technology,Machines,Epson Calculator
TEC-AC-10004289,Technology,Accessories,SanDisk Memory Card
FUR-BO-10004409,Furniture,Bookcases,Safco Value Mate Series Steel Bookcases
OFF-AP-10001916,Office Supplies,Appliances,Breville Blender
OFF-EN-10002425,Office Supplies,Envelopes,Ames Peel and Seal
FUR-BO-10004191,Furniture,Bookcases,Safco Corner Shelving
TEC-AC-10002901,Technology,Accessories,Memorex Mouse
OFF-EN-10001976,Office Supplies,Envelopes,Jiffy Interoffice Envelope
OFF-CAR-10001577,Office Supplies,Binders,Cardinal Binding Machine
OFF-ST-10001173,Office Supplies,Storage,Eldon Trays
FUR-FU-10004019,Furniture,Furnishings,Rubbermaid Door Stop
TEC-AC-10000857,Technology,Accessories,Belkin Router
OFF-SU-10000695,Office Supplies,Supplies,Kleencut Trimmer
FUR-CH-10001482,Furniture,Chairs,Office Star - Mesh Screen back chair with Vinyl seat
TEC-AC-10004044,Technology,Accessories,SanDisk Mouse
TEC-PH-10002572,Technology,Phones,Nokia Audio Dock
TEC-MA-10003330,Technology,Machines,Panasonic Receipt Printer
TEC-PH-10004242,Technology,Phones,Apple Speaker Phone
FUR-CH-10003733,Furniture,Chairs,Hon Steel Folding Chair
OFF-EN-10004981,Office Supplies,Envelopes,Ames Interoffice Envelope
OFF-PA-10002811,Office Supplies,Paper,Green Bar Message Books
FUR-CH-10002542,Furniture,Chairs,Office Star Steel Folding Chair
OFF-AP-10004937,Office Supplies,Appliances,Hoover Microwave
TEC-MOT-10001950,Technology,Phones,Motorola Headset
FUR-TA-10003782,Furniture,Tables,Lesro Training Table
OFF-TEN-10004270,Office Supplies,Storage,Tenex File Cart
TEC-CO-10004813,Technology,Copiers,Hewlett Ink
TEC-STA-10001994,Technology,Machines,StarTech Printer
FUR-BO-10003441,Furniture,Bookcases,Bush Westfield Collection Bookcases
FUR-FU-10001602,Furniture,Furnishings,Eldon Delta Triangular Chair Mat
FUR-CH-10000528,Furniture,Chairs,Novimex Steel Folding Chair
FUR-FU-10000159,Furniture,Furnishings,Advantus Frame
TEC-AC-10001907,Technology,Accessories,SanDisk Flash Drive
FUR-BO-10003660,Furniture,Bookcases,Bush Cubix Collection Bookcases
OFF-PA-10004756,Office Supplies,Paper,SanDisk Cards & Envelopes
FUR-FU-10004549,Furniture,Furnishings,Advantus Frame
TEC-PH-10001148,Technology,Phones,Samsung Signal Booster
OFF-EN-10003055,Office Supplies,Envelopes,Blue String-Tie & Button Interoffice Envelopes
OFF-BOS-10001511,Office Supplies,Art,Boston Canvas
FUR-BO-10002008,Furniture,Bookcases,Bush Stackable Bookrack
OFF-IBI-10000959,Office Supplies,Binders,Ibico Binding Machine
OFF-ST-10002834,Office Supplies,Storage,Smead File Cart
OFF-AP-10002531,Office Supplies,Appliances,Hoover Blender
TEC-CO-10001145,Technology,Copiers,Canon Personal Copier
OFF-EN-10003299,Office Supplies,Envelopes,Cameo Mailers
FUR-BO-10004670,Furniture,Bookcases,Dania Library with Doors
OFF-JIF-10000375,Office Supplies,Envelopes,Jiffy Mailers
OFF-SME-10002417,Office Supplies,Storage,Smead Trays
FUR-SAF-10002616,Furniture,Chairs,SAFCO Steel Folding Chair
OFF-AP-10002495,Office Supplies,Appliances,Acco Smartsocket Table Surge Protector
OFF-PA-10000176,Office Supplies,Paper,Xerox 1887
FUR-TA-10002146,Furniture,Tables,Hon Coffee Table
OFF-SU-10000066,Office Supplies,Supplies,Acme Box Cutter
OFF-PA-10004600,Office Supplies,Paper,Xerox Cards & Envelopes
OFF-PA-10000453,Office Supplies,Paper,Xerox Cards & Envelopes
OFF-PA-10001815,Office Supplies,Paper,Xerox 1885
TEC-AC-10002363,Technology,Accessories,Logitech Keyboard
TEC-SHA-10003353,Technology,Copiers,Sharp Copy Machine
FUR-CH-10003697,Furniture,Chairs,Novimex Chairmat
TEC-MA-10002040,Technology,Machines,Panasonic Card Printer
FUR-CH-10001658,Furniture,Chairs,SAFCO Chairmat
OFF-JIF-10002836,Office Supplies,Envelopes,Jiffy Interoffice Envelope
FUR-SAF-10004664,Furniture,Chairs,SAFCO Steel Folding Chair
OFF-ST-10000036,Office Supplies,Storage,Recycled Data-Pak for Archival Bound Computer Printouts
TEC-AC-10002688,Technology,Accessories,Memorex Memory Card
TEC-SHA-10004151,Technology,Copiers,Sharp Fax and Copier
OFF-BI-10002082,Office Supplies,Binders,GBC Twin Loop Wire Binding Elements
TEC-PH-10002068,Technology,Phones,Apple Office Telephone
TEC-CO-10004521,Technology,Copiers,HP Personal Copier
OFF-AP-10000258,Office Supplies,Appliances,Hamilton Beach Blender
OFF-ST-10001631,Office Supplies,Storage,Tenex Trays
OFF-ST-10002105,Office Supplies,Storage,Smead Trays
OFF-AP-10000078,Office Supplies,Appliances,Breville Toaster
OFF-AR-10003613,Office Supplies,Art,Sanford Canvas
OFF-AR-10003651,Office Supplies,Art,Sanford Pencil Sharpener
FUR-BO-10004620,Furniture,Bookcases,Safco Stackable Bookrack
TEC-PH-10004531,Technology,Phones,AT&T CL2909
OFF-AP-10002872,Office Supplies,Appliances,Cuisinart Coffee Grinder
FUR-FU-10000188,Furniture,Furnishings,Tenex Frame
FUR-FU-10001861,Furniture,Furnishings,Floodlight Indoor Halogen Bulbs
OFF-EN-10003547,Office Supplies,Envelopes,Jiffy Interoffice Envelope
TEC-CO-10003353,Technology,Copiers,HP Personal Copier
OFF-AR-10001232,Office Supplies,Art,Sanford Canvas
TEC-CO-10003349,Technology,Copiers,Hewlett Copy Machine
TEC-MA-10000240,Technology,Machines,Okidata Inkjet
OFF-SU-10000294,Office Supplies,Supplies,Elite Trimmer
OFF-STA-10004108,Office Supplies,Art,Stanley Canvas
OFF-BI-10004492,Office Supplies,Binders,Tuf-Vin Binders
OFF-ST-10001374,Office Supplies,Storage,Rogers Trays
TEC-CO-10001093,Technology,Copiers,HP Personal Copier
TEC-MA-10002660,Technology,Machines,Epson Phone
FUR-CH-10001021,Furniture,Chairs,Office Star Rocking Chair
OFF-ACC-10003636,Office Supplies,Binders,Acco Binding Machine
FUR-FU-10002829,Furniture,Furnishings,Deflect-O Photo Frame
OFF-AP-10003380,Office Supplies,Appliances,KitchenAid Coffee Grinder
OFF-SU-10004361,Office Supplies,Supplies,Kleencut Trimmer
FUR-BO-10003284,Furniture,Bookcases,Sauder Floating Shelf Set
TEC-MA-10000317,Technology,Machines,StarTech Receipt Printer
FUR-FU-10003012,Furniture,Furnishings,Rubbermaid Stacking Tray
OFF-ELI-10001705,Office Supplies,Supplies,Elite Trimmer
TEC-STA-10000546,Technology,Machines,StarTech Calculator
OFF-TEN-10001031,Office Supplies,Storage,Tenex Shelving
FUR-CH-10003833,Furniture,Chairs,Novimex Fabric Task Chair
OFF-AP-10003965,Office Supplies,Appliances,Cuisinart Stove
FUR-SAU-10002540,Furniture,Bookcases,Sauder Stackable Bookrack
TEC-AC-10004203,Technology,Accessories,Logitech Flash Drive
FUR-BO-10004360,Furniture,Bookcases,Rush Hierlooms Collection Rich Wood Bookcases
OFF-STI-10003234,Office Supplies,Supplies,Stiletto Trimmer
OFF-ST-10002343,Office Supplies,Storage,Smead Trays
TEC-AC-10001030,Technology,Accessories,Memorex Flash Drive
FUR-CH-10001536,Furniture,Chairs,Harbour Creations Chairmat
OFF-AP-10004569,Office Supplies,Appliances,Hoover Coffee Grinder
FUR-FU-10004954,Furniture,Furnishings,Tenex Clock
OFF-EAT-10003702,Office Supplies,Paper,Eaton Note Cards
TEC-MA-10003558,Technology,Machines,Panasonic Calculator
OFF-PA-10002047,Office Supplies,Paper,Green Bar Cards & Envelopes
TEC-AC-10000431,Technology,Accessories,Belkin Flash Drive
OFF-ST-10003997,Office Supplies,Storage,Fellowes File Cart
FUR-CH-10001972,Furniture,Chairs,Hon Chairmat
OFF-AR-10002816,Office Supplies,Art,Boston Canvas
TEC-AC-10003904,Technology,Accessories,SanDisk Keyboard
FUR-DAN-10002741,Furniture,Bookcases,Dania Corner Shelving
TEC-AC-10000097,Technology,Accessories,Memorex Keyboard
FUR-CH-10000187,Furniture,Chairs,Hon Chairmat
TEC-PAN-10001674,Technology,Machines,Panasonic Receipt Printer
OFF-BI-10000308,Office Supplies,Binders,Cardinal Binder Covers
TEC-AC-10001352,Technology,Accessories,SanDisk Numeric Keypad
FUR-ADV-10002889,Furniture,Furnishings,Advantus Clock
OFF-FA-10001800,Office Supplies,Fasteners,Accos Paper Clips
TEC-CAN-10001376,Technology,Copiers,Canon Fax and Copier
TEC-LOG-10003651,Technology,Accessories,Logitech Router
OFF-FA-10001596,Office Supplies,Fasteners,Stockwell Clamps
TEC-PH-10004933,Technology,Phones,Samsung Headset
FUR-FU-10004973,Furniture,Furnishings,Flat Face Poster Frame
OFF-ST-10001172,Office Supplies,Storage,Tennsco Lockers
OFF-AP-10001469,Office Supplies,Appliances,Fellowes 8 Outlet Superior Workstation Surge Protector
TEC-NOK-10003743,Technology,Phones,Nokia Signal Booster
TEC-OKI-10001062,Technology,Machines,Okidata Printer
OFF-ST-10000877,Office Supplies,Storage,Recycled Steel Personal File for Standard File Folders
OFF-HOO-10003338,Office Supplies,Appliances,Hoover Blender
TEC-SAN-10000250,Technology,Accessories,SanDisk Memory Card
OFF-SU-10001021,Office Supplies,Supplies,Fiskars Box Cutter
FUR-FU-10001601,Furniture,Furnishings,Rubbermaid Frame
TEC-PH-10003646,Technology,Phones,Nokia Audio Dock
FUR-BEV-10001853,Furniture,Tables,Bevis Computer Table
FUR-CH-10004875,Furniture,Chairs,Harbour Creations 67200 Series Stacking Chairs
TEC-AC-10002170,Technology,Accessories,Enermax Numeric Keypad
OFF-BI-10004328,Office Supplies,Binders,Wilson Jones Binding Machine
FUR-CH-10002188,Furniture,Chairs,SAFCO Steel Folding Chair
TEC-CIS-10002986,Technology,Phones,Cisco Speaker Phone
OFF-ACM-10000777,Office Supplies,Supplies,Acme Scissors
OFF-ST-10004550,Office Supplies,Storage,Fellowes Folders
OFF-AR-10003554,Office Supplies,Art,Stanley Canvas
OFF-SU-10003229,Office Supplies,Supplies,Stiletto Trimmer
TEC-SAM-10000588,Technology,Phones,Samsung Office Telephone
OFF-PA-10002520,Office Supplies,Paper,Green Bar Cards & Envelopes
FUR-FU-10004460,Furniture,Furnishings,"Howard Miller 12"" Round Wall Clock"
OFF-PA-10002040,Office Supplies,Paper,Green Bar Cards & Envelopes
TEC-AC-10003659,Technology,Accessories,Memorex Memory Card
TEC-AC-10003738,Technology,Accessories,Enermax Mouse
OFF-ST-10004180,Office Supplies,Storage,Safco Commercial Shelving
TEC-HP -10000464,Technology,Copiers,HP Fax and Copier
FUR-FU-10001674,Furniture,Furnishings,Deflect-O Clock
FUR-FU-10001095,Furniture,Furnishings,DAX Black Cherry Wood-Tone Poster Frame
OFF-EN-10002752,Office Supplies,Envelopes,Jiffy Peel and Seal
OFF-AP-10002735,Office Supplies,Appliances,Cuisinart Toaster
TEC-AC-10004704,Technology,Accessories,SanDisk Numeric Keypad
TEC-PH-10001095,Technology,Phones,Nokia Headset
FUR-CH-10001810,Furniture,Chairs,Harbour Creations Chairmat
TEC-MA-10002155,Technology,Machines,Panasonic Receipt Printer
FUR-BO-10001385,Furniture,Bookcases,Sauder Corner Shelving
OFF-EN-10001946,Office Supplies,Envelopes,Kraft Mailers
OFF-CUI-10001990,Office Supplies,Appliances,Cuisinart Refrigerator
OFF-BIC-10003841,Office Supplies,Art,BIC Canvas
OFF-BI-10001504,Office Supplies,Binders,Avery Binding Machine
FUR-CH-10001043,Furniture,Chairs,Harbour Creations Bag Chairs
FUR-TA-10002557,Furniture,Tables,Barricks Conference Table
OFF-BI-10001543,Office Supplies,Binders,GBC VeloBinder Manual Binding System
FUR-TA-10000073,Furniture,Tables,Lesro Coffee Table
TEC-CO-10001221,Technology,Copiers,Brother Fax and Copier
OFF-AP-10002476,Office Supplies,Appliances,Cuisinart Blender
FUR-CH-10000117,Furniture,Chairs,Novimex Steel Folding Chair
FUR-NOV-10000123,Furniture,Chairs,Novimex Rocking Chair
OFF-PA-10000871,Office Supplies,Paper,Enermax Cards & Envelopes
TEC-EPS-10003277,Technology,Machines,Epson Printer
OFF-ELD-10000124,Office Supplies,Storage,Eldon Trays
OFF-PA-10003868,Office Supplies,Paper,SanDisk Cards & Envelopes
FUR-RUB-10002945,Furniture,Furnishings,Rubbermaid Photo Frame
OFF-STI-10001955,Office Supplies,Supplies,Stiletto Box Cutter
OFF-PA-10000483,Office Supplies,Paper,Xerox 19
TEC-OKI-10004464,Technology,Machines,Okidata Printer
TEC-CO-10001040,Technology,Copiers,Canon Personal Copier
OFF-AR-10003684,Office Supplies,Art,BIC Sketch Pad
OFF-ST-10002340,Office Supplies,Storage,Fellowes Shelving
OFF-AR-10003658,Office Supplies,Art,Boston Markers
OFF-AR-10001773,Office Supplies,Art,Sanford Markers
TEC-APP-10001389,Technology,Phones,Apple Audio Dock
TEC-CO-10002466,Technology,Copiers,Brother Personal Copier
OFF-ST-10004350,Office Supplies,Storage,Rogers Shelving
FUR-SAF-10000881,Furniture,Bookcases,Safco 3-Shelf Cabinet
OFF-PA-10002254,Office Supplies,Paper,Xerox 1883
OFF-ACM-10003510,Office Supplies,Supplies,Acme Scissors
FUR-CHR-10000585,Furniture,Tables,Chromcraft Coffee Table
OFF-ST-10003409,Office Supplies,Storage,Tenex File Cart
TEC-PH-10003980,Technology,Phones,Apple Signal Booster
FUR-CH-10004355,Furniture,Chairs,Harbour Creations Rocking Chair
TEC-MA-10001624,Technology,Machines,Panasonic Phone
OFF-EN-10003859,Office Supplies,Envelopes,Jiffy Interoffice Envelope
OFF-AP-10002499,Office Supplies,Appliances,Cuisinart Microwave
FUR-TEN-10003349,Furniture,Furnishings,Tenex Photo Frame
TEC-PH-10004597,Technology,Phones,Apple Signal Booster
TEC-CAN-10002879,Technology,Copiers,Canon Copy Machine
TEC-ENE-10000690,Technology,Accessories,Enermax Keyboard
FUR-FU-10004509,Furniture,Furnishings,Advantus Door Stop
TEC-CO-10001741,Technology,Copiers,Brother Copy Machine
FUR-CH-10000745,Furniture,Chairs,Hon Chairmat
OFF-ST-10000423,Office Supplies,Storage,Rogers Trays
OFF-PA-10003878,Office Supplies,Paper,Enermax Cards & Envelopes
OFF-BI-10004861,Office Supplies,Binders,Cardinal Binding Machine
TEC-PH-10000675,Technology,Phones,Panasonic KX TS3282B Corded phone
OFF-AR-10001606,Office Supplies,Art,BIC Highlighters
OFF-AP-10004415,Office Supplies,Appliances,Hoover Microwave
OFF-ST-10002774,Office Supplies,Storage,Rogers Lockers
OFF-TEN-10001160,Office Supplies,Storage,Tenex Trays
OFF-SU-10000213,Office Supplies,Supplies,Kleencut Shears
FUR-FU-10001692,Furniture,Furnishings,Deflect-O Clock
OFF-PA-10000675,Office Supplies,Paper,Xerox 1919
OFF-SAN-10001237,Office Supplies,Paper,SanDisk Cards & Envelopes
OFF-STA-10002654,Office Supplies,Art,Stanley Pencil Sharpener
FUR-TA-10003518,Furniture,Tables,Chromcraft Training Table
OFF-HOO-10004188,Office Supplies,Appliances,Hoover Blender
FUR-FU-10001129,Furniture,Furnishings,Deflect-O Stacking Tray
FUR-TA-10002568,Furniture,Tables,Chromcraft Coffee Table
OFF-PA-10004092,Office Supplies,Paper,Tops Green Bar Computer Printout Paper
TEC-AC-10001226,Technology,Accessories,Enermax Mouse
TEC-AC-10004114,Technology,Accessories,KeyTronic 6101 Series - Keyboard - Black
FUR-NOV-10004563,Furniture,Chairs,Novimex Bag Chairs
OFF-BI-10004240,Office Supplies,Binders,Cardinal Binding Machine
OFF-BIC-10002270,Office Supplies,Art,BIC Pencil Sharpener
TEC-PH-10000774,Technology,Phones,Motorola Signal Booster
FUR-TA-10003405,Furniture,Tables,Lesro Computer Table
TEC-MA-10001940,Technology,Machines,Okidata Card Printer
TEC-AC-10001491,Technology,Accessories,Enermax Flash Drive
FUR-FU-10004527,Furniture,Furnishings,Advantus Frame
FUR-CH-10003195,Furniture,Chairs,Hon Rocking Chair
TEC-CAN-10004214,Technology,Copiers,Canon Fax and Copier
OFF-PA-10001371,Office Supplies,Paper,Xerox Computer Printout Paper
TEC-CO-10002550,Technology,Copiers,Sharp Ink
FUR-FU-10002933,Furniture,Furnishings,Advantus Stacking Tray
TEC-BEL-10002207,Technology,Accessories,Belkin Memory Card
OFF-BI-10000632,Office Supplies,Binders,Satellite Sectional Post Binders
TEC-SHA-10000479,Technology,Copiers,Sharp Personal Copier
OFF-ST-10000299,Office Supplies,Storage,Tenex Trays
OFF-AP-10004226,Office Supplies,Appliances,Hamilton Beach Stove
FUR-CH-10002372,Furniture,Chairs,Office Star - Ergonomically Designed Knee Chair
TEC-AC-10003294,Technology,Accessories,Enermax Flash Drive
OFF-PA-10001466,Office Supplies,Paper,Eaton Computer Printout Paper
TEC-AC-10000519,Technology,Accessories,Belkin Keyboard
TEC-PH-10004901,Technology,Phones,Nokia Office Telephone
TEC-PH-10003430,Technology,Phones,Cisco Speaker Phone
FUR-TA-10001359,Furniture,Tables,Chromcraft Training Table
TEC-LOG-10001871,Technology,Accessories,Logitech Router
FUR-CH-10002373,Furniture,Chairs,Office Star Rocking Chair
OFF-ROG-10001372,Office Supplies,Storage,Rogers Trays
OFF-PA-10003884,Office Supplies,Paper,Eaton Message Books
TEC-PH-10004635,Technology,Phones,Samsung Office Telephone
OFF-SU-10000062,Office Supplies,Supplies,Stiletto Scissors
OFF-KRA-10001807,Office Supplies,Envelopes,Kraft Manila Envelope
OFF-AR-10000594,Office Supplies,Art,Binney & Smith Highlighters
OFF-LA-10002364,Office Supplies,Labels,Smead Shipping Labels
FUR-FU-10001640,Furniture,Furnishings,Eldon Photo Frame
OFF-ST-10004668,Office Supplies,Storage,Smead Trays
TEC-MA-10003909,Technology,Machines,StarTech Calculator
FUR-FU-10001691,Furniture,Furnishings,Deflect-O Photo Frame
FUR-ADV-10000183,Furniture,Furnishings,Advantus Photo Frame
OFF-WIL-10003532,Office Supplies,Binders,Wilson Jones Binding Machine
OFF-PA-10003273,Office Supplies,Paper,Green Bar Cards & Envelopes
FUR-FU-10004820,Furniture,Furnishings,Advantus Photo Frame
OFF-EN-10000699,Office Supplies,Envelopes,Cameo Interoffice Envelope
FUR-FU-10003268,Furniture,Furnishings,Eldon Radial Chair Mat for Low to Medium Pile Carpets
TEC-CO-10001869,Technology,Copiers,Brother Fax and Copier
TEC-MA-10002686,Technology,Machines,Okidata Card Printer
OFF-SU-10001552,Office Supplies,Supplies,Kleencut Trimmer
TEC-AC-10003951,Technology,Accessories,Logitech Numeric Keypad
OFF-PA-10001977,Office Supplies,Paper,Xerox 194
OFF-AP-10001568,Office Supplies,Appliances,Hamilton Beach Toaster
OFF-BI-10003025,Office Supplies,Binders,Cardinal Binding Machine
OFF-AR-10002165,Office Supplies,Art,Boston Sketch Pad
OFF-EN-10003296,Office Supplies,Envelopes,Tyvek Side-Opening Peel & Seel Expanding Envelopes
FUR-FU-10001480,Furniture,Furnishings,Advantus Door Stop
FUR-FU-10000612,Furniture,Furnishings,Tenex Frame
FUR-CH-10001831,Furniture,Chairs,Novimex Rocking Chair
TEC-CAN-10001981,Technology,Copiers,Canon Ink
OFF-EN-10004849,Office Supplies,Envelopes,Cameo Mailers
OFF-ST-10004228,Office Supplies,Storage,Tenex Shelving
OFF-ENE-10002833,Office Supplies,Paper,Enermax Cards & Envelopes
FUR-FU-10004283,Furniture,Furnishings,Tenex Door Stop
OFF-BI-10002562,Office Supplies,Binders,Ibico Binding Machine
OFF-FA-10003218,Office Supplies,Fasteners,Advantus Push Pins
TEC-APP-10001340,Technology,Phones,Apple Headset
TEC-AC-10003556,Technology,Accessories,Belkin Keyboard
OFF-ST-10001991,Office Supplies,Storage,Eldon Shelving
TEC-PH-10001413,Technology,Phones,Motorola Audio Dock
OFF-SU-10000164,Office Supplies,Supplies,Kleencut Box Cutter
FUR-CH-10002846,Furniture,Chairs,Hon Steel Folding Chair
TEC-PH-10001470,Technology,Phones,Cisco Office Telephone
OFF-ROG-10002279,Office Supplies,Storage,Rogers Box
TEC-AC-10003103,Technology,Accessories,SanDisk Keyboard
TEC-BEL-10003875,Technology,Accessories,Belkin Memory Card
OFF-SAN-10002323,Office Supplies,Art,Sanford Sketch Pad
FUR-BO-10004980,Furniture,Bookcases,Bush Library with Doors
OFF-AP-10004708,Office Supplies,Appliances,Fellowes Superior 10 Outlet Split Surge Protector
OFF-AR-10000058,Office Supplies,Art,Stanley Canvas
OFF-ST-10000675,Office Supplies,Storage,File Shuttle II and Handi-File
TEC-CO-10004081,Technology,Copiers,HP Personal Copier
OFF-ST-10003994,Office Supplies,Storage,"Belkin 19"" Center-Weighted Shelf"
FUR-HON-10002424,Furniture,Chairs,Hon Steel Folding Chair
FUR-SAU-10002043,Furniture,Bookcases,Sauder Floating Shelf Set
FUR-CH-10002116,Furniture,Chairs,SAFCO Rocking Chair
FUR-TA-10004757,Furniture,Tables,Barricks Training Table
TEC-AC-10004557,Technology,Accessories,Logitech Mouse
FUR-FU-10002722,Furniture,Furnishings,Tenex Photo Frame
FUR-FU-10000225,Furniture,Furnishings,Rubbermaid Photo Frame
TEC-MA-10002790,Technology,Machines,NeatDesk Desktop Scanner & Digital Filing System
OFF-FA-10001574,Office Supplies,Fasteners,Accos Clamps
TEC-MA-10003404,Technology,Machines,Konica Card Printer
OFF-CAM-10004790,Office Supplies,Envelopes,Cameo Peel and Seal
OFF-FEL-10004117,Office Supplies,Storage,Fellowes Trays
OFF-AR-10003633,Office Supplies,Art,Binney & Smith Canvas
OFF-BI-10002632,Office Supplies,Binders,Acco Binding Machine
TEC-SAM-10001843,Technology,Phones,Samsung Audio Dock
TEC-MA-10000261,Technology,Machines,StarTech Calculator
FUR-CH-10002923,Furniture,Chairs,SAFCO Rocking Chair
FUR-CH-10003623,Furniture,Chairs,SAFCO Steel Folding Chair
OFF-PA-10003982,Office Supplies,Paper,SanDisk Message Books
FUR-FU-10002104,Furniture,Furnishings,Advantus Photo Frame
OFF-PA-10002923,Office Supplies,Paper,Xerox 1942
OFF-ST-10002714,Office Supplies,Storage,Tenex Shelving
OFF-ST-10002362,Office Supplies,Storage,Eldon Shelving
OFF-EN-10002500,Office Supplies,Envelopes,Globe Weis Peel & Seel First Class Envelopes
FUR-CH-10003077,Furniture,Chairs,SAFCO Bag Chairs
TEC-STA-10002650,Technology,Machines,StarTech Card Printer
TEC-MA-10004486,Technology,Machines,StarTech Phone
FUR-FU-10003605,Furniture,Furnishings,Eldon Light Bulb
OFF-AP-10004946,Office Supplies,Appliances,KitchenAid Toaster
OFF-AP-10003021,Office Supplies,Appliances,Breville Stove
OFF-PA-10001445,Office Supplies,Paper,Eaton Cards & Envelopes
FUR-FU-10002292,Furniture,Furnishings,Deflect-O Door Stop
OFF-AP-10002709,Office Supplies,Appliances,Breville Coffee Grinder
OFF-SU-10004627,Office Supplies,Supplies,Stiletto Box Cutter
FUR-FU-10001718,Furniture,Furnishings,Eldon Door Stop
TEC-AC-10000512,Technology,Accessories,Enermax Keyboard
OFF-ST-10004346,Office Supplies,Storage,Tenex Shelving
OFF-AP-10004540,Office Supplies,Appliances,Eureka The Boss Lite 10-Amp Upright Vacuum
FUR-BO-10000269,Furniture,Bookcases,Dania Stackable Bookrack
FUR-BO-10001966,Furniture,Bookcases,Ikea Corner Shelving
TEC-AC-10001142,Technology,Accessories,First Data FD10 PIN Pad
TEC-PH-10000038,Technology,Phones,Jawbone MINI JAMBOX Wireless Bluetooth Speaker
OFF-PA-10001790,Office Supplies,Paper,Xerox 1910
TEC-AC-10001772,Technology,Accessories,Memorex Mini Travel Drive 16 GB USB 2.0 Flash Drive
OFF-ST-10003089,Office Supplies,Storage,Tenex Lockers
OFF-AP-10000904,Office Supplies,Appliances,Cuisinart Coffee Grinder
FUR-BO-10000623,Furniture,Bookcases,Safco Library with Doors
OFF-EN-10000975,Office Supplies,Envelopes,Ames Manila Envelope
OFF-SU-10003267,Office Supplies,Supplies,Stiletto Scissors
FUR-TA-10004667,Furniture,Tables,Bevis Wood Table
OFF-PA-10000872,Office Supplies,Paper,Xerox Parchment Paper
FUR-CH-10004062,Furniture,Chairs,Office Star Rocking Chair
OFF-ST-10002271,Office Supplies,Storage,Rogers Shelving
OFF-EN-10003360,Office Supplies,Envelopes,Kraft Mailers
TEC-SAN-10004027,Technology,Accessories,SanDisk Memory Card
TEC-PH-10001615,Technology,Phones,AT&T CL82213
OFF-SU-10001686,Office Supplies,Supplies,Kleencut Trimmer
OFF-SU-10003456,Office Supplies,Supplies,Elite Letter Opener
FUR-FU-10004017,Furniture,Furnishings,Tenex Contemporary Contur Chairmats for Low and Medium Pile Carpet
FUR-CH-10004049,Furniture,Chairs,SAFCO Bag Chairs
TEC-AC-10000109,Technology,Accessories,Sony Micro Vault Click 16 GB USB 2.0 Flash Drive
OFF-TEN-10001129,Office Supplies,Storage,Tenex Shelving
TEC-AC-10003289,Technology,Accessories,Anker Ultra-Slim Mini Bluetooth 3.0 Wireless Keyboard
OFF-ST-10003206,Office Supplies,Storage,Eldon Shelving
OFF-ST-10004293,Office Supplies,Storage,Rogers Shelving
OFF-BI-10004361,Office Supplies,Binders,Avery 3-Hole Punch
FUR-FU-10000140,Furniture,Furnishings,Advantus Clock
TEC-HEW-10002435,Technology,Copiers,Hewlett Personal Copier
FUR-DAN-10001622,Furniture,Bookcases,Dania Library with Doors
OFF-SU-10001879,Office Supplies,Supplies,Acme Trimmer
OFF-HOO-10001448,Office Supplies,Appliances,Hoover Blender
FUR-DAN-10001340,Furniture,Bookcases,Dania Corner Shelving
OFF-ST-10004482,Office Supplies,Storage,Rogers Shelving
OFF-PA-10002479,Office Supplies,Paper,Enermax Cards & Envelopes
OFF-ST-10004159,Office Supplies,Storage,Eldon Lockers
TEC-AC-10000763,Technology,Accessories,SanDisk Memory Card
TEC-PH-10004992,Technology,Phones,Apple Office Telephone
FUR-TA-10002979,Furniture,Tables,Bevis Coffee Table
TEC-MA-10001308,Technology,Machines,Okidata Printer
OFF-STI-10000114,Office Supplies,Supplies,Stiletto Letter Opener
TEC-PH-10003522,Technology,Phones,Apple Headset
TEC-AC-10004196,Technology,Accessories,Belkin Memory Card
TEC-CO-10004045,Technology,Copiers,Hewlett Ink
TEC-CO-10001846,Technology,Copiers,Hewlett Fax and Copier
TEC-AC-10003447,Technology,Accessories,Micropad Numeric Keypads
OFF-PA-10002382,Office Supplies,Paper,Eaton Note Cards
OFF-EN-10003069,Office Supplies,Envelopes,Ames Mailers
FUR-BO-10000021,Furniture,Bookcases,Dania Corner Shelving
FUR-CH-10004339,Furniture,Chairs,SAFCO Steel Folding Chair
OFF-KIT-10002357,Office Supplies,Appliances,KitchenAid Blender
OFF-ST-10003858,Office Supplies,Storage,Fellowes File Cart
TEC-MA-10000029,Technology,Machines,Epson WorkForce WF-2530 All-in-One Printer
OFF-SU-10000877,Office Supplies,Supplies,Acme Scissors
FUR-FU-10004579,Furniture,Furnishings,Deflect-O Door Stop
OFF-AR-10003816,Office Supplies,Art,Binney & Smith Highlighters
TEC-MA-10004143,Technology,Machines,Konica Calculator
OFF-AR-10004009,Office Supplies,Art,Boston Highlighters
TEC-AC-10002702,Technology,Accessories,Enermax Keyboard
TEC-HEW-10004937,Technology,Copiers,Hewlett Fax Machine
OFF-AR-10002255,Office Supplies,Art,Boston Sketch Pad
FUR-TA-10003451,Furniture,Tables,Hon Coffee Table
TEC-AC-10002357,Technology,Accessories,SanDisk Numeric Keypad
OFF-AR-10001777,Office Supplies,Art,Binney & Smith Sketch Pad
TEC-PH-10003353,Technology,Phones,Motorola Office Telephone
FUR-FU-10002210,Furniture,Furnishings,Tenex Clock
OFF-HOO-10003820,Office Supplies,Appliances,Hoover Toaster
TEC-PH-10004830,Technology,Phones,Pyle PRT45 Retro Home Telephone
FUR-CH-10001204,Furniture,Chairs,Harbour Creations Steel Folding Chair
FUR-CH-10003535,Furniture,Chairs,Global Armless Task Chair
OFF-PA-10003796,Office Supplies,Paper,Eaton Parchment Paper
TEC-PH-10000289,Technology,Phones,Samsung Audio Dock
OFF-AR-10001599,Office Supplies,Art,Binney & Smith Canvas
OFF-ST-10000643,Office Supplies,Storage,Eldon Trays
FUR-CH-10002774,Furniture,Chairs,Global Deluxe Stacking Chair
OFF-SU-10002649,Office Supplies,Supplies,Elite Shears
FUR-ADV-10000190,Furniture,Furnishings,Advantus Frame
FUR-FU-10001436,Furniture,Furnishings,Advantus Clock
FUR-TA-10001866,Furniture,Tables,Bevis Round Conference Room Tables and Bases
OFF-SU-10000556,Office Supplies,Supplies,Kleencut Shears
TEC-AC-10004679,Technology,Accessories,Enermax Flash Drive
OFF-EN-10004820,Office Supplies,Envelopes,Cameo Manila Envelope
OFF-SU-10003804,Office Supplies,Supplies,Kleencut Shears
TEC-PH-10001305,Technology,Phones,Panasonic KX TS208W Corded phone
OFF-ST-10004963,Office Supplies,Storage,Eldon Gobal File Keepers
TEC-PH-10000490,Technology,Phones,Motorola Audio Dock
TEC-BEL-10004386,Technology,Accessories,Belkin Numeric Keypad
OFF-EAT-10001025,Office Supplies,Paper,Eaton Note Cards
OFF-EN-10002313,Office Supplies,Envelopes,GlobeWeis Mailers
OFF-ST-10001999,Office Supplies,Storage,Tenex Folders
FUR-DAN-10004745,Furniture,Bookcases,Dania Corner Shelving
OFF-EN-10004941,Office Supplies,Envelopes,GlobeWeis Manila Envelope
FUR-BO-10003647,Furniture,Bookcases,Ikea Classic Bookcase
OFF-ST-10001025,Office Supplies,Storage,Tenex Trays
OFF-BI-10002225,Office Supplies,Binders,Cardinal Binding Machine
TEC-PH-10001304,Technology,Phones,Apple Office Telephone
OFF-EN-10004677,Office Supplies,Envelopes,Jiffy Manila Envelope
FUR-TA-10003152,Furniture,Tables,Lesro Round Table
FUR-FU-10000723,Furniture,Furnishings,Deflect-o EconoMat Studded
OFF-BI-10004924,Office Supplies,Binders,Cardinal 3-Hole Punch
OFF-PA-10004665,Office Supplies,Paper,Advantus Motivational Note Cards
TEC-MA-10004298,Technology,Machines,Panasonic Calculator
FUR-BO-10004935,Furniture,Bookcases,Ikea Stackable Bookrack
FUR-FU-10004139,Furniture,Furnishings,Tenex Photo Frame
TEC-CO-10001756,Technology,Copiers,Canon Personal Copier
OFF-ST-10000988,Office Supplies,Storage,Fellowes Folders
OFF-ROG-10004949,Office Supplies,Storage,Rogers Shelving
TEC-MA-10002898,Technology,Machines,StarTech Printer
OFF-AR-10001708,Office Supplies,Art,Boston Sketch Pad
OFF-SU-10001762,Office Supplies,Supplies,Stiletto Shears
OFF-AP-10001563,Office Supplies,Appliances,Belkin Premiere Surge Master II 8-outlet surge protector
OFF-AR-10001073,Office Supplies,Art,Sanford Markers
FUR-FU-10000776,Furniture,Furnishings,Deflect-O Door Stop
OFF-LA-10004919,Office Supplies,Labels,Smead Color Coded Labels
OFF-AP-10004425,Office Supplies,Appliances,Hoover Coffee Grinder
OFF-PA-10002539,Office Supplies,Paper,SanDisk Cards & Envelopes
FUR-FU-10002019,Furniture,Furnishings,Eldon Photo Frame
OFF-AP-10004756,Office Supplies,Appliances,Hamilton Beach Toaster
FUR-FU-10001366,Furniture,Furnishings,Advantus Photo Frame
FUR-BO-10001888,Furniture,Bookcases,Dania Floating Shelf Set
OFF-EN-10000328,Office Supplies,Envelopes,Kraft Business Envelopes
OFF-EN-10004190,Office Supplies,Envelopes,Cameo Mailers
TEC-PH-10003511,Technology,Phones,Samsung Speaker Phone
FUR-FU-10003217,Furniture,Furnishings,Tenex Frame
FUR-CH-10000694,Furniture,Chairs,Novimex Steel Folding Chair
FUR-TA-10000355,Furniture,Tables,Bevis Wood Table
TEC-BEL-10002678,Technology,Accessories,Belkin Memory Card
TEC-MOT-10002260,Technology,Phones,Motorola Office Telephone
TEC-MEM-10001436,Technology,Accessories,Memorex Memory Card
TEC-PH-10003368,Technology,Phones,Samsung Signal Booster
OFF-SU-10003160,Office Supplies,Supplies,Acme Ruler
OFF-ST-10003956,Office Supplies,Storage,Rogers Trays
OFF-AR-10001546,Office Supplies,Art,Binney & Smith Sketch Pad
TEC-PH-10001382,Technology,Phones,Apple Office Telephone
TEC-PH-10004570,Technology,Phones,Apple Speaker Phone
TEC-AC-10003335,Technology,Accessories,SanDisk Memory Card
TEC-MA-10001856,Technology,Machines,Okidata C610n Printer
TEC-AC-10001606,Technology,Accessories,Logitech Wireless Performance Mouse MX for PC and Mac
OFF-PA-10001954,Office Supplies,Paper,Xerox 1964
OFF-SU-10001308,Office Supplies,Supplies,Fiskars Trimmer
OFF-SU-10003535,Office Supplies,Supplies,Elite Box Cutter
TEC-MA-10001279,Technology,Machines,Panasonic Calculator
TEC-CO-10001968,Technology,Copiers,Sharp Ink
TEC-MA-10000560,Technology,Machines,StarTech Inkjet
OFF-ST-10004280,Office Supplies,Storage,Eldon Trays
FUR-FU-10004459,Furniture,Furnishings,Deflect-O Door Stop
TEC-AC-10000927,Technology,Accessories,Anker Ultrathin Bluetooth Wireless Keyboard Aluminum Cover with Stand 
OFF-PA-10004071,Office Supplies,Paper,Eaton Premium Continuous-Feed Paper
OFF-BI-10001895,Office Supplies,Binders,Ibico Binding Machine
OFF-PA-10001033,Office Supplies,Paper,Xerox 1893
OFF-SU-10003357,Office Supplies,Supplies,Fiskars Shears
TEC-MA-10001607,Technology,Machines,Konica Phone
TEC-AC-10004469,Technology,Accessories,Microsoft Sculpt Comfort Mouse
FUR-BO-10001358,Furniture,Bookcases,Bush 3-Shelf Cabinet
OFF-ST-10003154,Office Supplies,Storage,Fellowes Shelving
FUR-TA-10004826,Furniture,Tables,Bevis Training Table
OFF-EN-10004988,Office Supplies,Envelopes,Cameo Mailers
OFF-AR-10002458,Office Supplies,Art,Stanley Canvas
TEC-BRO-10003380,Technology,Copiers,Brother Copy Machine
TEC-KON-10003211,Technology,Machines,Konica Inkjet
TEC-MA-10000170,Technology,Machines,Okidata Receipt Printer
FUR-FU-10003879,Furniture,Furnishings,Advantus Frame
TEC-PH-10001061,Technology,Phones,Apple iPhone 5C
OFF-EN-10002728,Office Supplies,Envelopes,GlobeWeis Interoffice Envelope
FUR-CH-10003396,Furniture,Chairs,Global Deluxe Steno Chair
TEC-PH-10001070,Technology,Phones,Samsung Headset
TEC-MA-10004255,Technology,Machines,Konica Minolta magicolor 1690MF Multifunction Printer
OFF-AP-10000172,Office Supplies,Appliances,Cuisinart Toaster
OFF-BI-10002511,Office Supplies,Binders,Avery 3-Hole Punch
OFF-PA-10001878,Office Supplies,Paper,Xerox 1891
OFF-EN-10001375,Office Supplies,Envelopes,GlobeWeis Mailers
TEC-CO-10001142,Technology,Copiers,Brother Ink
FUR-BO-10000895,Furniture,Bookcases,Sauder Stackable Bookrack
OFF-SU-10001813,Office Supplies,Supplies,Kleencut Ruler
TEC-AC-10001221,Technology,Accessories,Memorex Memory Card
FUR-ELD-10003479,Furniture,Furnishings,Eldon Clock
OFF-BI-10000621,Office Supplies,Binders,Ibico 3-Hole Punch
TEC-MA-10001187,Technology,Machines,Okidata Calculator
OFF-AR-10002882,Office Supplies,Art,BIC Sketch Pad
OFF-ST-10000035,Office Supplies,Storage,Tenex Folders
TEC-MA-10003185,Technology,Machines,Epson Phone
OFF-PA-10000482,Office Supplies,Paper,Snap-A-Way Black Print Carbonless Ruled Speed Letter
OFF-AR-10001714,Office Supplies,Art,Binney & Smith Markers
OFF-BI-10002935,Office Supplies,Binders,Wilson Jones Binder
OFF-ACM-10000476,Office Supplies,Supplies,Acme Letter Opener
TEC-SAM-10003205,Technology,Phones,Samsung Audio Dock
OFF-PA-10003823,Office Supplies,Paper,Xerox 197
FUR-BO-10002042,Furniture,Bookcases,Bush Classic Bookcase
OFF-ST-10001358,Office Supplies,Storage,Rogers Folders
OFF-BI-10004098,Office Supplies,Binders,Acco 3-Hole Punch
OFF-SU-10001703,Office Supplies,Supplies,Fiskars Box Cutter
OFF-ST-10001648,Office Supplies,Storage,Tenex Shelving
TEC-AC-10003611,Technology,Accessories,Memorex Mouse
FUR-TA-10003469,Furniture,Tables,Balt Split Level Computer Training Table
OFF-EN-10002873,Office Supplies,Envelopes,Ames Interoffice Envelope
FUR-TA-10004817,Furniture,Tables,Lesro Coffee Table
FUR-SAF-10000351,Furniture,Chairs,SAFCO Chairmat
FUR-CH-10004312,Furniture,Chairs,Hon Bag Chairs
OFF-SU-10003221,Office Supplies,Supplies,Acme Trimmer
FUR-SAF-10000204,Furniture,Bookcases,Safco Library with Doors
FUR-FU-10000496,Furniture,Furnishings,Eldon Clock
FUR-FU-10003362,Furniture,Furnishings,Rubbermaid Stacking Tray
OFF-STA-10003803,Office Supplies,Art,Stanley Highlighters
TEC-ENE-10004520,Technology,Accessories,Enermax Mouse
TEC-MA-10003121,Technology,Machines,StarTech Card Printer
OFF-EN-10001480,Office Supplies,Envelopes,Kraft Interoffice Envelope
FUR-CH-10001944,Furniture,Chairs,Harbour Creations Rocking Chair
OFF-AR-10004900,Office Supplies,Art,Boston Canvas
OFF-EN-10003537,Office Supplies,Envelopes,GlobeWeis Manila Envelope
FUR-BO-10001967,Furniture,Bookcases,Safco Corner Shelving
TEC-AC-10002110,Technology,Accessories,Memorex Mouse
TEC-CO-10004185,Technology,Copiers,Sharp Personal Copier
OFF-AP-10002882,Office Supplies,Appliances,KitchenAid Coffee Grinder
OFF-BI-10000734,Office Supplies,Binders,Avery Binding Machine
TEC-AC-10000682,Technology,Accessories,Kensington K72356US Mouse-in-a-Box USB Desktop Mouse
OFF-PA-10001357,Office Supplies,Paper,Xerox 1886
OFF-ST-10004337,Office Supplies,Storage,SAFCO Commercial Wire Shelving
FUR-FU-10004117,Furniture,Furnishings,Eldon Door Stop
OFF-AR-10000019,Office Supplies,Art,BIC Highlighters
TEC-PH-10004552,Technology,Phones,Motorola Office Telephone
FUR-FU-10003198,Furniture,Furnishings,Rubbermaid Photo Frame
OFF-CAR-10004661,Office Supplies,Binders,Cardinal Binding Machine
OFF-AR-10000176,Office Supplies,Art,Sanford Highlighters
TEC-MA-10002633,Technology,Machines,StarTech Inkjet
TEC-APP-10002321,Technology,Phones,Apple Signal Booster
OFF-SU-10002715,Office Supplies,Supplies,Elite Trimmer
TEC-CO-10000915,Technology,Copiers,Hewlett Ink
OFF-AR-10000124,Office Supplies,Art,Binney & Smith Highlighters
OFF-AR-10003766,Office Supplies,Art,BIC Sketch Pad
TEC-CO-10000777,Technology,Copiers,Brother Personal Copier
OFF-AP-10004113,Office Supplies,Appliances,Cuisinart Toaster
TEC-AC-10003668,Technology,Accessories,Enermax Mouse
TEC-MA-10003779,Technology,Machines,Konica Printer
OFF-BI-10003984,Office Supplies,Binders,Lock-Up Easel 'Spel-Binder'
OFF-EN-10004410,Office Supplies,Envelopes,GlobeWeis Mailers
FUR-BO-10004926,Furniture,Bookcases,Safco 3-Shelf Cabinet
OFF-ST-10001837,Office Supplies,Storage,SAFCO Mobile Desk Side File
OFF-ST-10001858,Office Supplies,Storage,Tenex Shelving
FUR-RUB-10001717,Furniture,Furnishings,Rubbermaid Photo Frame
FUR-CH-10000553,Furniture,Chairs,Metal Folding Chairs
FUR-FU-10000516,Furniture,Furnishings,Advantus Clock
TEC-PH-10003400,Technology,Phones,Motorola Signal Booster
OFF-ST-10002554,Office Supplies,Storage,Tennsco Industrial Shelving
TEC-AC-10004709,Technology,Accessories,Logitech Flash Drive
FUR-CH-10001051,Furniture,Chairs,Hon Chairmat
FUR-BO-10004434,Furniture,Bookcases,Ikea Library with Doors
OFF-ST-10001290,Office Supplies,Storage,Rogers Shelving
OFF-PA-10003224,Office Supplies,Paper,Eaton Computer Printout Paper
OFF-AR-10003738,Office Supplies,Art,Boston Canvas
OFF-BI-10004224,Office Supplies,Binders,Catalog Binders with Expanding Posts
FUR-RUB-10002817,Furniture,Furnishings,Rubbermaid Door Stop
TEC-PAN-10001172,Technology,Machines,Panasonic Receipt Printer
TEC-MEM-10004782,Technology,Accessories,Memorex Keyboard
OFF-EN-10002119,Office Supplies,Envelopes,Ames Manila Envelope
FUR-CH-10002439,Furniture,Chairs,Iceberg Nesting Folding Chair
FUR-BO-10003880,Furniture,Bookcases,Dania Corner Shelving
FUR-FU-10003619,Furniture,Furnishings,Tenex Clock
TEC-CO-10001425,Technology,Copiers,HP Personal Copier
FUR-BO-10000533,Furniture,Bookcases,Dania Corner Shelving
FUR-CH-10001895,Furniture,Chairs,Hon Chairmat
TEC-PH-10002353,Technology,Phones,Samsung Signal Booster
OFF-ST-10000210,Office Supplies,Storage,Tenex Lockers
FUR-FU-10003046,Furniture,Furnishings,Advantus Photo Frame
TEC-AC-10001187,Technology,Accessories,Memorex Keyboard
OFF-EN-10003498,Office Supplies,Envelopes,Cameo Interoffice Envelope
OFF-ST-10002759,Office Supplies,Storage,Eldon Shelving
OFF-PA-10001650,Office Supplies,Paper,Xerox Message Books
FUR-BO-10001867,Furniture,Bookcases,Dania Corner Shelving
TEC-BEL-10003896,Technology,Accessories,Belkin Mouse
OFF-AP-10004921,Office Supplies,Appliances,Breville Toaster
TEC-PH-10000810,Technology,Phones,Nokia Headset
TEC-PH-10002299,Technology,Phones,Nokia Headset
OFF-SU-10004630,Office Supplies,Supplies,Acme Shears
FUR-OFF-10002740,Furniture,Chairs,Office Star Steel Folding Chair
OFF-ST-10001142,Office Supplies,Storage,Smead Folders
OFF-EN-10001728,Office Supplies,Envelopes,Jiffy Interoffice Envelope
OFF-ST-10004185,Office Supplies,Storage,Fellowes Trays
TEC-PH-10004237,Technology,Phones,Nokia Office Telephone
TEC-PH-10000824,Technology,Phones,Cisco Office Telephone
OFF-EN-10004518,Office Supplies,Envelopes,GlobeWeis Mailers
OFF-SAN-10002484,Office Supplies,Art,Sanford Canvas
OFF-AVE-10002079,Office Supplies,Binders,Avery Binding Machine
TEC-PH-10003946,Technology,Phones,Cisco Office Telephone
TEC-MA-10001080,Technology,Machines,Epson Phone
FUR-CH-10004827,Furniture,Chairs,SAFCO Chairmat
OFF-AR-10002335,Office Supplies,Art,Sanford Canvas
TEC-PH-10002392,Technology,Phones,Nokia Signal Booster
OFF-SU-10000514,Office Supplies,Supplies,Kleencut Shears
TEC-PH-10003994,Technology,Phones,Apple Office Telephone
OFF-AP-10000604,Office Supplies,Appliances,Breville Microwave
OFF-AP-10001205,Office Supplies,Appliances,Belkin 5 Outlet SurgeMaster Power Centers
TEC-MA-10000888,Technology,Machines,Okidata Phone
OFF-BI-10003917,Office Supplies,Binders,Wilson Jones 3-Hole Punch
TEC-PH-10002119,Technology,Phones,Samsung Headset
FUR-BAR-10001039,Furniture,Tables,Barricks Coffee Table
TEC-BEL-10004950,Technology,Accessories,Belkin Numeric Keypad
OFF-BIC-10002403,Office Supplies,Art,BIC Sketch Pad
TEC-AC-10004791,Technology,Accessories,Belkin Keyboard
OFF-EN-10001029,Office Supplies,Envelopes,Cameo Business Envelopes
OFF-EN-10002985,Office Supplies,Envelopes,Cameo Peel and Seal
FUR-FU-10003662,Furniture,Furnishings,Tenex Door Stop
OFF-EN-10003748,Office Supplies,Envelopes,Ames Mailers
FUR-BO-10000330,Furniture,Bookcases,Sauder Camden County Barrister Bookcase
TEC-BRO-10000663,Technology,Copiers,Brother Fax and Copier
TEC-ENE-10004052,Technology,Accessories,Enermax Flash Drive
FUR-CH-10004685,Furniture,Chairs,Harbour Creations Swivel Stool
TEC-AC-10002756,Technology,Accessories,SanDisk Keyboard
OFF-EN-10000378,Office Supplies,Envelopes,Jiffy Mailers
OFF-AP-10003135,Office Supplies,Appliances,KitchenAid Toaster
OFF-PA-10004694,Office Supplies,Paper,Green Bar Cards & Envelopes
TEC-PH-10000297,Technology,Phones,Apple Office Telephone
OFF-FA-10002017,Office Supplies,Fasteners,Stockwell Paper Clips
OFF-BI-10004330,Office Supplies,Binders,GBC Velobind Prepunched Cover Sets
OFF-AP-10002017,Office Supplies,Appliances,Cuisinart Blender
OFF-FEL-10001261,Office Supplies,Storage,Fellowes File Cart
OFF-AP-10001271,Office Supplies,Appliances,Eureka The Boss Cordless Rechargeable Stick Vac
TEC-AC-10001714,Technology,Accessories,Logitech MX Performance Wireless Mouse
TEC-PH-10003698,Technology,Phones,Nokia Signal Booster
TEC-CO-10004143,Technology,Copiers,HP Personal Copier
FUR-TA-10003485,Furniture,Tables,Bevis Training Table
TEC-AC-10002996,Technology,Accessories,Enermax Mouse
OFF-BI-10001071,Office Supplies,Binders,GBC ProClick Punch Binding System
FUR-CH-10002044,Furniture,Chairs,Office Star - Contemporary Task Swivel chair with 2-way adjustable arms
FUR-BO-10002202,Furniture,Bookcases,Atlantic Metals Mobile 2-Shelf Bookcases
OFF-KRA-10003337,Office Supplies,Envelopes,Kraft Mailers
FUR-FU-10000950,Furniture,Furnishings,Deflect-O Door Stop
OFF-AP-10001402,Office Supplies,Appliances,KitchenAid Coffee Grinder
FUR-FU-10004031,Furniture,Furnishings,Advantus Frame
OFF-PA-10004613,Office Supplies,Paper,Green Bar Note Cards
TEC-ENE-10001355,Technology,Accessories,Enermax Numeric Keypad
OFF-AR-10001228,Office Supplies,Art,Stanley Markers
TEC-MA-10000087,Technology,Machines,StarTech Calculator
TEC-MA-10002263,Technology,Machines,Panasonic Inkjet
FUR-BO-10003450,Furniture,Bookcases,Bush Westfield Collection Bookcases
OFF-AP-10002191,Office Supplies,Appliances,Belkin 8 Outlet SurgeMaster II Gold Surge Protector
OFF-EN-10001627,Office Supplies,Envelopes,Cameo Interoffice Envelope
OFF-AR-10001162,Office Supplies,Art,BIC Pencil Sharpener
OFF-ST-10004983,Office Supplies,Storage,Smead Shelving
FUR-FU-10001085,Furniture,Furnishings,3M Polarizing Light Filter Sleeves
OFF-GLO-10000491,Office Supplies,Envelopes,GlobeWeis Interoffice Envelope
OFF-EN-10000657,Office Supplies,Envelopes,Jiffy Peel and Seal
FUR-FU-10004503,Furniture,Furnishings,Tenex Photo Frame
OFF-AR-10003247,Office Supplies,Art,Boston Highlighters
OFF-BIN-10004729,Office Supplies,Art,Binney & Smith Sketch Pad
FUR-CH-10000423,Furniture,Chairs,Hon Chairmat
TEC-KON-10003116,Technology,Machines,Konica Receipt Printer
OFF-EN-10004870,Office Supplies,Envelopes,Jiffy Mailers
OFF-SU-10000171,Office Supplies,Supplies,Elite Trimmer
TEC-CIS-10002153,Technology,Phones,Cisco Audio Dock
OFF-ST-10004464,Office Supplies,Storage,Eldon Trays
OFF-ST-10001124,Office Supplies,Storage,Fellowes Trays
OFF-HOO-10003269,Office Supplies,Appliances,Hoover Toaster
TEC-MA-10001197,Technology,Machines,StarTech Phone
OFF-SAN-10002873,Office Supplies,Paper,SanDisk Cards & Envelopes
OFF-SU-10004662,Office Supplies,Supplies,Fiskars Trimmer
OFF-SU-10000932,Office Supplies,Supplies,Elite Shears
TEC-CO-10004985,Technology,Copiers,Hewlett Copy Machine
OFF-SAN-10003041,Office Supplies,Art,Sanford Markers
TEC-PH-10001433,Technology,Phones,Cisco Small Business SPA 502G VoIP phone
OFF-FEL-10004224,Office Supplies,Storage,Fellowes Trays
TEC-MA-10003349,Technology,Machines,Panasonic Calculator
OFF-PA-10004450,Office Supplies,Paper,Xerox Cards & Envelopes
OFF-EN-10002008,Office Supplies,Envelopes,Cameo Mailers
OFF-BI-10004666,Office Supplies,Binders,Wilson Jones Binding Machine
OFF-PA-10003517,Office Supplies,Paper,Enermax Note Cards
TEC-MA-10002521,Technology,Machines,Okidata Card Printer
OFF-SU-10004316,Office Supplies,Supplies,Elite Shears
OFF-BI-10000778,Office Supplies,Binders,GBC VeloBinder Electric Binding Machine
OFF-ST-10000943,Office Supplies,Storage,Eldon ProFile File 'N Store Portable File Tub Letter/Legal Size Black
FUR-FU-10003970,Furniture,Furnishings,Rubbermaid Clock
OFF-ST-10004015,Office Supplies,Storage,Smead Trays
TEC-PH-10001448,Technology,Phones,Anker Astro 15000mAh USB Portable Charger
TEC-MA-10001922,Technology,Machines,Konica Calculator
TEC-MA-10001031,Technology,Machines,Socket Bluetooth Cordless Hand Scanner (CHS)
OFF-STA-10001747,Office Supplies,Art,Stanley Pencil Sharpener
TEC-AC-10001720,Technology,Accessories,Enermax Memory Card
TEC-PH-10003491,Technology,Phones,Samsung Office Telephone
OFF-LA-10003295,Office Supplies,Labels,Harbour Creations Color Coded Labels
OFF-PA-10000450,Office Supplies,Paper,Green Bar Note Cards
TEC-AC-10003399,Technology,Accessories,Memorex Mini Travel Drive 64 GB USB 2.0 Flash Drive
OFF-PA-10004039,Office Supplies,Paper,Xerox 1882
OFF-EN-10003176,Office Supplies,Envelopes,Cameo Manila Envelope
TEC-AC-10002224,Technology,Accessories,Belkin Numeric Keypad
OFF-ST-10002028,Office Supplies,Storage,Fellowes File Cart
FUR-TA-10001691,Furniture,Tables,Barricks Non-Folding Utility Table with Steel Legs
OFF-BI-10002919,Office Supplies,Binders,Acco Binder Covers
OFF-SAN-10004420,Office Supplies,Art,Sanford Sketch Pad
OFF-AR-10003123,Office Supplies,Art,Boston Canvas
FUR-BO-10002423,Furniture,Bookcases,Safco Floating Shelf Set
OFF-AR-10000659,Office Supplies,Art,BIC Pencil Sharpener
FUR-BO-10002824,Furniture,Bookcases,Bush Mission Pointe Library
OFF-BI-10004105,Office Supplies,Binders,Acco 3-Hole Punch
OFF-AP-10001154,Office Supplies,Appliances,Bionaire Personal Warm Mist Humidifier/Vaporizer
OFF-AR-10002824,Office Supplies,Art,Sanford Markers
TEC-PH-10004152,Technology,Phones,Apple Headset
FUR-FU-10000980,Furniture,Furnishings,Advantus Photo Frame
FUR-BO-10000889,Furniture,Bookcases,Safco 3-Shelf Cabinet
TEC-PH-10004912,Technology,Phones,Cisco SPA112 2 Port Phone Adapter
OFF-AR-10003113,Office Supplies,Art,Binney & Smith Pens
FUR-FU-10004704,Furniture,Furnishings,Deflect-O Door Stop
OFF-BI-10001422,Office Supplies,Binders,Cardinal 3-Hole Punch
FUR-FU-10004224,Furniture,Furnishings,Deflect-O Photo Frame
TEC-PH-10004880,Technology,Phones,Cisco Signal Booster
TEC-NOK-10001219,Technology,Phones,Nokia Signal Booster
FUR-BO-10003326,Furniture,Bookcases,Safco Stackable Bookrack
FUR-CH-10004306,Furniture,Chairs,SAFCO Bag Chairs
TEC-PH-10003885,Technology,Phones,Cisco SPA508G
OFF-SU-10004643,Office Supplies,Supplies,Elite Trimmer
FUR-BEV-10003414,Furniture,Tables,Bevis Computer Table
OFF-SU-10004524,Office Supplies,Supplies,Kleencut Box Cutter
TEC-CO-10001371,Technology,Copiers,Sharp Fax and Copier
TEC-KON-10004519,Technology,Machines,Konica Card Printer
OFF-AP-10003860,Office Supplies,Appliances,KitchenAid Blender
TEC-PH-10002447,Technology,Phones,AT&T CL83451 4-Handset Telephone
OFF-ACC-10002680,Office Supplies,Binders,Acco Binding Machine
FUR-BEV-10000388,Furniture,Tables,Bevis Coffee Table
OFF-PA-10003465,Office Supplies,Paper,Xerox 1912
TEC-PH-10003055,Technology,Phones,Apple Audio Dock
FUR-TA-10001272,Furniture,Tables,Barricks Training Table
OFF-PA-10002558,Office Supplies,Paper,Xerox 1938
TEC-SAN-10000260,Technology,Accessories,SanDisk Keyboard
OFF-SAN-10003687,Office Supplies,Art,Sanford Sketch Pad
OFF-BI-10001650,Office Supplies,Binders,Avery 3-Hole Punch
OFF-SU-10001124,Office Supplies,Supplies,Acme Trimmer
FUR-FU-10002485,Furniture,Furnishings,Rubbermaid Photo Frame
OFF-LA-10001074,Office Supplies,Labels,Round Specialty Laser Printer Labels
OFF-AP-10001772,Office Supplies,Appliances,Hoover Toaster
FUR-FU-10000541,Furniture,Furnishings,Advantus Frame
OFF-PA-10004589,Office Supplies,Paper,Green Bar Computer Printout Paper
OFF-AR-10002340,Office Supplies,Art,Stanley Markers
OFF-ST-10004871,Office Supplies,Storage,Rogers Trays
OFF-ST-10003058,Office Supplies,Storage,Eldon Mobile Mega Data Cart  Mega Stackable  Add-On Trays
TEC-BRO-10001293,Technology,Copiers,Brother Personal Copier
FUR-CH-10002927,Furniture,Chairs,Office Star Swivel Stool
FUR-FU-10001175,Furniture,Furnishings,Advantus Door Stop
FUR-CH-10002010,Furniture,Chairs,Office Star Bag Chairs
TEC-SAN-10003793,Technology,Accessories,SanDisk Memory Card
TEC-PH-10002807,Technology,Phones,Motorla HX550 Universal Bluetooth Headset
TEC-PH-10002170,Technology,Phones,ClearSounds CSC500 Amplified Spirit Phone Corded phone
OFF-BOS-10001576,Office Supplies,Art,Boston Pencil Sharpener
TEC-AC-10001055,Technology,Accessories,Enermax Numeric Keypad
OFF-EN-10004895,Office Supplies,Envelopes,Kraft Mailers
OFF-AR-10002145,Office Supplies,Art,Binney & Smith Sketch Pad
FUR-TA-10001833,Furniture,Tables,Bevis Round Table
OFF-AR-10002802,Office Supplies,Art,Binney & Smith Pencil Sharpener
OFF-PA-10001971,Office Supplies,Paper,Eaton Cards & Envelopes
FUR-CH-10004277,Furniture,Chairs,SAFCO Swivel Stool
OFF-PA-10003907,Office Supplies,Paper,Eaton Message Books
TEC-PH-10002222,Technology,Phones,Cisco Office Telephone
OFF-BI-10002735,Office Supplies,Binders,GBC Prestige Therm-A-Bind Covers
OFF-SAN-10001546,Office Supplies,Paper,SanDisk Computer Printout Paper
TEC-PH-10002726,Technology,Phones,netTALK DUO VoIP Telephone Service
FUR-DEF-10000572,Furniture,Furnishings,Deflect-O Photo Frame
FUR-FU-10000944,Furniture,Furnishings,Tenex Door Stop
OFF-ACM-10003978,Office Supplies,Supplies,Acme Trimmer
OFF-ST-10002598,Office Supplies,Storage,Tenex Shelving
OFF-EN-10000904,Office Supplies,Envelopes,Ames Mailers
TEC-PAN-10004404,Technology,Machines,Panasonic Calculator
FUR-FU-10000069,Furniture,Furnishings,Tenex Door Stop
OFF-AR-10001897,Office Supplies,Art,Model L Table or Wall-Mount Pencil Sharpener
TEC-MA-10001015,Technology,Machines,StarTech Card Printer
TEC-AC-10002600,Technology,Accessories,Belkin QODE FastFit Bluetooth Keyboard
OFF-GLO-10000485,Office Supplies,Envelopes,GlobeWeis Mailers
OFF-EN-10002140,Office Supplies,Envelopes,Jiffy Business Envelopes
OFF-SU-10002423,Office Supplies,Supplies,Acme Shears
OFF-AP-10002264,Office Supplies,Appliances,KitchenAid Blender
OFF-AR-10004656,Office Supplies,Art,Boston Sketch Pad
TEC-HP -10001577,Technology,Copiers,HP Copy Machine
OFF-BI-10000590,Office Supplies,Binders,Wilson Jones Binding Machine
FUR-OFF-10002395,Furniture,Chairs,Office Star Rocking Chair
TEC-AC-10004478,Technology,Accessories,SanDisk Numeric Keypad
TEC-AC-10003047,Technology,Accessories,SanDisk Keyboard
FUR-FU-10001950,Furniture,Furnishings,Eldon Door Stop
TEC-MA-10003246,Technology,Machines,Hewlett-Packard Deskjet D4360 Printer
OFF-ST-10003718,Office Supplies,Storage,Fellowes Shelving
OFF-AP-10001617,Office Supplies,Appliances,KitchenAid Blender
OFF-ST-10001824,Office Supplies,Storage,Rogers Box
TEC-AC-10003626,Technology,Accessories,Enermax Numeric Keypad
OFF-BRE-10000391,Office Supplies,Appliances,Breville Toaster
OFF-PA-10004155,Office Supplies,Paper,Eaton Computer Printout Paper
TEC-MA-10001210,Technology,Machines,Okidata Calculator
OFF-AVE-10001473,Office Supplies,Labels,Avery Legal Exhibit Labels
OFF-BI-10000538,Office Supplies,Binders,Acco Binding Machine
FUR-IKE-10003642,Furniture,Bookcases,Ikea 3-Shelf Cabinet
FUR-CH-10001037,Furniture,Chairs,SAFCO Chairmat
OFF-PA-10003381,Office Supplies,Paper,Eaton Cards & Envelopes
OFF-FA-10003727,Office Supplies,Fasteners,OIC Rubber Bands
OFF-SU-10000255,Office Supplies,Supplies,Elite Box Cutter
FUR-FU-10001541,Furniture,Furnishings,Tenex Photo Frame
FUR-BO-10000517,Furniture,Bookcases,Ikea Stackable Bookrack
OFF-FA-10002619,Office Supplies,Fasteners,Stockwell Rubber Bands
OFF-PA-10003115,Office Supplies,Paper,Enermax Note Cards
FUR-FU-10000946,Furniture,Furnishings,Advantus Stacking Tray
OFF-AP-10002608,Office Supplies,Appliances,Breville Toaster
OFF-BI-10000346,Office Supplies,Binders,Ibico 3-Hole Punch
OFF-BIN-10002061,Office Supplies,Art,Binney & Smith Sketch Pad
FUR-FU-10002818,Furniture,Furnishings,Advantus Stacking Tray
OFF-PA-10001536,Office Supplies,Paper,SanDisk Message Books
TEC-AC-10002158,Technology,Accessories,Enermax Memory Card
TEC-HP -10003559,Technology,Copiers,HP Wireless Fax
OFF-SU-10002027,Office Supplies,Supplies,Stiletto Letter Opener
TEC-MA-10002306,Technology,Machines,Epson Phone
OFF-PA-10000776,Office Supplies,Paper,Xerox Cards & Envelopes
FUR-FU-10002549,Furniture,Furnishings,Deflect-O Clock
FUR-ELD-10004727,Furniture,Furnishings,Eldon Stacking Tray
FUR-FU-10004182,Furniture,Furnishings,Eldon Stacking Tray
OFF-ST-10001413,Office Supplies,Storage,Rogers Folders
TEC-ENE-10002744,Technology,Accessories,Enermax Numeric Keypad
FUR-ELD-10004973,Furniture,Furnishings,Eldon Clock
FUR-BO-10000610,Furniture,Bookcases,Ikea Stackable Bookrack
FUR-FU-10001215,Furniture,Furnishings,"Howard Miller 11-1/2"" Diameter Brentwood Wall Clock"
OFF-ELD-10001832,Office Supplies,Storage,Eldon Shelving
OFF-AP-10000615,Office Supplies,Appliances,KitchenAid Toaster
FUR-FU-10000135,Furniture,Furnishings,Tenex Photo Frame
OFF-ST-10001414,Office Supplies,Storage,Rogers Lockers
OFF-ROG-10003733,Office Supplies,Storage,Rogers Folders
FUR-DAN-10001462,Furniture,Bookcases,Dania Stackable Bookrack
OFF-SU-10000925,Office Supplies,Supplies,Fiskars Box Cutter
TEC-AC-10002014,Technology,Accessories,Belkin Flash Drive
OFF-AP-10001335,Office Supplies,Appliances,Hoover Toaster
OFF-PA-10003625,Office Supplies,Paper,Xerox 1979
TEC-AC-10000450,Technology,Accessories,Enermax Keyboard
TEC-AC-10003776,Technology,Accessories,Belkin Flash Drive
OFF-SU-10004496,Office Supplies,Supplies,Kleencut Scissors
TEC-AC-10004562,Technology,Accessories,Enermax Flash Drive
OFF-BI-10001622,Office Supplies,Binders,Acco 3-Hole Punch
OFF-STI-10002040,Office Supplies,Supplies,Stiletto Ruler
TEC-AC-10003927,Technology,Accessories,Belkin Numeric Keypad
FUR-TA-10001090,Furniture,Tables,Chromcraft Round Table
TEC-MA-10002571,Technology,Machines,Konica Phone
OFF-FA-10002728,Office Supplies,Fasteners,Advantus Paper Clips
FUR-ELD-10000301,Furniture,Furnishings,Eldon Frame
OFF-SU-10003234,Office Supplies,Supplies,Acme Box Cutter
OFF-SU-10004244,Office Supplies,Supplies,Elite Letter Opener
TEC-MA-10002226,Technology,Machines,Epson Phone
FUR-BO-10000184,Furniture,Bookcases,Sauder Floating Shelf Set
OFF-ST-10002515,Office Supplies,Storage,Eldon Lockers
TEC-MA-10004626,Technology,Machines,Lexmark 20R1285 X6650 Wireless All-in-One Printer
OFF-PA-10001170,Office Supplies,Paper,Xerox Cards & Envelopes
OFF-AP-10003043,Office Supplies,Appliances,Breville Blender
OFF-AR-10003630,Office Supplies,Art,Stanley Sketch Pad
TEC-MOT-10002689,Technology,Phones,Motorola Headset
OFF-AR-10000751,Office Supplies,Art,Binney & Smith Highlighters
OFF-BI-10001723,Office Supplies,Binders,Avery Binder
OFF-PA-10001944,Office Supplies,Paper,SanDisk Computer Printout Paper
OFF-ST-10003479,Office Supplies,Storage,Eldon Base for stackable storage shelf
OFF-STI-10003148,Office Supplies,Supplies,Stiletto Trimmer
OFF-AR-10003336,Office Supplies,Art,Sanford Pencil Sharpener
OFF-ADV-10003030,Office Supplies,Fasteners,Advantus Staples
FUR-FU-10002379,Furniture,Furnishings,Eldon Econocleat Chair Mats for Low Pile Carpets
TEC-AC-10000692,Technology,Accessories,Logitech Keyboard
OFF-AR-10003457,Office Supplies,Art,Sanford Sketch Pad
FUR-RUB-10000501,Furniture,Furnishings,Rubbermaid Clock
TEC-AC-10003554,Technology,Accessories,Belkin Numeric Keypad
TEC-AC-10003044,Technology,Accessories,Belkin Numeric Keypad
FUR-CH-10002378,Furniture,Chairs,Harbour Creations Swivel Stool
OFF-PA-10000659,Office Supplies,Paper,TOPS Carbonless Receipt Book
OFF-AR-10000833,Office Supplies,Art,Sanford Sketch Pad
OFF-SAN-10001681,Office Supplies,Paper,SanDisk Computer Printout Paper
TEC-AC-10000258,Technology,Accessories,Belkin Numeric Keypad
OFF-EN-10004885,Office Supplies,Envelopes,Jiffy Interoffice Envelope
TEC-PH-10002890,Technology,Phones,AT&T 17929 Lendline Telephone
OFF-BOS-10003478,Office Supplies,Art,Boston Markers
TEC-AC-10002455,Technology,Accessories,Logitech Flash Drive
TEC-MA-10000904,Technology,Machines,Brother MFC-9340CDW LED All-In-One Printer
OFF-EN-10004649,Office Supplies,Envelopes,Cameo Mailers
TEC-MA-10001570,Technology,Machines,Cisco Desktop Collaboration Experience DX650 IP Video Phone
OFF-AR-10002745,Office Supplies,Art,BIC Canvas
OFF-ELD-10003038,Office Supplies,Storage,Eldon Shelving
FUR-FU-10002655,Furniture,Furnishings,Deflect-O Door Stop
TEC-AC-10001311,Technology,Accessories,Belkin Keyboard
OFF-SU-10002152,Office Supplies,Supplies,Fiskars Shears
FUR-FU-10002502,Furniture,Furnishings,Eldon Light Bulb
OFF-ST-10002406,Office Supplies,Storage,Pizazz Global Quick File
FUR-ELD-10000857,Furniture,Furnishings,Eldon Door Stop
FUR-FU-10001252,Furniture,Furnishings,Eldon Frame
OFF-SU-10001137,Office Supplies,Supplies,Kleencut Scissors
OFF-PA-10003641,Office Supplies,Paper,Xerox 1909
FUR-ELD-10003179,Furniture,Furnishings,Eldon Clock
FUR-FU-10003283,Furniture,Furnishings,Rubbermaid Stacking Tray
FUR-SAF-10000508,Furniture,Bookcases,Safco Library with Doors
FUR-FU-10000361,Furniture,Furnishings,Deflect-O Photo Frame
OFF-SU-10001535,Office Supplies,Supplies,Elite Box Cutter
TEC-PH-10004682,Technology,Phones,Cisco Headset
FUR-FU-10003447,Furniture,Furnishings,Eldon Light Bulb
FUR-CH-10001663,Furniture,Chairs,SAFCO Chairmat
FUR-SAF-10001428,Furniture,Bookcases,Safco Corner Shelving
OFF-ROG-10004393,Office Supplies,Storage,Rogers Folders
TEC-AC-10000354,Technology,Accessories,Belkin Numeric Keypad
FUR-IKE-10002719,Furniture,Bookcases,Ikea Library with Doors
OFF-AR-10001770,Office Supplies,Art,Binney & Smith Markers
OFF-SU-10001066,Office Supplies,Supplies,Acme Letter Opener
FUR-CH-10002317,Furniture,Chairs,Global Enterprise Series Seating Low-Back Swivel/Tilt Chairs
OFF-SU-10003126,Office Supplies,Supplies,Acme Shears
OFF-AP-10002960,Office Supplies,Appliances,Hamilton Beach Toaster
OFF-LA-10004398,Office Supplies,Labels,Hon Color Coded Labels
FUR-FU-10003960,Furniture,Furnishings,Deflect-O Stacking Tray
OFF-ENE-10002104,Office Supplies,Paper,Enermax Note Cards
FUR-CH-10003853,Furniture,Chairs,Harbour Creations Steel Folding Chair
FUR-FU-10003608,Furniture,Furnishings,Tenex Light Bulb
FUR-CH-10004751,Furniture,Chairs,Hon Steel Folding Chair
OFF-PA-10004475,Office Supplies,Paper,Xerox 1940
OFF-AME-10000244,Office Supplies,Envelopes,Ames Manila Envelope
OFF-ELD-10004324,Office Supplies,Storage,Eldon File Cart
TEC-PH-10003486,Technology,Phones,Apple Audio Dock
OFF-SU-10003789,Office Supplies,Supplies,Fiskars Box Cutter
FUR-DAN-10003011,Furniture,Bookcases,Dania Corner Shelving
TEC-AC-10000540,Technology,Accessories,Memorex Numeric Keypad
TEC-AC-10003469,Technology,Accessories,SanDisk Router
TEC-MA-10002930,Technology,Machines,Ricoh - Ink Collector Unit for GX3000 Series Printers
TEC-AC-10001402,Technology,Accessories,Memorex Numeric Keypad
OFF-EN-10003780,Office Supplies,Envelopes,Jiffy Peel and Seal
OFF-AP-10001962,Office Supplies,Appliances,Black & Decker Filter for Double Action Dustbuster Cordless Vac BLDV7210
TEC-BRO-10003401,Technology,Copiers,Brother Fax and Copier
TEC-CO-10001523,Technology,Copiers,HP Copy Machine
OFF-SU-10003951,Office Supplies,Supplies,Elite Shears
OFF-FA-10003893,Office Supplies,Fasteners,OIC Paper Clips
FUR-BO-10000734,Furniture,Bookcases,Bush Corner Shelving
FUR-CH-10001374,Furniture,Chairs,Novimex Steel Folding Chair
OFF-AR-10004115,Office Supplies,Art,Sanford Markers
TEC-MA-10002464,Technology,Machines,Panasonic Printer
FUR-DEF-10003551,Furniture,Furnishings,Deflect-O Photo Frame
FUR-DEF-10004141,Furniture,Furnishings,Deflect-O Photo Frame
FUR-FU-10000641,Furniture,Furnishings,Deflect-O Door Stop
OFF-AR-10002783,Office Supplies,Art,Stanley Pencil Sharpener
FUR-HAR-10003124,Furniture,Chairs,Harbour Creations Chairmat
OFF-SU-10002306,Office Supplies,Supplies,Elite Scissors
OFF-AP-10000775,Office Supplies,Appliances,Breville Blender
OFF-EN-10003669,Office Supplies,Envelopes,Jiffy Mailers
OFF-EN-10004560,Office Supplies,Envelopes,Ames Mailers
OFF-AVE-10001750,Office Supplies,Binders,Avery 3-Hole Punch
TEC-MA-10003730,Technology,Machines,StarTech Card Printer
OFF-AP-10001955,Office Supplies,Appliances,Hoover Microwave
FUR-HAR-10001089,Furniture,Chairs,Harbour Creations Rocking Chair
TEC-SAM-10003948,Technology,Phones,Samsung Signal Booster
OFF-FIS-10002924,Office Supplies,Supplies,Fiskars Scissors
FUR-CH-10002417,Furniture,Chairs,Hon Rocking Chair
OFF-AR-10003377,Office Supplies,Art,Boston Pencil Sharpener
FUR-TA-10001857,Furniture,Tables,Balt Solid Wood Rectangular Table
OFF-TEN-10004210,Office Supplies,Storage,Tenex Trays
OFF-SU-10003115,Office Supplies,Supplies,Acme Scissors
TEC-AC-10001703,Technology,Accessories,Memorex Keyboard
FUR-CH-10003608,Furniture,Chairs,SAFCO Chairmat
FUR-FU-10001091,Furniture,Furnishings,Eldon Photo Frame
FUR-CH-10003341,Furniture,Chairs,Office Star Chairmat
OFF-AR-10000097,Office Supplies,Art,BIC Sketch Pad
TEC-AC-10000057,Technology,Accessories,Microsoft Natural Ergonomic Keyboard 4000
TEC-BRO-10004328,Technology,Copiers,Brother Fax Machine
OFF-SU-10003515,Office Supplies,Supplies,Acme Shears
OFF-SU-10003473,Office Supplies,Supplies,Elite Trimmer
OFF-ACM-10002301,Office Supplies,Supplies,Acme Trimmer
OFF-BI-10004651,Office Supplies,Binders,Cardinal Binding Machine
OFF-HAM-10004805,Office Supplies,Appliances,Hamilton Beach Coffee Grinder
OFF-SAN-10004288,Office Supplies,Art,Sanford Sketch Pad
FUR-FU-10001764,Furniture,Furnishings,Deflect-O Clock
OFF-BI-10000323,Office Supplies,Binders,Wilson Jones 3-Hole Punch
OFF-EN-10004424,Office Supplies,Envelopes,GlobeWeis Interoffice Envelope
FUR-TA-10003291,Furniture,Tables,Bevis Computer Table
FUR-CH-10004826,Furniture,Chairs,Hon Steel Folding Chair
FUR-NOV-10000222,Furniture,Chairs,Novimex Steel Folding Chair
OFF-AP-10004372,Office Supplies,Appliances,Hoover Coffee Grinder
TEC-PH-10004272,Technology,Phones,Nokia Headset
OFF-EN-10002504,Office Supplies,Envelopes,Tyvek  Top-Opening Peel & Seel Envelopes
FUR-FU-10001933,Furniture,Furnishings,Tenex Stacking Tray
OFF-ELD-10000024,Office Supplies,Storage,Eldon Folders
FUR-FU-10001161,Furniture,Furnishings,Deflect-O Photo Frame
OFF-FA-10002803,Office Supplies,Fasteners,Accos Staples
FUR-FU-10000366,Furniture,Furnishings,Deflect-O Door Stop
OFF-PA-10002581,Office Supplies,Paper,Xerox 1951
FUR-CH-10003440,Furniture,Chairs,Harbour Creations Steel Folding Chair
TEC-AC-10000269,Technology,Accessories,Memorex Numeric Keypad
OFF-PA-10004286,Office Supplies,Paper,Enermax Cards & Envelopes
OFF-AP-10004821,Office Supplies,Appliances,Hamilton Beach Stove
OFF-SU-10004177,Office Supplies,Supplies,Fiskars Box Cutter
FUR-CH-10003123,Furniture,Chairs,Hon Chairmat
OFF-ST-10004017,Office Supplies,Storage,Smead Trays
OFF-STO-10001791,Office Supplies,Fasteners,Stockwell Clamps
FUR-BO-10001271,Furniture,Bookcases,Sauder Classic Bookcase
FUR-CH-10002481,Furniture,Chairs,Hon Executive Leather Armchair
FUR-TEN-10000525,Furniture,Furnishings,Tenex Clock
FUR-TEN-10001809,Furniture,Furnishings,Tenex Photo Frame
TEC-AC-10001735,Technology,Accessories,Logitech Mouse
OFF-ST-10000760,Office Supplies,Storage,Eldon Fold 'N Roll Cart System
OFF-SU-10002094,Office Supplies,Supplies,Acme Letter Opener
OFF-AR-10004260,Office Supplies,Art,Boston 1799 Powerhouse Electric Pencil Sharpener
OFF-BI-10003007,Office Supplies,Binders,Premium Transparent Presentation Covers
FUR-DEF-10003315,Furniture,Furnishings,Deflect-O Clock
FUR-CH-10000848,Furniture,Chairs,SAFCO Executive Leather Armchair
FUR-BAR-10003576,Furniture,Tables,Barricks Training Table
OFF-AR-10002022,Office Supplies,Art,Stanley Sketch Pad
OFF-SU-10001877,Office Supplies,Supplies,Elite Ruler
OFF-KRA-10004876,Office Supplies,Envelopes,Kraft Interoffice Envelope
FUR-FU-10002557,Furniture,Furnishings,Rubbermaid Stacking Tray
OFF-LA-10002609,Office Supplies,Labels,Avery Color Coded Labels
FUR-TA-10000518,Furniture,Tables,Chromcraft Round Table
TEC-MA-10001128,Technology,Machines,StarTech Card Printer
OFF-BI-10003579,Office Supplies,Binders,Avery 3-Hole Punch
OFF-PA-10003252,Office Supplies,Paper,Xerox Note Cards
TEC-CO-10003007,Technology,Copiers,Hewlett Fax and Copier
OFF-SU-10004696,Office Supplies,Supplies,Acme Shears
OFF-BI-10004801,Office Supplies,Binders,Acco Binding Machine
OFF-EN-10001109,Office Supplies,Envelopes,Ames Interoffice Envelope
OFF-FEL-10002897,Office Supplies,Storage,Fellowes Shelving
OFF-FEL-10002837,Office Supplies,Storage,Fellowes Folders
OFF-EN-10003636,Office Supplies,Envelopes,Jiffy Peel and Seal
OFF-LA-10000707,Office Supplies,Labels,Avery Removable Labels
FUR-FU-10000889,Furniture,Furnishings,Rubbermaid Clock
OFF-PA-10001979,Office Supplies,Paper,Enermax Message Books
FUR-FU-10000295,Furniture,Furnishings,Advantus Light Bulb
OFF-AR-10002485,Office Supplies,Art,Boston Markers
TEC-AC-10004586,Technology,Accessories,Belkin Flash Drive
OFF-XER-10003203,Office Supplies,Paper,Xerox Computer Printout Paper
TEC-AC-10003571,Technology,Accessories,Memorex Numeric Keypad
OFF-AR-10004218,Office Supplies,Art,Sanford Pencil Sharpener
OFF-SU-10001731,Office Supplies,Supplies,Acme Letter Opener
TEC-AC-10002148,Technology,Accessories,Belkin Keyboard
OFF-EN-10002522,Office Supplies,Envelopes,Ames Mailers
FUR-ELD-10000963,Furniture,Furnishings,Eldon Stacking Tray
OFF-AR-10000780,Office Supplies,Art,BIC Highlighters
OFF-PA-10000241,Office Supplies,Paper,IBM Multi-Purpose Copy Paper
FUR-TA-10001558,Furniture,Tables,Barricks Training Table
FUR-CH-10004754,Furniture,Chairs,Global Stack Chair with Arms
TEC-PH-10004760,Technology,Phones,Samsung Office Telephone
OFF-BRE-10004073,Office Supplies,Appliances,Breville Refrigerator
OFF-AR-10001190,Office Supplies,Art,Boston Canvas
FUR-BO-10001276,Furniture,Bookcases,Safco Floating Shelf Set
TEC-AC-10002473,Technology,Accessories,Maxell 4.7GB DVD-R
FUR-FU-10003886,Furniture,Furnishings,Tenex Photo Frame
OFF-SU-10003371,Office Supplies,Supplies,Kleencut Trimmer
TEC-PH-10001700,Technology,Phones,Panasonic KX-TG6844B Expandable Digital Cordless Telephone
OFF-BI-10001670,Office Supplies,Binders,Vinyl Sectional Post Binders
OFF-PA-10001125,Office Supplies,Paper,Xerox 1988
OFF-PA-10003416,Office Supplies,Paper,Enermax Note Cards
TEC-APP-10004049,Technology,Phones,Apple Speaker Phone
OFF-AP-10000916,Office Supplies,Appliances,KitchenAid Microwave
TEC-PH-10001527,Technology,Phones,Plantronics MX500i Earset
FUR-FU-10004604,Furniture,Furnishings,Deflect-O Clock
TEC-AC-10002218,Technology,Accessories,Memorex Keyboard
OFF-KIT-10002678,Office Supplies,Appliances,KitchenAid Coffee Grinder
OFF-EN-10000927,Office Supplies,Envelopes,Ames Business Envelopes
OFF-BI-10004446,Office Supplies,Binders,Acco Binding Machine
FUR-FU-10000499,Furniture,Furnishings,Tenex Light Bulb
TEC-MA-10004896,Technology,Machines,StarTech Phone
FUR-RUB-10001380,Furniture,Furnishings,Rubbermaid Photo Frame
OFF-FEL-10002399,Office Supplies,Storage,Fellowes Box
OFF-CAR-10001471,Office Supplies,Binders,Cardinal 3-Hole Punch
TEC-MA-10000366,Technology,Machines,Epson Card Printer
TEC-MA-10000964,Technology,Machines,Okidata Calculator
OFF-AP-10000900,Office Supplies,Appliances,Cuisinart Coffee Grinder
TEC-MA-10002459,Technology,Machines,StarTech Printer
FUR-IKE-10000619,Furniture,Bookcases,Ikea Corner Shelving
OFF-JIF-10004822,Office Supplies,Envelopes,Jiffy Mailers
FUR-CH-10001695,Furniture,Chairs,Harbour Creations Chairmat
TEC-MA-10003079,Technology,Machines,Panasonic Card Printer
OFF-PA-10001086,Office Supplies,Paper,Enermax Cards & Envelopes
FUR-FU-10002387,Furniture,Furnishings,Rubbermaid Photo Frame
OFF-PA-10003744,Office Supplies,Paper,Green Bar Parchment Paper
FUR-SAF-10000545,Furniture,Bookcases,Safco 3-Shelf Cabinet
TEC-PH-10003549,Technology,Phones,Samsung Headset
TEC-MA-10000354,Technology,Machines,StarTech Calculator
OFF-AR-10002714,Office Supplies,Art,Stanley Sketch Pad
OFF-ELD-10004625,Office Supplies,Storage,Eldon Trays
FUR-IKE-10003262,Furniture,Bookcases,Ikea Floating Shelf Set
OFF-PA-10003899,Office Supplies,Paper,SanDisk Memo Slips
TEC-MA-10003868,Technology,Machines,StarTech Phone
OFF-PA-10004187,Office Supplies,Paper,Xerox Message Books
OFF-BOS-10000363,Office Supplies,Art,Boston Pencil Sharpener
TEC-AC-10003172,Technology,Accessories,Memorex Numeric Keypad
TEC-PH-10004522,Technology,Phones,Dexim XPower Skin Super-Thin Power Case for iPhone 5 - Black
OFF-AP-10002344,Office Supplies,Appliances,Hoover Microwave
TEC-AC-10004803,Technology,Accessories,Sony Micro Vault Click 4 GB USB 2.0 Flash Drive
OFF-BI-10004001,Office Supplies,Binders,GBC Recycled VeloBinder Covers
OFF-SAN-10001114,Office Supplies,Paper,SanDisk Cards & Envelopes
TEC-BEL-10000681,Technology,Accessories,Belkin Mouse
FUR-CH-10000852,Furniture,Chairs,Novimex Chairmat
OFF-AR-10000242,Office Supplies,Art,BIC Pencil Sharpener
TEC-OKI-10003868,Technology,Machines,Okidata Printer
OFF-ACC-10002849,Office Supplies,Binders,Acco 3-Hole Punch
OFF-PA-10002974,Office Supplies,Paper,Enermax Note Cards
FUR-FU-10001770,Furniture,Furnishings,Deflect-O Clock
FUR-CH-10003062,Furniture,Chairs,Novimex Chairmat
OFF-AR-10001955,Office Supplies,Art,Newell 319
OFF-BI-10001266,Office Supplies,Binders,Acco 3-Hole Punch
OFF-EN-10004995,Office Supplies,Envelopes,Ames Interoffice Envelope
FUR-CH-10003026,Furniture,Chairs,Novimex Bag Chairs
TEC-AC-10004434,Technology,Accessories,Memorex Flash Drive
OFF-EN-10002472,Office Supplies,Envelopes,Cameo Interoffice Envelope
TEC-AC-10003116,Technology,Accessories,Memorex Froggy Flash Drive 8 GB
TEC-CO-10004558,Technology,Copiers,HP Ink
OFF-EN-10002258,Office Supplies,Envelopes,Jiffy Mailers
FUR-ADV-10000600,Furniture,Furnishings,Advantus Clock
OFF-CAR-10000687,Office Supplies,Binders,Cardinal Binder Covers
OFF-PA-10001492,Office Supplies,Paper,Enermax Note Cards
TEC-MA-10003986,Technology,Machines,Konica Receipt Printer
FUR-RUB-10004633,Furniture,Furnishings,Rubbermaid Stacking Tray
TEC-CAN-10001789,Technology,Copiers,Canon Copy Machine
OFF-EN-10002186,Office Supplies,Envelopes,Kraft Manila Envelope
OFF-PA-10002043,Office Supplies,Paper,SanDisk Cards & Envelopes
OFF-AR-10000733,Office Supplies,Art,Binney & Smith Canvas
FUR-FU-10002170,Furniture,Furnishings,Deflect-O Frame
OFF-PA-10003731,Office Supplies,Paper,Enermax Note Cards
TEC-NOK-10001319,Technology,Phones,Nokia Headset
TEC-PH-10004970,Technology,Phones,Nokia Headset
OFF-BI-10001820,Office Supplies,Binders,Wilson Jones Binding Machine
TEC-AC-10004855,Technology,Accessories,V7 USB Numeric Keypad
OFF-EN-10002348,Office Supplies,Envelopes,Cameo Peel and Seal
FUR-BUS-10004336,Furniture,Bookcases,Bush Corner Shelving
OFF-PA-10001523,Office Supplies,Paper,Enermax Cards & Envelopes
OFF-ST-10002172,Office Supplies,Storage,Fellowes Trays
FUR-FU-10000422,Furniture,Furnishings,Deflect-O Photo Frame
OFF-SU-10000596,Office Supplies,Supplies,Stiletto Trimmer
TEC-MA-10004985,Technology,Machines,StarTech Card Printer
OFF-PA-10002755,Office Supplies,Paper,Xerox Computer Printout Paper
FUR-CH-10003558,Furniture,Chairs,Hon Swivel Stool
OFF-SU-10001087,Office Supplies,Supplies,Elite Shears
OFF-BI-10002854,Office Supplies,Binders,Performers Binder/Pad Holder
OFF-ROG-10001399,Office Supplies,Storage,Rogers Shelving
TEC-LOG-10001137,Technology,Accessories,Logitech Keyboard
TEC-MA-10003536,Technology,Machines,Konica Calculator
OFF-BI-10004181,Office Supplies,Binders,Avery 3-Hole Punch
OFF-EN-10003000,Office Supplies,Envelopes,Cameo Mailers
OFF-ST-10002370,Office Supplies,Storage,Sortfiler Multipurpose Personal File Organizer
TEC-STA-10000008,Technology,Machines,StarTech Calculator
OFF-HAM-10003628,Office Supplies,Appliances,Hamilton Beach Coffee Grinder
FUR-DEF-10000065,Furniture,Furnishings,Deflect-O Frame
TEC-ENE-10005000,Technology,Accessories,Enermax Memory Card
OFF-EN-10003073,Office Supplies,Envelopes,Jiffy Business Envelopes
OFF-AR-10003110,Office Supplies,Art,Sanford Sketch Pad
OFF-GRE-10001059,Office Supplies,Paper,Green Bar Note Cards
TEC-AC-10000358,Technology,Accessories,Imation Secure Drive + Hardware Encrypted USB flash drive - 16 GB
OFF-CUI-10001060,Office Supplies,Appliances,Cuisinart Toaster
OFF-AR-10002987,Office Supplies,Art,Prismacolor Color Pencil Set
OFF-AP-10002670,Office Supplies,Appliances,Belkin 8-Outlet Premiere SurgeMaster II Surge Protectors
OFF-AR-10000584,Office Supplies,Art,Sanford Pencil Sharpener
OFF-SU-10004119,Office Supplies,Supplies,Acme Trimmer
TEC-CO-10001317,Technology,Copiers,Sharp Fax Machine
TEC-EPS-10004171,Technology,Machines,Epson Calculator
FUR-OFF-10001798,Furniture,Chairs,Office Star Steel Folding Chair
OFF-ELI-10001904,Office Supplies,Supplies,Elite Letter Opener
TEC-CO-10001937,Technology,Copiers,Brother Fax and Copier
FUR-CH-10002819,Furniture,Chairs,SAFCO Chairmat
TEC-BEL-10004162,Technology,Accessories,Belkin Flash Drive
OFF-EN-10000648,Office Supplies,Envelopes,Jiffy Peel and Seal
OFF-EN-10000857,Office Supplies,Envelopes,Ames Mailers
TEC-AC-10001246,Technology,Accessories,Enermax Numeric Keypad
FUR-BO-10000791,Furniture,Bookcases,Dania Library with Doors
OFF-BI-10003883,Office Supplies,Binders,Acco Binder
OFF-ST-10004930,Office Supplies,Storage,Tenex Trays
OFF-SU-10001633,Office Supplies,Supplies,Stiletto Letter Opener
TEC-PH-10001590,Technology,Phones,Motorola Headset
OFF-BI-10001744,Office Supplies,Binders,Acco Binding Machine
FUR-FU-10003623,Furniture,Furnishings,DataProducts Ampli Magnifier Task Lamp
FUR-SAU-10002714,Furniture,Bookcases,Sauder Corner Shelving
OFF-SU-10000411,Office Supplies,Supplies,Stiletto Box Cutter
TEC-AC-10003570,Technology,Accessories,Memorex Flash Drive
OFF-PA-10004946,Office Supplies,Paper,SanDisk Note Cards
FUR-CH-10004242,Furniture,Chairs,Office Star Steel Folding Chair
OFF-BIC-10001510,Office Supplies,Art,BIC Pencil Sharpener
FUR-CH-10003512,Furniture,Chairs,Novimex Bag Chairs
OFF-BI-10002296,Office Supplies,Binders,Acco Binder Covers
TEC-MEM-10003302,Technology,Accessories,Memorex Numeric Keypad
OFF-PA-10003134,Office Supplies,Paper,Xerox 1937
OFF-ST-10000520,Office Supplies,Storage,Eldon Folders
FUR-CH-10002209,Furniture,Chairs,Novimex Chairmat
TEC-PAN-10003382,Technology,Machines,Panasonic Card Printer
OFF-AR-10001694,Office Supplies,Art,Sanford Canvas
OFF-PA-10000591,Office Supplies,Paper,Green Bar Cards & Envelopes
OFF-SU-10000649,Office Supplies,Supplies,Fiskars Box Cutter
OFF-PA-10004741,Office Supplies,Paper,SanDisk Cards & Envelopes
FUR-FU-10002803,Furniture,Furnishings,Deflect-O Stacking Tray
FUR-BAR-10004553,Furniture,Tables,Barricks Training Table
OFF-LA-10003923,Office Supplies,Labels,Alphabetical Labels for Top Tab Filing
TEC-PH-10004714,Technology,Phones,Motorola Office Telephone
FUR-BAR-10002710,Furniture,Tables,Barricks Coffee Table
FUR-FU-10000514,Furniture,Furnishings,Deflect-O Photo Frame
OFF-ST-10002276,Office Supplies,Storage,Safco Steel Mobile File Cart
FUR-BUS-10004882,Furniture,Bookcases,Bush Floating Shelf Set
TEC-AC-10001791,Technology,Accessories,Memorex Mouse
OFF-EN-10004053,Office Supplies,Envelopes,GlobeWeis Manila Envelope
OFF-AP-10001076,Office Supplies,Appliances,Hamilton Beach Coffee Grinder
OFF-SU-10001808,Office Supplies,Supplies,Elite Shears
TEC-MA-10004424,Technology,Machines,Panasonic Phone
OFF-TEN-10000766,Office Supplies,Storage,Tenex Folders
OFF-SU-10004814,Office Supplies,Supplies,Fiskars Shears
OFF-FA-10000899,Office Supplies,Fasteners,Stockwell Clamps
OFF-BI-10004120,Office Supplies,Binders,Ibico 3-Hole Punch
TEC-MA-10002412,Technology,Machines,Cisco TelePresence System EX90 Videoconferencing Unit
FUR-CH-10001805,Furniture,Chairs,Office Star Chairmat
FUR-FU-10000256,Furniture,Furnishings,Rubbermaid Photo Frame
TEC-MA-10001267,Technology,Machines,Epson Calculator
OFF-EN-10000673,Office Supplies,Envelopes,Cameo Business Envelopes
OFF-EN-10003785,Office Supplies,Envelopes,GlobeWeis Mailers
OFF-AP-10001905,Office Supplies,Appliances,KitchenAid Toaster
OFF-SU-10002653,Office Supplies,Supplies,Kleencut Letter Opener
OFF-AR-10004961,Office Supplies,Art,Sanford Sketch Pad
OFF-PA-10000167,Office Supplies,Paper,Xerox 1925
OFF-SU-10002816,Office Supplies,Supplies,Kleencut Shears
OFF-BI-10001967,Office Supplies,Binders,Acco Binder
FUR-CHR-10000888,Furniture,Tables,Chromcraft Computer Table
TEC-LOG-10000368,Technology,Accessories,Logitech Flash Drive
OFF-BOS-10002073,Office Supplies,Art,Boston Canvas
FUR-CH-10004790,Furniture,Chairs,Office Star Bag Chairs
TEC-PH-10004287,Technology,Phones,Cisco Headset
TEC-PH-10002251,Technology,Phones,Motorola Speaker Phone
OFF-SU-10004095,Office Supplies,Supplies,Fiskars Shears
TEC-AC-10003034,Technology,Accessories,Belkin Keyboard
FUR-FU-10004622,Furniture,Furnishings,Eldon Advantage Foldable Chair Mats for Low Pile Carpets
OFF-HON-10004825,Office Supplies,Labels,Hon File Folder Labels
OFF-AR-10004042,Office Supplies,Art,BOSTON Model 1800 Electric Pencil Sharpeners
OFF-CAM-10002625,Office Supplies,Envelopes,Cameo Peel and Seal
OFF-ROG-10000566,Office Supplies,Storage,Rogers Trays
OFF-GRE-10003943,Office Supplies,Paper,Green Bar Message Books
FUR-TEN-10000407,Furniture,Furnishings,Tenex Door Stop
OFF-TEN-10000827,Office Supplies,Storage,Tenex File Cart
OFF-SU-10001983,Office Supplies,Supplies,Stiletto Box Cutter
FUR-CH-10000825,Furniture,Chairs,SAFCO Chairmat
OFF-SU-10002323,Office Supplies,Supplies,Elite Shears
OFF-SU-10004452,Office Supplies,Supplies,Elite Ruler
OFF-EN-10003373,Office Supplies,Envelopes,GlobeWeis Interoffice Envelope
FUR-FU-10003427,Furniture,Furnishings,Rubbermaid Frame
OFF-EN-10003862,Office Supplies,Envelopes,Laser & Ink Jet Business Envelopes
TEC-AC-10003964,Technology,Accessories,SanDisk Flash Drive
TEC-MA-10000327,Technology,Machines,Epson Phone
OFF-FA-10000294,Office Supplies,Fasteners,Advantus Clamps
TEC-PH-10002907,Technology,Phones,Motorola Headset
OFF-SAN-10001128,Office Supplies,Art,Sanford Pens
OFF-BIN-10002236,Office Supplies,Art,Binney & Smith Pencil Sharpener
OFF-BI-10001987,Office Supplies,Binders,Acco Binding Machine
OFF-BI-10002931,Office Supplies,Binders,"Avery Trapezoid Extra Heavy Duty 4"" Binders"
FUR-FU-10001096,Furniture,Furnishings,Advantus Clock
OFF-FA-10002241,Office Supplies,Fasteners,Stockwell Clamps
OFF-ST-10004950,Office Supplies,Storage,Tenex Personal Filing Tote With Secure Closure Lid
FUR-FU-10003052,Furniture,Furnishings,Advantus Photo Frame
FUR-LES-10003082,Furniture,Tables,Lesro Coffee Table
OFF-EN-10001491,Office Supplies,Envelopes,Jiffy Interoffice Envelope
FUR-FU-10003264,Furniture,Furnishings,Rubbermaid Clock
FUR-NOV-10003195,Furniture,Chairs,Novimex Chairmat
OFF-SU-10001488,Office Supplies,Supplies,Stiletto Scissors
OFF-SME-10001745,Office Supplies,Storage,Smead Shelving
TEC-MA-10001403,Technology,Machines,Panasonic Calculator
TEC-LOG-10003634,Technology,Accessories,Logitech Numeric Keypad
OFF-AP-10003363,Office Supplies,Appliances,Hoover Blender
OFF-EN-10002679,Office Supplies,Envelopes,Kraft Mailers
OFF-BI-10000014,Office Supplies,Binders,Heavy-Duty E-Z-D Binders
OFF-WIL-10001801,Office Supplies,Binders,Wilson Jones 3-Hole Punch
TEC-AC-10001636,Technology,Accessories,Belkin Mouse
TEC-PH-10003092,Technology,Phones,Motorola L804
OFF-ST-10002485,Office Supplies,Storage,Rogers Deluxe File Chest
OFF-AP-10002899,Office Supplies,Appliances,Breville Toaster
OFF-BI-10003763,Office Supplies,Binders,Ibico Index Tab
OFF-ST-10001186,Office Supplies,Storage,Rogers Trays
OFF-AR-10002538,Office Supplies,Art,Binney & Smith Sketch Pad
FUR-FU-10001507,Furniture,Furnishings,Rubbermaid Light Bulb
OFF-ST-10001440,Office Supplies,Storage,Eldon Shelving
OFF-PA-10001327,Office Supplies,Paper,SanDisk Cards & Envelopes
TEC-ENE-10002254,Technology,Accessories,Enermax Keyboard
OFF-JIF-10002228,Office Supplies,Envelopes,Jiffy Interoffice Envelope
OFF-PA-10000867,Office Supplies,Paper,SanDisk Message Books
TEC-CO-10001824,Technology,Copiers,Sharp Personal Copier
OFF-AR-10001216,Office Supplies,Art,BIC Pencil Sharpener
OFF-BI-10000289,Office Supplies,Binders,Wilson Jones Binder Covers
FUR-FU-10000306,Furniture,Furnishings,Rubbermaid Clock
TEC-MA-10003154,Technology,Machines,Panasonic Printer
OFF-EN-10004453,Office Supplies,Envelopes,Kraft Interoffice Envelope
TEC-CO-10003525,Technology,Copiers,Sharp Ink
OFF-AP-10000043,Office Supplies,Appliances,Cuisinart Toaster
OFF-KLE-10002869,Office Supplies,Supplies,Kleencut Letter Opener
TEC-PH-10002350,Technology,Phones,Apple EarPods with Remote and Mic
OFF-LA-10002272,Office Supplies,Labels,Smead File Folder Labels
TEC-AC-10000110,Technology,Accessories,Belkin Numeric Keypad
FUR-BO-10002309,Furniture,Bookcases,Dania 3-Shelf Cabinet
OFF-PA-10004243,Office Supplies,Paper,Xerox 1939
TEC-PH-10000586,Technology,Phones,AT&T SB67148 SynJ
TEC-MA-10000687,Technology,Machines,Konica Calculator
OFF-PA-10004200,Office Supplies,Paper,Xerox Note Cards
FUR-BO-10004681,Furniture,Bookcases,Ikea Stackable Bookrack
OFF-BI-10000666,Office Supplies,Binders,Surelock Post Binders
OFF-AR-10000578,Office Supplies,Art,BIC Pencil Sharpener
OFF-PA-10000731,Office Supplies,Paper,Enermax Parchment Paper
OFF-BI-10003452,Office Supplies,Binders,Acco Binding Machine
OFF-XER-10004012,Office Supplies,Paper,Xerox Note Cards
OFF-ST-10000580,Office Supplies,Storage,Fellowes Trays
OFF-AP-10003912,Office Supplies,Appliances,Hoover Blender
OFF-SU-10003688,Office Supplies,Supplies,Acme Shears
FUR-FU-10002250,Furniture,Furnishings,Advantus Photo Frame
OFF-PA-10001758,Office Supplies,Paper,Enermax Note Cards
TEC-AC-10001022,Technology,Accessories,SanDisk Flash Drive
OFF-EN-10004495,Office Supplies,Envelopes,Kraft Peel and Seal
OFF-EN-10004473,Office Supplies,Envelopes,Ames Interoffice Envelope
FUR-TA-10004134,Furniture,Tables,Barricks Training Table
OFF-AR-10000409,Office Supplies,Art,Sanford Canvas
TEC-AC-10000929,Technology,Accessories,Belkin Mouse
OFF-SU-10003907,Office Supplies,Supplies,Stiletto Letter Opener
OFF-LA-10003338,Office Supplies,Labels,Novimex Legal Exhibit Labels
OFF-BI-10000542,Office Supplies,Binders,Wilson Jones 3-Hole Punch
OFF-AP-10002057,Office Supplies,Appliances,Breville Coffee Grinder
TEC-AC-10004221,Technology,Accessories,Logitech Memory Card
TEC-AC-10001090,Technology,Accessories,Enermax Mouse
OFF-SU-10004087,Office Supplies,Supplies,Elite Scissors
OFF-SAN-10004824,Office Supplies,Art,Sanford Pencil Sharpener
FUR-CH-10000667,Furniture,Chairs,Novimex Chairmat
OFF-SU-10004299,Office Supplies,Supplies,Stiletto Trimmer
TEC-CO-10004306,Technology,Copiers,HP Copy Machine
TEC-CO-10001629,Technology,Copiers,Sharp Copy Machine
FUR-CH-10000110,Furniture,Chairs,Hon Bag Chairs
FUR-FU-10001078,Furniture,Furnishings,Advantus Clock
OFF-AP-10001947,Office Supplies,Appliances,Acco 6 Outlet Guardian Premium Plus Surge Suppressor
TEC-PH-10004080,Technology,Phones,Avaya 5410 Digital phone
OFF-STO-10002708,Office Supplies,Fasteners,Stockwell Thumb Tacks
OFF-EN-10003175,Office Supplies,Envelopes,Ames Manila Envelope
TEC-AC-10002601,Technology,Accessories,SanDisk Router
TEC-MA-10000811,Technology,Machines,Okidata Phone
OFF-SAN-10001345,Office Supplies,Art,Sanford Canvas
OFF-KRA-10000117,Office Supplies,Envelopes,Kraft Mailers
OFF-AR-10001482,Office Supplies,Art,Stanley Markers
FUR-CH-10002543,Furniture,Chairs,SAFCO Steel Folding Chair
TEC-HP -10004451,Technology,Copiers,HP Ink
OFF-BI-10002799,Office Supplies,Binders,Cardinal Binder Covers
OFF-FA-10000581,Office Supplies,Fasteners,Stockwell Thumb Tacks
OFF-PA-10003303,Office Supplies,Paper,Xerox Computer Printout Paper
FUR-BO-10000616,Furniture,Bookcases,Dania Corner Shelving
OFF-BI-10000029,Office Supplies,Binders,Ibico Binding Machine
OFF-ST-10002042,Office Supplies,Storage,Fellowes Folders
FUR-SAF-10003540,Furniture,Bookcases,Safco Floating Shelf Set
TEC-CIS-10001877,Technology,Phones,Cisco Office Telephone
FUR-BO-10003043,Furniture,Bookcases,Dania 3-Shelf Cabinet
TEC-AC-10001792,Technology,Accessories,Logitech Mouse
TEC-PH-10001924,Technology,Phones,iHome FM Clock Radio with Lightning Dock
OFF-EN-10004186,Office Supplies,Envelopes,Kraft Interoffice Envelope
OFF-BI-10002498,Office Supplies,Binders,Clear Mylar Reinforcing Strips
OFF-ENE-10004132,Office Supplies,Paper,Enermax Computer Printout Paper
FUR-BO-10002598,Furniture,Bookcases,Hon Metal Bookcases
FUR-FU-10003535,Furniture,Furnishings,Howard Miller Distant Time Traveler Alarm Clock
OFF-FA-10000670,Office Supplies,Fasteners,Advantus Clamps
OFF-AR-10001952,Office Supplies,Art,BIC Canvas
OFF-BI-10004869,Office Supplies,Binders,Avery 3-Hole Punch
OFF-PA-10004943,Office Supplies,Paper,Enermax Memo Slips
FUR-CH-10000171,Furniture,Chairs,SAFCO Steel Folding Chair
OFF-EN-10004667,Office Supplies,Envelopes,Kraft Interoffice Envelope
OFF-PA-10001818,Office Supplies,Paper,Green Bar Note Cards
OFF-BI-10002708,Office Supplies,Binders,Acco Binder
OFF-CAR-10002942,Office Supplies,Binders,Cardinal 3-Hole Punch
OFF-PA-10003805,Office Supplies,Paper,Eaton Note Cards
OFF-BI-10000006,Office Supplies,Binders,Ibico Binder
FUR-DAN-10001557,Furniture,Bookcases,Dania Floating Shelf Set
OFF-AR-10002605,Office Supplies,Art,Sanford Sketch Pad
OFF-ST-10003750,Office Supplies,Storage,Tenex Shelving
OFF-AR-10001965,Office Supplies,Art,BIC Markers
OFF-PA-10002618,Office Supplies,Paper,Eaton Memo Slips
FUR-DEF-10001359,Furniture,Furnishings,Deflect-O Frame
OFF-SU-10003428,Office Supplies,Supplies,Kleencut Box Cutter
TEC-AC-10004510,Technology,Accessories,Logitech Desktop MK120 Mouse and keyboard Combo
OFF-ST-10003760,Office Supplies,Storage,Eldon Trays
TEC-CO-10002817,Technology,Copiers,Sharp Fax and Copier
OFF-EN-10003231,Office Supplies,Envelopes,Jiffy Business Envelopes
OFF-SAN-10001634,Office Supplies,Art,Sanford Canvas
OFF-BI-10002881,Office Supplies,Binders,Wilson Jones Binding Machine
OFF-ST-10002423,Office Supplies,Storage,Smead Shelving
OFF-ST-10003835,Office Supplies,Storage,Rogers Folders
OFF-EN-10003286,Office Supplies,Envelopes,Staples
FUR-CH-10003282,Furniture,Chairs,SAFCO Bag Chairs
OFF-EN-10000025,Office Supplies,Envelopes,Cameo Interoffice Envelope
TEC-AC-10000111,Technology,Accessories,SanDisk Mouse
OFF-PA-10001653,Office Supplies,Paper,Green Bar Memo Slips
OFF-ST-10002463,Office Supplies,Storage,Eldon Trays
OFF-STA-10002719,Office Supplies,Art,Stanley Pencil Sharpener
TEC-AC-10004117,Technology,Accessories,Logitech Flash Drive
TEC-AC-10001600,Technology,Accessories,Belkin Numeric Keypad
FUR-HON-10002599,Furniture,Chairs,Hon Chairmat
OFF-KLE-10004673,Office Supplies,Supplies,Kleencut Box Cutter
OFF-ST-10004496,Office Supplies,Storage,Tenex Box
FUR-FU-10001371,Furniture,Furnishings,Deflect-O Stacking Tray
OFF-PA-10001294,Office Supplies,Paper,Enermax Cards & Envelopes
FUR-SAF-10002400,Furniture,Bookcases,Safco Corner Shelving
FUR-CH-10003248,Furniture,Chairs,SAFCO Bag Chairs
TEC-PH-10003931,Technology,Phones,JBL Micro Wireless Portable Bluetooth Speaker
TEC-MA-10003390,Technology,Machines,Okidata Printer
TEC-PH-10000381,Technology,Phones,Apple Signal Booster
OFF-SU-10002402,Office Supplies,Supplies,Stiletto Box Cutter
OFF-AR-10003582,Office Supplies,Art,BIC Pencil Sharpener
TEC-MA-10002135,Technology,Machines,Epson Printer
OFF-AP-10001847,Office Supplies,Appliances,Breville Toaster
OFF-FA-10003799,Office Supplies,Fasteners,Accos Clamps
OFF-STA-10004885,Office Supplies,Art,Stanley Sketch Pad
OFF-ST-10002399,Office Supplies,Storage,Tenex Folders
TEC-MA-10003486,Technology,Machines,StarTech Phone
OFF-FEL-10000998,Office Supplies,Storage,Fellowes Box
OFF-AP-10000490,Office Supplies,Appliances,Hamilton Beach Coffee Grinder
FUR-FU-10003694,Furniture,Furnishings,Rubbermaid Clock
OFF-ELI-10002337,Office Supplies,Supplies,Elite Box Cutter
OFF-ST-10002070,Office Supplies,Storage,Tenex Trays
OFF-PA-10000382,Office Supplies,Paper,SanDisk Computer Printout Paper
OFF-AP-10004248,Office Supplies,Appliances,Hoover Toaster
OFF-IBI-10003541,Office Supplies,Binders,Ibico Binding Machine
OFF-SU-10003582,Office Supplies,Supplies,Elite Scissors
OFF-AR-10002583,Office Supplies,Art,BIC Markers
OFF-PA-10003127,Office Supplies,Paper,Staples
OFF-SU-10004462,Office Supplies,Supplies,Stiletto Scissors
OFF-ACM-10001029,Office Supplies,Supplies,Acme Box Cutter
OFF-ST-10004800,Office Supplies,Storage,Eldon Folders
OFF-EN-10004580,Office Supplies,Envelopes,Cameo Interoffice Envelope
OFF-SU-10001512,Office Supplies,Supplies,Stiletto Shears
FUR-BO-10002853,Furniture,Bookcases,O'Sullivan 5-Shelf Heavy-Duty Bookcases
OFF-BI-10003022,Office Supplies,Binders,Cardinal 3-Hole Punch
FUR-FU-10004137,Furniture,Furnishings,Tenex Light Bulb
OFF-BI-10002289,Office Supplies,Binders,Ibico Binder
FUR-HON-10003593,Furniture,Chairs,Hon Steel Folding Chair
OFF-AR-10001850,Office Supplies,Art,Boston Sketch Pad
TEC-MA-10002195,Technology,Machines,Epson Receipt Printer
FUR-CH-10004441,Furniture,Chairs,SAFCO Bag Chairs
OFF-PA-10001019,Office Supplies,Paper,Xerox 1884
TEC-AC-10003861,Technology,Accessories,Enermax Keyboard
OFF-ST-10000220,Office Supplies,Storage,Rogers Shelving
TEC-AC-10001284,Technology,Accessories,Enermax Briskie RF Wireless Keyboard and Mouse Combo
OFF-ADV-10004598,Office Supplies,Fasteners,Advantus Paper Clips
OFF-ACC-10004692,Office Supplies,Binders,Acco 3-Hole Punch
OFF-EN-10000826,Office Supplies,Envelopes,GlobeWeis Manila Envelope
TEC-PH-10004655,Technology,Phones,Apple Speaker Phone
TEC-PH-10003078,Technology,Phones,Cisco Speaker Phone
TEC-PH-10001298,Technology,Phones,Motorola Office Telephone
OFF-BI-10004230,Office Supplies,Binders,GBC Recycled Grain Textured Covers
OFF-LA-10002630,Office Supplies,Labels,Novimex Legal Exhibit Labels
TEC-CO-10002538,Technology,Copiers,Brother Fax and Copier
FUR-FU-10004587,Furniture,Furnishings,GE General Use Halogen Bulbs
OFF-SU-10003137,Office Supplies,Supplies,Fiskars Letter Opener
OFF-EN-10004296,Office Supplies,Envelopes,GlobeWeis Mailers
OFF-EN-10002465,Office Supplies,Envelopes,Cameo Business Envelopes
OFF-AR-10001278,Office Supplies,Art,Binney & Smith Pens
OFF-ST-10004703,Office Supplies,Storage,Tenex Folders
TEC-AC-10003889,Technology,Accessories,Enermax Mouse
OFF-FA-10000746,Office Supplies,Fasteners,Advantus Thumb Tacks
OFF-PA-10001509,Office Supplies,Paper,"Recycled Desk Saver Line ""While You Were Out"" Book"
OFF-ELD-10002207,Office Supplies,Storage,Eldon Folders
OFF-EN-10003933,Office Supplies,Envelopes,Kraft Manila Envelope
FUR-FU-10003347,Furniture,Furnishings,Coloredge Poster Frame
OFF-FA-10003050,Office Supplies,Fasteners,Stockwell Paper Clips
OFF-ST-10001326,Office Supplies,Storage,Tenex Shelving
OFF-EN-10002757,Office Supplies,Envelopes,Ames Interoffice Envelope
FUR-HAR-10000334,Furniture,Chairs,Harbour Creations Swivel Stool
TEC-MA-10003625,Technology,Machines,Panasonic Inkjet
FUR-ADV-10001440,Furniture,Furnishings,Advantus Door Stop
OFF-BI-10001721,Office Supplies,Binders,Trimflex Flexible Post Binders
OFF-WIL-10002772,Office Supplies,Binders,Wilson Jones 3-Hole Punch
TEC-SAM-10001985,Technology,Phones,Samsung Headset
TEC-BEL-10000485,Technology,Accessories,Belkin Numeric Keypad
OFF-EN-10000940,Office Supplies,Envelopes,Ames Interoffice Envelope
OFF-ST-10003442,Office Supplies,Storage,Eldon Portable Mobile Manager
FUR-FU-10003384,Furniture,Furnishings,Advantus Photo Frame
OFF-BRE-10004933,Office Supplies,Appliances,Breville Toaster
OFF-SU-10000898,Office Supplies,Supplies,Acme Hot Forged Carbon Steel Scissors with Nickel-Plated Handles
TEC-AC-10000887,Technology,Accessories,Enermax Flash Drive
FUR-FU-10004093,Furniture,Furnishings,Hand-Finished Solid Wood Document Frame
TEC-SHA-10001103,Technology,Copiers,Sharp Copy Machine
OFF-ST-10003445,Office Supplies,Storage,Rogers Folders
TEC-MEM-10002524,Technology,Accessories,Memorex Mouse
FUR-HON-10004932,Furniture,Tables,Hon Conference Table
TEC-EPS-10003568,Technology,Machines,Epson Receipt Printer
TEC-PH-10002892,Technology,Phones,Nokia Speaker Phone
OFF-PA-10003301,Office Supplies,Paper,Green Bar Parchment Paper
FUR-FU-10000267,Furniture,Furnishings,Advantus Clock
FUR-CH-10002752,Furniture,Chairs,Harbour Creations Bag Chairs
FUR-SAU-10000209,Furniture,Bookcases,Sauder Corner Shelving
OFF-SU-10002521,Office Supplies,Supplies,Kleencut Box Cutter
FUR-BUS-10004121,Furniture,Bookcases,Bush 3-Shelf Cabinet
FUR-FU-10003214,Furniture,Furnishings,Eldon Stacking Tray
OFF-BI-10001400,Office Supplies,Binders,Cardinal 3-Hole Punch
FUR-BO-10000148,Furniture,Bookcases,Bush 3-Shelf Cabinet
OFF-KLE-10001644,Office Supplies,Supplies,Kleencut Trimmer
FUR-FU-10004598,Furniture,Furnishings,Deflect-O Stacking Tray
TEC-AC-10003023,Technology,Accessories,Logitech G105 Gaming Keyboard
OFF-ST-10000676,Office Supplies,Storage,Fellowes Econo/Stor Drawers
OFF-AR-10003448,Office Supplies,Art,Boston Markers
OFF-SU-10003592,Office Supplies,Supplies,Acme Ruler
OFF-AR-10000767,Office Supplies,Art,Binney & Smith Sketch Pad
OFF-ST-10001321,Office Supplies,Storage,Decoflex Hanging Personal Folder File
OFF-AP-10000528,Office Supplies,Appliances,Breville Blender
TEC-AC-10003454,Technology,Accessories,Enermax Memory Card
FUR-CH-10004309,Furniture,Chairs,SAFCO Steel Folding Chair
TEC-AC-10001032,Technology,Accessories,Enermax Numeric Keypad
OFF-AP-10001191,Office Supplies,Appliances,Hoover Blender
OFF-EN-10000968,Office Supplies,Envelopes,Kraft Mailers
OFF-BI-10001138,Office Supplies,Binders,Acco 3-Hole Punch
FUR-CH-10002045,Furniture,Chairs,SAFCO Bag Chairs
OFF-AR-10004602,Office Supplies,Art,Boston KS Multi-Size Manual Pencil Sharpener
OFF-SU-10003924,Office Supplies,Supplies,Elite Trimmer
TEC-PH-10000342,Technology,Phones,Samsung Office Telephone
OFF-SU-10001909,Office Supplies,Supplies,Fiskars Scissors
TEC-AC-10002942,Technology,Accessories,WD My Passport Ultra 1TB Portable External Hard Drive
OFF-EN-10000483,Office Supplies,Envelopes,White Envelopes
FUR-TA-10000849,Furniture,Tables,Bevis Rectangular Conference Tables
OFF-AR-10004022,Office Supplies,Art,Panasonic KP-380BK Classic Electric Pencil Sharpener
TEC-MOT-10004345,Technology,Phones,Motorola Office Telephone
TEC-AC-10001109,Technology,Accessories,Logitech Trackman Marble Mouse
OFF-PA-10001323,Office Supplies,Paper,Eaton Note Cards
FUR-TA-10001693,Furniture,Tables,Bevis Training Table
OFF-PA-10003449,Office Supplies,Paper,Green Bar Computer Printout Paper
TEC-PH-10001087,Technology,Phones,Apple Signal Booster
OFF-LA-10004112,Office Supplies,Labels,Hon Shipping Labels
OFF-AR-10002380,Office Supplies,Art,Boston Highlighters
OFF-SU-10001869,Office Supplies,Supplies,Stiletto Scissors
TEC-AC-10002543,Technology,Accessories,Enermax Mouse
TEC-PH-10002817,Technology,Phones,RCA ViSYS 25425RE1 Corded phone
OFF-JIF-10004747,Office Supplies,Envelopes,Jiffy Manila Envelope
TEC-AC-10001728,Technology,Accessories,SanDisk Flash Drive
OFF-ST-10000934,Office Supplies,Storage,"Contico 72""H Heavy-Duty Storage System"
OFF-FA-10001724,Office Supplies,Fasteners,Advantus Paper Clips
TEC-AC-10004939,Technology,Accessories,Memorex Mouse
OFF-BI-10004986,Office Supplies,Binders,Ibico 3-Hole Punch
OFF-BRE-10000157,Office Supplies,Appliances,Breville Toaster
TEC-AC-10004249,Technology,Accessories,Logitech Flash Drive
FUR-FU-10002459,Furniture,Furnishings,Rubbermaid Door Stop
FUR-FU-10003874,Furniture,Furnishings,Advantus Door Stop
TEC-AC-10000394,Technology,Accessories,Belkin Numeric Keypad
TEC-AC-10001950,Technology,Accessories,Belkin Flash Drive
OFF-SU-10002543,Office Supplies,Supplies,Stiletto Scissors
OFF-BIN-10000170,Office Supplies,Art,Binney & Smith Pencil Sharpener
OFF-AP-10002239,Office Supplies,Appliances,Hoover Toaster
OFF-AR-10000316,Office Supplies,Art,Stanley Pens
TEC-AC-10002221,Technology,Accessories,Memorex Mouse
FUR-FU-10001045,Furniture,Furnishings,Eldon Photo Frame
OFF-ST-10004116,Office Supplies,Storage,Fellowes Shelving
OFF-ST-10001051,Office Supplies,Storage,Eldon Shelving
TEC-PH-10003796,Technology,Phones,Apple Headset
OFF-SU-10003259,Office Supplies,Supplies,Elite Trimmer
TEC-PH-10001555,Technology,Phones,Motorola Signal Booster
OFF-PA-10003511,Office Supplies,Paper,Green Bar Memo Slips
TEC-AC-10002568,Technology,Accessories,Enermax Numeric Keypad
OFF-BI-10000335,Office Supplies,Binders,Cardinal 3-Hole Punch
OFF-SU-10004480,Office Supplies,Supplies,Fiskars Box Cutter
OFF-AR-10002665,Office Supplies,Art,Binney & Smith Markers
OFF-PA-10001370,Office Supplies,Paper,SanDisk Parchment Paper
TEC-AC-10001664,Technology,Accessories,SanDisk Keyboard
OFF-SU-10001573,Office Supplies,Supplies,Kleencut Shears
OFF-STI-10001743,Office Supplies,Supplies,Stiletto Scissors
OFF-PA-10003906,Office Supplies,Paper,Eaton Memo Slips
OFF-SU-10001080,Office Supplies,Supplies,Acme Letter Opener
OFF-BI-10000880,Office Supplies,Binders,Wilson Jones Binder
OFF-AR-10000989,Office Supplies,Art,Binney & Smith Canvas
OFF-TEN-10000360,Office Supplies,Storage,Tenex Folders
OFF-IBI-10003191,Office Supplies,Binders,Ibico 3-Hole Punch
FUR-TA-10000115,Furniture,Tables,Barricks Coffee Table
TEC-AC-10000332,Technology,Accessories,Logitech Keyboard
OFF-AR-10000251,Office Supplies,Art,Stanley Markers
FUR-HON-10001015,Furniture,Tables,Hon Training Table
OFF-PA-10001178,Office Supplies,Paper,Enermax Note Cards
OFF-EN-10003271,Office Supplies,Envelopes,Ames Peel and Seal
OFF-FA-10002247,Office Supplies,Fasteners,Stockwell Rubber Bands
FUR-BO-10001254,Furniture,Bookcases,Dania 3-Shelf Cabinet
OFF-AP-10002892,Office Supplies,Appliances,Belkin F5C206VTEL 6 Outlet Surge
FUR-BO-10003383,Furniture,Bookcases,Safco Floating Shelf Set
FUR-CH-10004151,Furniture,Chairs,Harbour Creations Steel Folding Chair
FUR-CH-10002228,Furniture,Chairs,Harbour Creations Steel Folding Chair
TEC-PH-10003182,Technology,Phones,Cisco Office Telephone
FUR-FU-10004619,Furniture,Furnishings,Tenex Stacking Tray
OFF-PA-10004468,Office Supplies,Paper,SanDisk Note Cards
OFF-TEN-10000894,Office Supplies,Storage,Tenex Folders
FUR-HON-10001776,Furniture,Chairs,Hon Bag Chairs
OFF-ST-10002632,Office Supplies,Storage,Smead Shelving
TEC-SAM-10003891,Technology,Phones,Samsung Headset
TEC-AC-10004429,Technology,Accessories,Enermax Keyboard
OFF-FA-10002286,Office Supplies,Fasteners,OIC Push Pins
OFF-PA-10004815,Office Supplies,Paper,Xerox Note Cards
OFF-ST-10003243,Office Supplies,Storage,Fellowes Folders
OFF-BOS-10001348,Office Supplies,Art,Boston Pencil Sharpener
FUR-BO-10001721,Furniture,Bookcases,Bush Corner Shelving
FUR-FU-10003986,Furniture,Furnishings,Rubbermaid Door Stop
OFF-BI-10004685,Office Supplies,Binders,Acco Binder
TEC-CAN-10002337,Technology,Copiers,Canon Ink
OFF-SAN-10003393,Office Supplies,Paper,SanDisk Cards & Envelopes
TEC-HEW-10001558,Technology,Copiers,Hewlett Personal Copier
OFF-AR-10001043,Office Supplies,Art,BIC Pens
FUR-FU-10000885,Furniture,Furnishings,Eldon Light Bulb
OFF-AR-10003829,Office Supplies,Art,Stanley Markers
OFF-LA-10003278,Office Supplies,Labels,Novimex Shipping Labels
OFF-AR-10003012,Office Supplies,Art,Sanford Markers
TEC-MEM-10000582,Technology,Accessories,Memorex Flash Drive
OFF-PA-10001795,Office Supplies,Paper,Green Bar Message Books
FUR-FU-10001185,Furniture,Furnishings,Advantus Employee of the Month Certificate Frame
OFF-ST-10003017,Office Supplies,Storage,Tenex Box
FUR-FU-10004422,Furniture,Furnishings,Advantus Photo Frame
OFF-STI-10000305,Office Supplies,Supplies,Stiletto Shears
TEC-PH-10000788,Technology,Phones,Cisco Office Telephone
TEC-MA-10002538,Technology,Machines,Okidata Phone
FUR-FU-10000850,Furniture,Furnishings,Rubbermaid Clock
OFF-EN-10002784,Office Supplies,Envelopes,Cameo Manila Envelope
OFF-SU-10002445,Office Supplies,Supplies,Fiskars Trimmer
OFF-AR-10003117,Office Supplies,Art,BIC Pencil Sharpener
OFF-HOO-10002752,Office Supplies,Appliances,Hoover Refrigerator
OFF-FA-10003818,Office Supplies,Fasteners,Stockwell Staples
FUR-CH-10000920,Furniture,Chairs,Novimex Executive Leather Armchair
FUR-TEN-10003923,Furniture,Furnishings,Tenex Door Stop
OFF-PA-10002473,Office Supplies,Paper,SanDisk Note Cards
OFF-PA-10004185,Office Supplies,Paper,SanDisk Message Books
TEC-PH-10001198,Technology,Phones,Avaya 4621SW VoIP phone
OFF-PA-10001722,Office Supplies,Paper,SanDisk Message Books
FUR-TEN-10003648,Furniture,Furnishings,Tenex Stacking Tray
OFF-AR-10003914,Office Supplies,Art,Stanley Canvas
OFF-ST-10001476,Office Supplies,Storage,Steel Personal Filing/Posting Tote
OFF-BOS-10001772,Office Supplies,Art,Boston Markers
OFF-ST-10000836,Office Supplies,Storage,Tenex Trays
OFF-PA-10000273,Office Supplies,Paper,SanDisk Cards & Envelopes
TEC-AC-10000264,Technology,Accessories,Memorex Memory Card
OFF-SU-10002775,Office Supplies,Supplies,Fiskars Box Cutter
OFF-EN-10004970,Office Supplies,Envelopes,GlobeWeis Peel and Seal
FUR-FU-10002007,Furniture,Furnishings,Rubbermaid Stacking Tray
FUR-FU-10002648,Furniture,Furnishings,Rubbermaid Stacking Tray
OFF-ST-10003123,Office Supplies,Storage,Fellowes Bases and Tops For Staxonsteel/High-Stak Systems
FUR-BO-10002268,Furniture,Bookcases,Sauder Barrister Bookcases
FUR-FU-10004090,Furniture,Furnishings,"Executive Impressions 14"" Contract Wall Clock"
OFF-LA-10002762,Office Supplies,Labels,Avery 485
FUR-FU-10003326,Furniture,Furnishings,Eldon Photo Frame
TEC-AC-10004539,Technology,Accessories,Logitech Flash Drive
TEC-AC-10000991,Technology,Accessories,Sony Micro Vault Click 8 GB USB 2.0 Flash Drive
OFF-AR-10000660,Office Supplies,Art,Boston Canvas
OFF-AP-10001492,Office Supplies,Appliances,Acco Six-Outlet Power Strip
TEC-AC-10001364,Technology,Accessories,Logitech Numeric Keypad
OFF-AP-10001723,Office Supplies,Appliances,Hoover Blender
FUR-CH-10002273,Furniture,Chairs,Harbour Creations Rocking Chair
OFF-SU-10001125,Office Supplies,Supplies,Stiletto Letter Opener
TEC-PH-10003153,Technology,Phones,Samsung Signal Booster
FUR-FU-10003609,Furniture,Furnishings,Rubbermaid Frame
TEC-MA-10000843,Technology,Machines,Konica Phone
OFF-AR-10000799,Office Supplies,Art,Sanford Highlighters
FUR-CH-10003621,Furniture,Chairs,Harbour Creations Chairmat
TEC-AC-10004379,Technology,Accessories,Memorex Flash Drive
OFF-FA-10001237,Office Supplies,Fasteners,Stockwell Push Pins
FUR-BO-10004135,Furniture,Bookcases,Ikea Stackable Bookrack
OFF-AR-10000980,Office Supplies,Art,Sanford Pencil Sharpener
OFF-PA-10004501,Office Supplies,Paper,SanDisk Memo Slips
OFF-EN-10003413,Office Supplies,Envelopes,Jiffy Interoffice Envelope
OFF-BI-10000315,Office Supplies,Binders,Poly Designer Cover & Back
FUR-FU-10003039,Furniture,Furnishings,"Howard Miller 11-1/2"" Diameter Grantwood Wall Clock"
FUR-FU-10000913,Furniture,Furnishings,Rubbermaid Door Stop
OFF-STI-10004202,Office Supplies,Supplies,Stiletto Scissors
OFF-AR-10002991,Office Supplies,Art,Binney & Smith Markers
OFF-AR-10002156,Office Supplies,Art,Stanley Highlighters
OFF-AME-10001179,Office Supplies,Envelopes,Ames Mailers
OFF-PA-10003390,Office Supplies,Paper,Enermax Computer Printout Paper
FUR-FU-10004006,Furniture,Furnishings,Deflect-o DuraMat Lighweight
TEC-AC-10001197,Technology,Accessories,Logitech Memory Card
FUR-HAR-10002546,Furniture,Chairs,Harbour Creations Chairmat
OFF-BI-10002727,Office Supplies,Binders,Wilson Jones Binding Machine
OFF-LA-10000793,Office Supplies,Labels,Harbour Creations Removable Labels
FUR-BO-10001918,Furniture,Bookcases,Sauder Forest Hills Library with Doors
OFF-SU-10000087,Office Supplies,Supplies,Stiletto Ruler
TEC-LOG-10001750,Technology,Accessories,Logitech Mouse
FUR-FU-10001322,Furniture,Furnishings,Deflect-O Clock
OFF-SU-10003118,Office Supplies,Supplies,Acme Shears
FUR-FU-10004181,Furniture,Furnishings,Rubbermaid Photo Frame
OFF-PA-10002966,Office Supplies,Paper,SanDisk Cards & Envelopes
OFF-AP-10003491,Office Supplies,Appliances,Hoover Coffee Grinder
OFF-BI-10001989,Office Supplies,Binders,Premium Transparent Presentation Covers by GBC
TEC-MA-10004116,Technology,Machines,StarTech Inkjet
FUR-FU-10001473,Furniture,Furnishings,DAX Wood Document Frame
FUR-FU-10000918,Furniture,Furnishings,Deflect-O Photo Frame
OFF-AP-10004499,Office Supplies,Appliances,Cuisinart Stove
OFF-SU-10003474,Office Supplies,Supplies,Elite Box Cutter
TEC-SAM-10003538,Technology,Phones,Samsung Speaker Phone
FUR-FU-10003237,Furniture,Furnishings,Eldon Stacking Tray
OFF-FA-10001010,Office Supplies,Fasteners,Stockwell Clamps
FUR-NOV-10003053,Furniture,Chairs,Novimex Bag Chairs
OFF-BI-10004080,Office Supplies,Binders,Wilson Jones 3-Hole Punch
OFF-AP-10000977,Office Supplies,Appliances,Breville Blender
TEC-AC-10003824,Technology,Accessories,Logitech Numeric Keypad
TEC-MA-10002368,Technology,Machines,Panasonic Receipt Printer
TEC-PH-10003405,Technology,Phones,Apple Office Telephone
FUR-FU-10003325,Furniture,Furnishings,Tenex Door Stop
TEC-BEL-10001189,Technology,Accessories,Belkin Router
OFF-EN-10003770,Office Supplies,Envelopes,Kraft Manila Envelope
OFF-PA-10000752,Office Supplies,Paper,Xerox Note Cards
OFF-FEL-10002158,Office Supplies,Storage,Fellowes Folders
OFF-BI-10002329,Office Supplies,Binders,Avery 3-Hole Punch
OFF-SU-10000375,Office Supplies,Supplies,Kleencut Box Cutter
OFF-PA-10000850,Office Supplies,Paper,SanDisk Parchment Paper
OFF-EN-10000645,Office Supplies,Envelopes,Ames Mailers
OFF-EN-10000871,Office Supplies,Envelopes,Ames Interoffice Envelope
FUR-FU-10001717,Furniture,Furnishings,Rubbermaid Stacking Tray
OFF-AR-10003046,Office Supplies,Art,Sanford Sketch Pad
FUR-IKE-10002509,Furniture,Bookcases,Ikea 3-Shelf Cabinet
TEC-AC-10001904,Technology,Accessories,Logitech Mouse
OFF-PA-10000474,Office Supplies,Paper,Staples
OFF-AP-10002223,Office Supplies,Appliances,Cuisinart Coffee Grinder
OFF-AR-10000307,Office Supplies,Art,Binney & Smith Markers
FUR-LES-10000904,Furniture,Tables,Lesro Training Table
OFF-EN-10002710,Office Supplies,Envelopes,GlobeWeis Interoffice Envelope
OFF-EN-10003508,Office Supplies,Envelopes,GlobeWeis Peel and Seal
OFF-CUI-10003665,Office Supplies,Appliances,Cuisinart Blender
FUR-FU-10000714,Furniture,Furnishings,Tenex Light Bulb
OFF-EN-10002066,Office Supplies,Envelopes,Kraft Interoffice Envelope
OFF-AME-10000851,Office Supplies,Envelopes,Ames Mailers
TEC-AC-10001688,Technology,Accessories,Enermax Keyboard
FUR-FU-10003069,Furniture,Furnishings,Deflect-O Photo Frame
OFF-CAR-10000202,Office Supplies,Binders,Cardinal Binding Machine
FUR-FU-10001424,Furniture,Furnishings,Eldon Photo Frame
OFF-ST-10002791,Office Supplies,Storage,Tenex Shelving
OFF-BIN-10002407,Office Supplies,Art,Binney & Smith Highlighters
OFF-AR-10000465,Office Supplies,Art,Sanford Markers
OFF-KIT-10000964,Office Supplies,Appliances,KitchenAid Coffee Grinder
OFF-EN-10002671,Office Supplies,Envelopes,GlobeWeis Interoffice Envelope
OFF-CUI-10001302,Office Supplies,Appliances,Cuisinart Blender
TEC-AC-10003343,Technology,Accessories,Logitech Flash Drive
OFF-SU-10002962,Office Supplies,Supplies,Acme Scissors
OFF-BI-10001384,Office Supplies,Binders,Cardinal Binder
OFF-HAM-10003872,Office Supplies,Appliances,Hamilton Beach Blender
OFF-AP-10002577,Office Supplies,Appliances,Hamilton Beach Coffee Grinder
FUR-FU-10003855,Furniture,Furnishings,Rubbermaid Clock
TEC-STA-10001407,Technology,Machines,StarTech Phone
OFF-BI-10001597,Office Supplies,Binders,Wilson Jones Ledger-Size
OFF-BI-10001765,Office Supplies,Binders,Wilson Jones Heavy-Duty Casebound Ring Binders with Metal Hinges
TEC-APP-10001732,Technology,Phones,Apple Headset
OFF-EN-10001476,Office Supplies,Envelopes,Ames Interoffice Envelope
FUR-CH-10002291,Furniture,Chairs,Hon Bag Chairs
OFF-AR-10002067,Office Supplies,Art,Newell 334
TEC-PH-10003793,Technology,Phones,Nokia Office Telephone
TEC-PH-10000785,Technology,Phones,Apple Speaker Phone
OFF-AR-10000502,Office Supplies,Art,BIC Highlighters
OFF-EN-10002581,Office Supplies,Envelopes,GlobeWeis Peel and Seal
OFF-ROG-10001818,Office Supplies,Storage,Rogers Folders
TEC-CIS-10003103,Technology,Phones,Cisco Office Telephone
OFF-SU-10001233,Office Supplies,Supplies,Stiletto Trimmer
OFF-FA-10004813,Office Supplies,Fasteners,Stockwell Rubber Bands
OFF-AP-10004882,Office Supplies,Appliances,Hamilton Beach Microwave
OFF-BI-10001510,Office Supplies,Binders,Deluxe Heavy-Duty Vinyl Round Ring Binder
OFF-FA-10004931,Office Supplies,Fasteners,OIC Clamps
TEC-AC-10001407,Technology,Accessories,Belkin Mouse
FUR-BO-10000214,Furniture,Bookcases,Ikea Library with Doors
OFF-PA-10004313,Office Supplies,Paper,Green Bar Computer Printout Paper
OFF-PA-10000961,Office Supplies,Paper,Green Bar Parchment Paper
OFF-XER-10002256,Office Supplies,Paper,Xerox Note Cards
OFF-WIL-10000777,Office Supplies,Binders,Wilson Jones 3-Hole Punch
TEC-PH-10004100,Technology,Phones,Griffin GC17055 Auxiliary Audio Cable
FUR-ADV-10002601,Furniture,Furnishings,Advantus Photo Frame
OFF-PA-10001662,Office Supplies,Paper,Green Bar Note Cards
TEC-AC-10003280,Technology,Accessories,Belkin F8E887 USB Wired Ergonomic Keyboard
OFF-BI-10000827,Office Supplies,Binders,Acco Binder
OFF-AVE-10002102,Office Supplies,Binders,Avery 3-Hole Punch
OFF-SU-10004794,Office Supplies,Supplies,Stiletto Shears
FUR-FU-10000758,Furniture,Furnishings,DAX Natural Wood-Tone Poster Frame
OFF-PA-10003133,Office Supplies,Paper,Eaton Cards & Envelopes
OFF-BI-10002517,Office Supplies,Binders,Ibico Binder
OFF-GRE-10001084,Office Supplies,Paper,Green Bar Cards & Envelopes
OFF-EN-10003361,Office Supplies,Envelopes,GlobeWeis Manila Envelope
OFF-SU-10000102,Office Supplies,Supplies,Stiletto Box Cutter
OFF-SU-10003085,Office Supplies,Supplies,Stiletto Ruler
OFF-LA-10000195,Office Supplies,Labels,Novimex File Folder Labels
OFF-AP-10000285,Office Supplies,Appliances,Breville Microwave
FUR-FU-10004049,Furniture,Furnishings,Eldon Light Bulb
TEC-AC-10004306,Technology,Accessories,Belkin Keyboard
FUR-BO-10003894,Furniture,Bookcases,Safco Value Mate Steel Bookcase
OFF-SU-10003162,Office Supplies,Supplies,Acme Letter Opener
OFF-SU-10001421,Office Supplies,Supplies,Acme Shears
FUR-BO-10003112,Furniture,Bookcases,Sauder Floating Shelf Set
OFF-EN-10002674,Office Supplies,Envelopes,Cameo Interoffice Envelope
OFF-SAN-10004339,Office Supplies,Art,Sanford Highlighters
OFF-ROG-10001549,Office Supplies,Storage,Rogers Shelving
FUR-FU-10000629,Furniture,Furnishings,9-3/4 Diameter Round Wall Clock
OFF-EN-10004597,Office Supplies,Envelopes,GlobeWeis Peel and Seal
OFF-AR-10002672,Office Supplies,Art,Boston Highlighters
TEC-CO-10001450,Technology,Copiers,Canon Personal Copier
OFF-ACM-10002816,Office Supplies,Supplies,Acme Letter Opener
FUR-CH-10002053,Furniture,Chairs,Novimex Chairmat
FUR-DAN-10001875,Furniture,Bookcases,Dania Floating Shelf Set
OFF-PA-10001950,Office Supplies,Paper,Southworth 25% Cotton Antique Laid Paper & Envelopes
OFF-BOS-10000477,Office Supplies,Art,Boston Canvas
OFF-AP-10000818,Office Supplies,Appliances,Hoover Blender
FUR-DEF-10000384,Furniture,Furnishings,Deflect-O Door Stop
TEC-SAN-10000060,Technology,Accessories,SanDisk Mouse
FUR-FU-10002304,Furniture,Furnishings,Tenex Photo Frame
TEC-PH-10003800,Technology,Phones,i.Sound Portable Power - 8000 mAh
FUR-SAF-10003160,Furniture,Chairs,SAFCO Rocking Chair
OFF-EN-10000114,Office Supplies,Envelopes,Kraft Clasp Envelope
FUR-CH-10003508,Furniture,Chairs,Novimex Swivel Stool
OFF-PA-10001348,Office Supplies,Paper,Eaton Note Cards
TEC-SAM-10004384,Technology,Phones,Samsung Office Telephone
FUR-CH-10000336,Furniture,Chairs,SAFCO Chairmat
OFF-BI-10001253,Office Supplies,Binders,Acco Binder Covers
OFF-AR-10000603,Office Supplies,Art,Boston Highlighters
TEC-PH-10001754,Technology,Phones,Cisco Office Telephone
FUR-FU-10004464,Furniture,Furnishings,Deflect-O Clock
OFF-BIC-10003654,Office Supplies,Art,BIC Pens
FUR-BO-10001619,Furniture,Bookcases,O'Sullivan Cherrywood Estates Traditional Bookcase
OFF-ST-10000615,Office Supplies,Storage,SimpliFile Personal File
TEC-MA-10001527,Technology,Machines,Panasonic Calculator
OFF-BI-10003372,Office Supplies,Binders,Ibico Binding Machine
TEC-SAM-10001013,Technology,Phones,Samsung Audio Dock
OFF-BI-10002277,Office Supplies,Binders,Wilson Jones 3-Hole Punch
OFF-ST-10003692,Office Supplies,Storage,Recycled Steel Personal File for Hanging File Folders
OFF-EN-10003448,Office Supplies,Envelopes,Cameo Clasp Envelope
FUR-TEN-10000558,Furniture,Furnishings,Tenex Frame
OFF-PA-10000081,Office Supplies,Paper,SanDisk Computer Printout Paper
TEC-CAN-10000030,Technology,Copiers,Canon Fax Machine
FUR-CH-10000996,Furniture,Chairs,Harbour Creations Steel Folding Chair
FUR-FU-10002168,Furniture,Furnishings,Eldon Photo Frame
FUR-FU-10003577,Furniture,Furnishings,Nu-Dell Leatherette Frames
OFF-SU-10002189,Office Supplies,Supplies,Fiskars Shears
OFF-SU-10000782,Office Supplies,Supplies,Fiskars Shears
OFF-BI-10001096,Office Supplies,Binders,Ibico Binder Covers
TEC-MEM-10002280,Technology,Accessories,Memorex Flash Drive
FUR-CH-10000677,Furniture,Chairs,Hon Steel Folding Chair
FUR-CH-10002297,Furniture,Chairs,Novimex Bag Chairs
OFF-AP-10003431,Office Supplies,Appliances,Hamilton Beach Toaster
OFF-GRE-10004054,Office Supplies,Paper,Green Bar Memo Slips
OFF-ST-10001954,Office Supplies,Storage,Rogers Shelving
OFF-FA-10004424,Office Supplies,Fasteners,Advantus Clamps
TEC-AC-10002323,Technology,Accessories,SanDisk Ultra 32 GB MicroSDHC Class 10 Memory Card
OFF-LA-10004370,Office Supplies,Labels,Novimex File Folder Labels
OFF-ST-10001558,Office Supplies,Storage,Acco Perma 4000 Stacking Storage Drawers
OFF-FA-10002360,Office Supplies,Fasteners,Advantus Staples
TEC-PH-10000011,Technology,Phones,PureGear Roll-On Screen Protector
FUR-DEF-10001763,Furniture,Furnishings,Deflect-O Door Stop
OFF-SU-10001515,Office Supplies,Supplies,Kleencut Box Cutter
OFF-ST-10003990,Office Supplies,Storage,Smead Folders
FUR-FU-10002335,Furniture,Furnishings,Rubbermaid Light Bulb
OFF-PA-10002534,Office Supplies,Paper,Green Bar Memo Slips
TEC-MA-10003589,Technology,Machines,Cisco 8961 IP Phone Charcoal
OFF-ST-10001534,Office Supplies,Storage,Smead Folders
OFF-EN-10003177,Office Supplies,Envelopes,Kraft Interoffice Envelope
OFF-EN-10000139,Office Supplies,Envelopes,Ames Manila Envelope
OFF-FIS-10004882,Office Supplies,Supplies,Fiskars Shears
OFF-BI-10002424,Office Supplies,Binders,Avery Binder
OFF-AR-10001535,Office Supplies,Art,Binney & Smith Sketch Pad
TEC-PH-10002695,Technology,Phones,Samsung Headset
OFF-BI-10001575,Office Supplies,Binders,GBC Linen Binding Covers
TEC-HP -10002221,Technology,Copiers,HP Ink
OFF-PA-10000300,Office Supplies,Paper,Green Bar Cards & Envelopes
OFF-AR-10004219,Office Supplies,Art,Sanford Pencil Sharpener
OFF-SU-10002357,Office Supplies,Supplies,Kleencut Trimmer
OFF-SU-10002344,Office Supplies,Supplies,Stiletto Box Cutter
OFF-SU-10004872,Office Supplies,Supplies,Elite Letter Opener
OFF-EN-10004493,Office Supplies,Envelopes,GlobeWeis Manila Envelope
FUR-OFF-10003703,Furniture,Chairs,Office Star Chairmat
FUR-FU-10000481,Furniture,Furnishings,Rubbermaid Clock
FUR-HAR-10003548,Furniture,Chairs,Harbour Creations Bag Chairs
OFF-BI-10004654,Office Supplies,Binders,Ibico 3-Hole Punch
TEC-KON-10001017,Technology,Machines,Konica Receipt Printer
FUR-FU-10002223,Furniture,Furnishings,Deflect-O Stacking Tray
FUR-FU-10001774,Furniture,Furnishings,Eldon Door Stop
OFF-PA-10004069,Office Supplies,Paper,SanDisk Parchment Paper
TEC-AC-10000633,Technology,Accessories,Enermax Memory Card
OFF-BIN-10000561,Office Supplies,Art,Binney & Smith Highlighters
OFF-AR-10001823,Office Supplies,Art,BIC Highlighters
OFF-LA-10000276,Office Supplies,Labels,Smead File Folder Labels
OFF-BI-10000620,Office Supplies,Binders,Wilson Jones Index Tab
OFF-PA-10000383,Office Supplies,Paper,Green Bar Note Cards
OFF-HON-10000934,Office Supplies,Labels,Hon Legal Exhibit Labels
OFF-STO-10000347,Office Supplies,Fasteners,Stockwell Clamps
OFF-EN-10004742,Office Supplies,Envelopes,Kraft Interoffice Envelope
OFF-ST-10000496,Office Supplies,Storage,Tenex Folders
OFF-SU-10001770,Office Supplies,Supplies,Acme Scissors
OFF-FEL-10000070,Office Supplies,Storage,Fellowes Box
OFF-PA-10004990,Office Supplies,Paper,Xerox Note Cards
OFF-PA-10001236,Office Supplies,Paper,Enermax Message Books
OFF-BI-10001312,Office Supplies,Binders,Cardinal 3-Hole Punch
FUR-FU-10002253,Furniture,Furnishings,"Howard Miller 13"" Diameter Pewter Finish Round Wall Clock"
OFF-HAM-10002455,Office Supplies,Appliances,Hamilton Beach Toaster
TEC-PH-10001137,Technology,Phones,Samsung Speaker Phone
OFF-SU-10003966,Office Supplies,Supplies,Kleencut Trimmer
OFF-AVE-10004251,Office Supplies,Binders,Avery Binding Machine
OFF-AP-10004665,Office Supplies,Appliances,Hamilton Beach Coffee Grinder
FUR-FU-10003976,Furniture,Furnishings,DAX Executive Solid Wood Document Frame
FUR-SAF-10002121,Furniture,Chairs,SAFCO Rocking Chair
TEC-MEM-10002919,Technology,Accessories,Memorex Flash Drive
OFF-GLO-10000014,Office Supplies,Envelopes,GlobeWeis Manila Envelope
OFF-AR-10001044,Office Supplies,Art,BOSTON Ranger #55 Pencil Sharpener
OFF-SU-10001074,Office Supplies,Supplies,Fiskars Letter Opener
OFF-AR-10003446,Office Supplies,Art,BIC Highlighters
OFF-KLE-10002550,Office Supplies,Supplies,Kleencut Scissors
OFF-EN-10004977,Office Supplies,Envelopes,Jiffy Manila Envelope
OFF-AR-10000851,Office Supplies,Art,Sanford Sketch Pad
OFF-EN-10001434,Office Supplies,Envelopes,Strathmore #10 Envelopes
FUR-NOV-10004962,Furniture,Chairs,Novimex Bag Chairs
OFF-ST-10002460,Office Supplies,Storage,Rogers Shelving
OFF-PA-10001994,Office Supplies,Paper,Ink Jet Note and Greeting Cards
OFF-AME-10002376,Office Supplies,Envelopes,Ames Manila Envelope
OFF-PA-10003475,Office Supplies,Paper,Enermax Note Cards
OFF-SU-10003545,Office Supplies,Supplies,Fiskars Box Cutter
OFF-AR-10002727,Office Supplies,Art,Stanley Pencil Sharpener
TEC-PH-10003982,Technology,Phones,Cisco Speaker Phone
OFF-FA-10001698,Office Supplies,Fasteners,Stockwell Clamps
FUR-NOV-10003257,Furniture,Chairs,Novimex Chairmat
OFF-ST-10000020,Office Supplies,Storage,Fellowes Folders
FUR-CH-10000727,Furniture,Chairs,Office Star Chairmat
OFF-AR-10002111,Office Supplies,Art,Sanford Highlighters
FUR-CH-10003448,Furniture,Chairs,Harbour Creations Bag Chairs
TEC-CO-10002567,Technology,Copiers,Hewlett Fax and Copier
OFF-AVE-10004512,Office Supplies,Binders,Avery Hole Reinforcements
OFF-EN-10001453,Office Supplies,Envelopes,Tyvek Interoffice Envelopes
OFF-SAN-10004232,Office Supplies,Art,Sanford Markers
OFF-PA-10002073,Office Supplies,Paper,Green Bar Parchment Paper
FUR-FU-10000502,Furniture,Furnishings,Deflect-O Clock
OFF-AP-10002229,Office Supplies,Appliances,KitchenAid Coffee Grinder
OFF-ST-10000563,Office Supplies,Storage,Fellowes Bankers Box Stor/Drawer Steel Plus
OFF-GLO-10000016,Office Supplies,Envelopes,GlobeWeis Interoffice Envelope
OFF-AR-10002747,Office Supplies,Art,Boston Canvas
FUR-BO-10000468,Furniture,Bookcases,O'Sullivan 2-Shelf Heavy-Duty Bookcases
TEC-PH-10004071,Technology,Phones,PayAnywhere Card Reader
OFF-AR-10001578,Office Supplies,Art,Sanford Pencil Sharpener
TEC-AC-10000710,Technology,Accessories,Maxell DVD-RAM Discs
OFF-BI-10000563,Office Supplies,Binders,Acco Hole Reinforcements
TEC-AC-10002324,Technology,Accessories,Enermax Numeric Keypad
OFF-LA-10001672,Office Supplies,Labels,Avery Legal Exhibit Labels
FUR-TEN-10003050,Furniture,Furnishings,Tenex Photo Frame
OFF-PA-10000317,Office Supplies,Paper,Xerox Computer Printout Paper
OFF-AR-10003005,Office Supplies,Art,Boston Markers
OFF-FA-10000856,Office Supplies,Fasteners,Stockwell Thumb Tacks
OFF-ST-10002386,Office Supplies,Storage,Fellowes Shelving
TEC-MA-10004820,Technology,Machines,Okidata Card Printer
FUR-OFF-10001661,Furniture,Chairs,Office Star Chairmat
TEC-AC-10002217,Technology,Accessories,Imation Clip USB flash drive - 8 GB
OFF-ST-10004035,Office Supplies,Storage,Rogers Box
OFF-AR-10003217,Office Supplies,Art,Sanford Highlighters
TEC-MA-10001016,Technology,Machines,Canon PC170 Desktop Personal Copier
TEC-NOK-10003560,Technology,Phones,Nokia Headset
OFF-PA-10002725,Office Supplies,Paper,Eaton Cards & Envelopes
FUR-BEV-10002193,Furniture,Tables,Bevis Round Table
FUR-TA-10002582,Furniture,Tables,Barricks Coffee Table
OFF-AP-10000344,Office Supplies,Appliances,Hoover Toaster
OFF-AP-10004466,Office Supplies,Appliances,Cuisinart Toaster
TEC-PH-10000100,Technology,Phones,Motorola Office Telephone
FUR-FU-10000076,Furniture,Furnishings,24-Hour Round Wall Clock
OFF-ST-10004412,Office Supplies,Storage,Smead Shelving
OFF-AR-10000703,Office Supplies,Art,BIC Pens
FUR-CH-10003336,Furniture,Chairs,SAFCO Chairmat
FUR-CH-10002435,Furniture,Chairs,Novimex Executive Leather Armchair
TEC-AC-10004864,Technology,Accessories,Memorex Micro Travel Drive 32 GB
TEC-HP -10004971,Technology,Copiers,HP Wireless Fax
OFF-AR-10000539,Office Supplies,Art,Boston Markers
FUR-FU-10003553,Furniture,Furnishings,"Howard Miller 13-1/2"" Diameter Rosebrook Wall Clock"
TEC-PH-10001552,Technology,Phones,I Need's 3d Hello Kitty Hybrid Silicone Case Cover for HTC One X 4g with 3d Hello Kitty Stylus Pen Green/pink
FUR-IKE-10003771,Furniture,Bookcases,Ikea Corner Shelving
OFF-ST-10001335,Office Supplies,Storage,Rogers File Cart
FUR-FU-10001756,Furniture,Furnishings,Eldon Expressions Desk Accessory
FUR-CH-10004969,Furniture,Chairs,Office Star Bag Chairs
OFF-BI-10004200,Office Supplies,Binders,Ibico Binding Machine
FUR-FU-10004960,Furniture,Furnishings,Deflect-O Photo Frame
OFF-ST-10003204,Office Supplies,Storage,Tenex Trays
OFF-ST-10003807,Office Supplies,Storage,Eldon Folders
OFF-EAT-10000820,Office Supplies,Paper,Eaton Message Books
OFF-EN-10001993,Office Supplies,Envelopes,GlobeWeis Manila Envelope
FUR-SAF-10001949,Furniture,Chairs,SAFCO Bag Chairs
OFF-SU-10002566,Office Supplies,Supplies,Stiletto Trimmer
FUR-FU-10002004,Furniture,Furnishings,Tenex Stacking Tray
TEC-CIS-10002565,Technology,Phones,Cisco Speaker Phone
OFF-EN-10004759,Office Supplies,Envelopes,Cameo Interoffice Envelope
OFF-PA-10000951,Office Supplies,Paper,Enermax Note Cards
OFF-ELD-10002279,Office Supplies,Storage,Eldon Shelving
OFF-KRA-10002126,Office Supplies,Envelopes,Kraft Business Envelopes
OFF-PA-10003656,Office Supplies,Paper,Xerox 1935
OFF-SU-10002900,Office Supplies,Supplies,Kleencut Trimmer
TEC-SHA-10001413,Technology,Copiers,Sharp Personal Copier
OFF-AP-10004978,Office Supplies,Appliances,KitchenAid Coffee Grinder
OFF-PA-10003790,Office Supplies,Paper,Xerox 1991
OFF-CAM-10001177,Office Supplies,Envelopes,Cameo Manila Envelope
FUR-SAF-10001322,Furniture,Bookcases,Safco Stackable Bookrack
OFF-FEL-10001796,Office Supplies,Storage,Fellowes Trays
OFF-ADV-10002299,Office Supplies,Fasteners,Advantus Rubber Bands
TEC-HP -10002307,Technology,Copiers,HP Fax and Copier
OFF-ST-10003056,Office Supplies,Storage,Tenex Folders
OFF-SU-10003559,Office Supplies,Supplies,Kleencut Ruler
OFF-SU-10001657,Office Supplies,Supplies,Acme Box Cutter
FUR-FU-10002055,Furniture,Furnishings,Eldon Light Bulb
OFF-AR-10003228,Office Supplies,Art,Stanley Sketch Pad
TEC-AC-10000642,Technology,Accessories,Logitech Flash Drive
OFF-LA-10003498,Office Supplies,Labels,Avery 475
TEC-AC-10000241,Technology,Accessories,Enermax Numeric Keypad
FUR-TA-10001192,Furniture,Tables,Hon Training Table
OFF-EN-10001327,Office Supplies,Envelopes,Cameo Interoffice Envelope
TEC-AC-10000494,Technology,Accessories,Logitech Numeric Keypad
FUR-SAU-10003188,Furniture,Bookcases,Sauder Stackable Bookrack
OFF-EN-10001533,Office Supplies,Envelopes,Kraft Mailers
OFF-ST-10003184,Office Supplies,Storage,Eldon Trays
OFF-LA-10002068,Office Supplies,Labels,Smead Removable Labels
OFF-SU-10002451,Office Supplies,Supplies,Elite Letter Opener
OFF-FA-10001330,Office Supplies,Fasteners,OIC Rubber Bands
OFF-FA-10004878,Office Supplies,Fasteners,Stockwell Clamps
OFF-GRE-10002738,Office Supplies,Paper,Green Bar Cards & Envelopes
OFF-BI-10003899,Office Supplies,Binders,Avery 3-Hole Punch
OFF-SU-10001968,Office Supplies,Supplies,Acme Scissors
TEC-MA-10004954,Technology,Machines,StarTech Calculator
OFF-FA-10002639,Office Supplies,Fasteners,Advantus Staples
FUR-CH-10000089,Furniture,Chairs,Hon Rocking Chair
OFF-FA-10001621,Office Supplies,Fasteners,OIC Rubber Bands
FUR-HON-10003080,Furniture,Tables,Hon Computer Table
OFF-LA-10000334,Office Supplies,Labels,Hon Shipping Labels
OFF-FA-10000260,Office Supplies,Fasteners,Stockwell Push Pins
OFF-ST-10000287,Office Supplies,Storage,Rogers Box
OFF-EN-10003134,Office Supplies,Envelopes,Staples
OFF-SU-10002544,Office Supplies,Supplies,Kleencut Box Cutter
OFF-PA-10003651,Office Supplies,Paper,Xerox 1968
OFF-GLO-10002982,Office Supplies,Envelopes,GlobeWeis Mailers
OFF-SAN-10000931,Office Supplies,Paper,SanDisk Message Books
OFF-EN-10001733,Office Supplies,Envelopes,Cameo Interoffice Envelope
TEC-HP -10001905,Technology,Copiers,HP Personal Copier
OFF-ELI-10002935,Office Supplies,Supplies,Elite Shears
TEC-AC-10004951,Technology,Accessories,Memorex Mouse
OFF-CAM-10003933,Office Supplies,Envelopes,Cameo Business Envelopes
FUR-FU-10002848,Furniture,Furnishings,Advantus Stacking Tray
TEC-EPS-10001341,Technology,Machines,Epson Calculator
TEC-AC-10004652,Technology,Accessories,Belkin Mouse
OFF-BI-10003585,Office Supplies,Binders,Acco 3-Hole Punch
OFF-PA-10002219,Office Supplies,Paper,SanDisk Parchment Paper
OFF-AP-10002082,Office Supplies,Appliances,Holmes HEPA Air Purifier
FUR-FU-10004903,Furniture,Furnishings,Eldon Light Bulb
TEC-AC-10002389,Technology,Accessories,Enermax Mouse
OFF-SU-10003834,Office Supplies,Supplies,Stiletto Shears
OFF-FA-10003186,Office Supplies,Fasteners,Accos Push Pins
OFF-AR-10003890,Office Supplies,Art,Binney & Smith Pens
OFF-PA-10000249,Office Supplies,Paper,Staples
FUR-HAR-10003770,Furniture,Chairs,Harbour Creations Steel Folding Chair
OFF-BOS-10003160,Office Supplies,Art,Boston Markers
OFF-FA-10002719,Office Supplies,Fasteners,OIC Rubber Bands
TEC-PH-10000004,Technology,Phones,Cisco Headset
OFF-FA-10002156,Office Supplies,Fasteners,Advantus Push Pins
OFF-AR-10001195,Office Supplies,Art,Stanley Canvas
OFF-AP-10001891,Office Supplies,Appliances,Cuisinart Coffee Grinder
OFF-SU-10000320,Office Supplies,Supplies,Fiskars Shears
OFF-ST-10001562,Office Supplies,Storage,Fellowes Box
OFF-AR-10003291,Office Supplies,Art,BIC Canvas
OFF-EN-10002096,Office Supplies,Envelopes,GlobeWeis Mailers
FUR-FU-10002703,Furniture,Furnishings,Tenex Traditional Chairmats for Hard Floors
OFF-STA-10000247,Office Supplies,Art,Stanley Canvas
OFF-ST-10000028,Office Supplies,Storage,Rogers Shelving
TEC-STA-10001487,Technology,Machines,StarTech Calculator
OFF-PA-10000565,Office Supplies,Paper,Staples
OFF-BI-10000329,Office Supplies,Binders,Acco Binder
OFF-SU-10004198,Office Supplies,Supplies,Kleencut Scissors
OFF-AP-10004532,Office Supplies,Appliances,Kensington 6 Outlet Guardian Standard Surge Protector
OFF-KLE-10001794,Office Supplies,Supplies,Kleencut Box Cutter
TEC-CO-10002083,Technology,Copiers,HP Fax and Copier
FUR-FU-10002157,Furniture,Furnishings,Artistic Insta-Plaque
FUR-RUB-10001704,Furniture,Furnishings,Rubbermaid Frame
OFF-SU-10002448,Office Supplies,Supplies,Stiletto Trimmer
OFF-BI-10001002,Office Supplies,Binders,Avery Binder Covers
TEC-MA-10003856,Technology,Machines,Okidata Calculator
FUR-CH-10000414,Furniture,Chairs,Novimex Chairmat
OFF-ST-10002800,Office Supplies,Storage,Tenex Folders
OFF-FA-10000471,Office Supplies,Fasteners,Accos Paper Clips
OFF-EN-10004958,Office Supplies,Envelopes,Cameo Manila Envelope
FUR-FU-10000521,Furniture,Furnishings,"Seth Thomas 14"" Putty-Colored Wall Clock"
OFF-PA-10004470,Office Supplies,Paper,Green Bar Cards & Envelopes
TEC-MA-10002039,Technology,Machines,Panasonic Calculator
OFF-EN-10004793,Office Supplies,Envelopes,Ames Interoffice Envelope
TEC-AC-10002545,Technology,Accessories,Logitech Router
OFF-SU-10002983,Office Supplies,Supplies,Acme Trimmer
OFF-EN-10002048,Office Supplies,Envelopes,Ames Manila Envelope
OFF-BI-10000312,Office Supplies,Binders,Cardinal Binder Covers
OFF-BI-10001248,Office Supplies,Binders,Avery Binder
OFF-BI-10003708,Office Supplies,Binders,Cardinal Binder
OFF-SU-10001173,Office Supplies,Supplies,Stiletto Trimmer
FUR-FU-10000193,Furniture,Furnishings,Tenex Chairmats For Use with Hard Floors
TEC-MA-10002193,Technology,Machines,Panasonic Card Printer
OFF-FA-10003730,Office Supplies,Fasteners,Stockwell Thumb Tacks
OFF-EN-10001771,Office Supplies,Envelopes,Kraft Mailers
OFF-PA-10002522,Office Supplies,Paper,Green Bar Note Cards
FUR-BO-10003174,Furniture,Bookcases,Dania Floating Shelf Set
OFF-PA-10004849,Office Supplies,Paper,Xerox Computer Printout Paper
OFF-SU-10002732,Office Supplies,Supplies,Acme Box Cutter
FUR-SAU-10002167,Furniture,Bookcases,Sauder 3-Shelf Cabinet
OFF-AP-10000055,Office Supplies,Appliances,Belkin F9S820V06 8 Outlet Surge
TEC-OKI-10001433,Technology,Machines,Okidata Calculator
FUR-CH-10004010,Furniture,Chairs,SAFCO Bag Chairs
TEC-PH-10002121,Technology,Phones,Apple Headset
OFF-SU-10001368,Office Supplies,Supplies,Fiskars Ruler
TEC-MA-10002029,Technology,Machines,StarTech Receipt Printer
OFF-IBI-10002637,Office Supplies,Binders,Ibico Binding Machine
TEC-MEM-10001409,Technology,Accessories,Memorex Keyboard
FUR-FU-10000110,Furniture,Furnishings,Deflect-O Door Stop
FUR-FU-10002665,Furniture,Furnishings,Advantus Light Bulb
OFF-AR-10001659,Office Supplies,Art,Boston Markers
OFF-BOS-10000557,Office Supplies,Art,Boston Pens
FUR-FU-10003798,Furniture,Furnishings,Ultra Door Kickplate
OFF-PA-10002109,Office Supplies,Paper,SanDisk Message Books
OFF-PA-10000127,Office Supplies,Paper,SanDisk Parchment Paper
OFF-SU-10003019,Office Supplies,Supplies,Acme Letter Opener
TEC-MA-10001825,Technology,Machines,Epson Calculator
FUR-SAF-10002557,Furniture,Chairs,SAFCO Steel Folding Chair
TEC-BEL-10003311,Technology,Accessories,Belkin Keyboard
OFF-SU-10003130,Office Supplies,Supplies,Acme Trimmer
OFF-SU-10004818,Office Supplies,Supplies,Stiletto Trimmer
TEC-MA-10004897,Technology,Machines,StarTech Calculator
FUR-FU-10000488,Furniture,Furnishings,Rubbermaid Light Bulb
OFF-EN-10000761,Office Supplies,Envelopes,Jiffy Peel and Seal
OFF-PA-10004160,Office Supplies,Paper,SanDisk Note Cards
OFF-SU-10001586,Office Supplies,Supplies,Kleencut Trimmer
OFF-EN-10000271,Office Supplies,Envelopes,Kraft Peel and Seal
FUR-FU-10002017,Furniture,Furnishings,Rubbermaid Door Stop
OFF-PA-10004842,Office Supplies,Paper,SanDisk Message Books
FUR-FU-10004018,Furniture,Furnishings,Tensor Computer Mounted Lamp
OFF-EN-10000061,Office Supplies,Envelopes,Cameo Business Envelopes
OFF-SU-10000650,Office Supplies,Supplies,Acme Shears
OFF-PA-10002971,Office Supplies,Paper,Eaton Memo Slips
OFF-PA-10001142,Office Supplies,Paper,Green Bar Note Cards
OFF-AR-10000404,Office Supplies,Art,Stanley Pencil Sharpener
OFF-CAR-10004408,Office Supplies,Binders,Cardinal 3-Hole Punch
FUR-TEN-10002448,Furniture,Furnishings,Tenex Stacking Tray
OFF-AP-10001882,Office Supplies,Appliances,Breville Coffee Grinder
TEC-PH-10002699,Technology,Phones,Cisco Signal Booster
FUR-FU-10000702,Furniture,Furnishings,Tenex Frame
OFF-STI-10002519,Office Supplies,Supplies,Stiletto Trimmer
OFF-ACM-10003715,Office Supplies,Supplies,Acme Shears
OFF-AP-10000806,Office Supplies,Appliances,KitchenAid Coffee Grinder
OFF-PA-10000070,Office Supplies,Paper,Eaton Computer Printout Paper
FUR-FU-10003658,Furniture,Furnishings,Tenex Light Bulb
OFF-EN-10001882,Office Supplies,Envelopes,Jiffy Manila Envelope
TEC-BRO-10000381,Technology,Copiers,Brother Fax and Copier
OFF-EN-10000274,Office Supplies,Envelopes,Kraft Business Envelopes
OFF-SU-10003540,Office Supplies,Supplies,Acme Shears
OFF-FA-10000179,Office Supplies,Fasteners,Advantus Paper Clips
OFF-ST-10003088,Office Supplies,Storage,Fellowes Box
OFF-AR-10000658,Office Supplies,Art,Newell 324
OFF-LA-10004430,Office Supplies,Labels,Avery Shipping Labels
OFF-ACM-10002045,Office Supplies,Supplies,Acme Shears
FUR-CH-10004338,Furniture,Chairs,Hon Bag Chairs
OFF-ST-10002967,Office Supplies,Storage,Rogers Folders
OFF-BI-10003952,Office Supplies,Binders,Acco Binding Machine
OFF-BI-10004053,Office Supplies,Binders,Cardinal Binder Covers
OFF-SU-10004077,Office Supplies,Supplies,Acme Letter Opener
OFF-AP-10001885,Office Supplies,Appliances,Hamilton Beach Coffee Grinder
OFF-PA-10002477,Office Supplies,Paper,Enermax Message Books
OFF-SU-10004461,Office Supplies,Supplies,Stiletto Box Cutter
OFF-SU-10004279,Office Supplies,Supplies,Kleencut Shears
OFF-BI-10000440,Office Supplies,Binders,Acco Index Tab
OFF-SME-10002823,Office Supplies,Storage,Smead Trays
OFF-STI-10000144,Office Supplies,Supplies,Stiletto Box Cutter
FUR-CH-10001616,Furniture,Chairs,Harbour Creations Bag Chairs
OFF-AP-10004825,Office Supplies,Appliances,Cuisinart Toaster
OFF-LA-10002575,Office Supplies,Labels,Smead Legal Exhibit Labels
TEC-SAN-10002954,Technology,Accessories,SanDisk Memory Card
FUR-BO-10002574,Furniture,Bookcases,Bush Corner Shelving
OFF-AR-10002036,Office Supplies,Art,Binney & Smith Pencil Sharpener
OFF-AR-10004651,Office Supplies,Art,Boston Pens
OFF-AP-10004749,Office Supplies,Appliances,Cuisinart Coffee Grinder
FUR-FU-10000686,Furniture,Furnishings,Rubbermaid Door Stop
TEC-MA-10002413,Technology,Machines,Panasonic Card Printer
OFF-FA-10003638,Office Supplies,Fasteners,Stockwell Clamps
OFF-ST-10004631,Office Supplies,Storage,Rogers Trays
TEC-PAN-10004360,Technology,Machines,Panasonic Calculator
OFF-EN-10001940,Office Supplies,Envelopes,Cameo Peel and Seal
OFF-BIN-10000837,Office Supplies,Art,Binney & Smith Markers
TEC-AC-10000263,Technology,Accessories,Belkin Mouse
OFF-ST-10000880,Office Supplies,Storage,Rogers Box
OFF-FA-10001892,Office Supplies,Fasteners,Advantus Clamps
OFF-KLE-10004112,Office Supplies,Supplies,Kleencut Trimmer
OFF-AR-10002382,Office Supplies,Art,Binney & Smith Pencil Sharpener
OFF-ST-10000636,Office Supplies,Storage,Rogers Profile Extra Capacity Storage Tub
OFF-EN-10003465,Office Supplies,Envelopes,Cameo Peel and Seal
OFF-AR-10003384,Office Supplies,Art,Boston Pens
TEC-PH-10000931,Technology,Phones,Motorola Speaker Phone
OFF-ST-10003305,Office Supplies,Storage,Rogers Box
OFF-FIS-10001591,Office Supplies,Supplies,Fiskars Trimmer
TEC-AC-10000158,Technology,Accessories,Sony 64GB Class 10 Micro SDHC R40 Memory Card
FUR-HON-10000029,Furniture,Chairs,Hon Bag Chairs
OFF-AR-10003536,Office Supplies,Art,Stanley Pencil Sharpener
OFF-KRA-10000916,Office Supplies,Envelopes,Kraft Interoffice Envelope
FUR-TA-10003510,Furniture,Tables,Hon Computer Table
OFF-BI-10004903,Office Supplies,Binders,Ibico Hole Reinforcements
OFF-PA-10004854,Office Supplies,Paper,Green Bar Cards & Envelopes
OFF-SU-10003537,Office Supplies,Supplies,Kleencut Scissors
OFF-AR-10001386,Office Supplies,Art,Sanford Sketch Pad
OFF-SU-10002161,Office Supplies,Supplies,Elite Ruler
OFF-SU-10000866,Office Supplies,Supplies,Elite Trimmer
OFF-AR-10001958,Office Supplies,Art,Stanley Bostitch Contemporary Electric Pencil Sharpeners
OFF-EAT-10000652,Office Supplies,Paper,Eaton Computer Printout Paper
OFF-SU-10001892,Office Supplies,Supplies,Elite Box Cutter
OFF-AR-10002389,Office Supplies,Art,Binney & Smith Pens
OFF-STA-10001112,Office Supplies,Art,Stanley Markers
TEC-PH-10004636,Technology,Phones,Nokia Audio Dock
OFF-AP-10003971,Office Supplies,Appliances,Hoover Toaster
TEC-PH-10000149,Technology,Phones,Cisco SPA525G2 IP Phone - Wireless
OFF-IBI-10000080,Office Supplies,Binders,Ibico Binder
OFF-STA-10001636,Office Supplies,Art,Stanley Markers
OFF-PA-10000562,Office Supplies,Paper,Enermax Message Books
OFF-AR-10004990,Office Supplies,Art,Boston Highlighters
TEC-MA-10004295,Technology,Machines,Panasonic Phone
OFF-ST-10004794,Office Supplies,Storage,Rogers Shelving
OFF-PA-10004016,Office Supplies,Paper,SanDisk Memo Slips
OFF-BI-10003440,Office Supplies,Binders,Avery Binder Covers
OFF-PA-10004054,Office Supplies,Paper,Green Bar Computer Printout Paper
OFF-EN-10004491,Office Supplies,Envelopes,Cameo Manila Envelope
OFF-AR-10000729,Office Supplies,Art,Stanley Highlighters
OFF-AP-10003007,Office Supplies,Appliances,Breville Toaster
TEC-AC-10002399,Technology,Accessories,SanDisk Cruzer 32 GB USB Flash Drive
TEC-MA-10004521,Technology,Machines,Epson Perfection V600 Photo Scanner
OFF-BI-10001524,Office Supplies,Binders,GBC Premium Transparent Covers with Diagonal Lined Pattern
OFF-AR-10001061,Office Supplies,Art,Stanley Sketch Pad
FUR-FU-10004015,Furniture,Furnishings,Tenex Clock
OFF-SU-10002785,Office Supplies,Supplies,Fiskars Trimmer
OFF-AR-10003758,Office Supplies,Art,Binney & Smith Canvas
FUR-BO-10002592,Furniture,Bookcases,Safco Stackable Bookrack
FUR-RUB-10003518,Furniture,Furnishings,Rubbermaid Door Stop
FUR-FU-10002122,Furniture,Furnishings,Rubbermaid Frame
OFF-FEL-10003785,Office Supplies,Storage,Fellowes Shelving
OFF-AR-10001678,Office Supplies,Art,Binney & Smith Sketch Pad
TEC-HP -10004082,Technology,Copiers,HP Fax and Copier
OFF-AP-10000023,Office Supplies,Appliances,Breville Toaster
TEC-MA-10004303,Technology,Machines,Panasonic Receipt Printer
FUR-TA-10003637,Furniture,Tables,Lesro Coffee Table
TEC-AC-10001075,Technology,Accessories,Belkin Keyboard
OFF-LA-10002806,Office Supplies,Labels,Novimex Shipping Labels
FUR-TA-10003079,Furniture,Tables,Hon Training Table
OFF-EN-10000714,Office Supplies,Envelopes,Ames Mailers
FUR-FU-10000905,Furniture,Furnishings,Eldon Door Stop
OFF-AP-10003473,Office Supplies,Appliances,Hoover Coffee Grinder
FUR-BO-10004917,Furniture,Bookcases,Dania Stackable Bookrack
TEC-AC-10000462,Technology,Accessories,Logitech Keyboard
TEC-MOT-10002372,Technology,Phones,Motorola Speaker Phone
OFF-SU-10001886,Office Supplies,Supplies,Acme Box Cutter
OFF-SAN-10002639,Office Supplies,Art,Sanford Markers
TEC-MA-10003998,Technology,Machines,Epson Card Printer
OFF-BI-10003982,Office Supplies,Binders,Wilson Jones Century Plastic Molded Ring Binders
OFF-AR-10000067,Office Supplies,Art,Boston Pencil Sharpener
OFF-FA-10001702,Office Supplies,Fasteners,Advantus Push Pins
OFF-ST-10001580,Office Supplies,Storage,Super Decoflex Portable Personal File
OFF-LA-10002523,Office Supplies,Labels,Smead Removable Labels
FUR-BO-10000712,Furniture,Bookcases,Bush Corner Shelving
OFF-FA-10004258,Office Supplies,Fasteners,OIC Thumb Tacks
FUR-FU-10003339,Furniture,Furnishings,Tenex Clock
OFF-BIN-10003023,Office Supplies,Art,Binney & Smith Sketch Pad
FUR-FU-10001775,Furniture,Furnishings,Deflect-O Stacking Tray
OFF-AR-10002240,Office Supplies,Art,Panasonic KP-150 Electric Pencil Sharpener
OFF-SU-10000283,Office Supplies,Supplies,Stiletto Letter Opener
OFF-ST-10002182,Office Supplies,Storage,Iris 3-Drawer Stacking Bin
OFF-EAT-10002068,Office Supplies,Paper,Eaton Note Cards
TEC-APP-10002310,Technology,Phones,Apple Office Telephone
OFF-EN-10001997,Office Supplies,Envelopes,GlobeWeis Business Envelopes
OFF-BI-10003460,Office Supplies,Binders,Acco 3-Hole Punch
FUR-FU-10003826,Furniture,Furnishings,Eldon Door Stop
OFF-ACC-10002343,Office Supplies,Binders,Acco 3-Hole Punch
OFF-FA-10002264,Office Supplies,Fasteners,Advantus Rubber Bands
OFF-AR-10000120,Office Supplies,Art,BIC Canvas
OFF-BI-10001196,Office Supplies,Binders,Avery Flip-Chart Easel Binder
OFF-PA-10000157,Office Supplies,Paper,Xerox 191
TEC-AC-10002331,Technology,Accessories,Maxell 74 Minute CDR
FUR-FU-10000907,Furniture,Furnishings,Eldon Clock
TEC-PH-10000497,Technology,Phones,Nokia Office Telephone
OFF-AP-10001130,Office Supplies,Appliances,Breville Toaster
OFF-PA-10002394,Office Supplies,Paper,Eaton Computer Printout Paper
OFF-PA-10000947,Office Supplies,Paper,Eaton Memo Slips
FUR-FU-10001090,Furniture,Furnishings,Advantus Stacking Tray
OFF-AR-10000724,Office Supplies,Art,Boston Pens
TEC-NOK-10000002,Technology,Phones,Nokia Headset
OFF-SU-10004663,Office Supplies,Supplies,Kleencut Letter Opener
OFF-PA-10004034,Office Supplies,Paper,Green Bar Parchment Paper
FUR-FU-10004955,Furniture,Furnishings,Tenex Door Stop
TEC-APP-10004464,Technology,Phones,Apple Signal Booster
OFF-PA-10001835,Office Supplies,Paper,SanDisk Computer Printout Paper
OFF-AR-10000467,Office Supplies,Art,Sanford Markers
TEC-MA-10004822,Technology,Machines,Epson Calculator
TEC-SAM-10002682,Technology,Phones,Samsung Headset
TEC-LOG-10003539,Technology,Accessories,Logitech Mouse
OFF-AR-10001622,Office Supplies,Art,BIC Markers
OFF-EN-10000606,Office Supplies,Envelopes,Jiffy Peel and Seal
OFF-AR-10003685,Office Supplies,Art,Stanley Canvas
FUR-FU-10003112,Furniture,Furnishings,Tenex Frame
OFF-AR-10004920,Office Supplies,Art,Boston Canvas
FUR-CH-10004576,Furniture,Chairs,Hon Bag Chairs
OFF-AP-10002933,Office Supplies,Appliances,Hoover Blender
OFF-HON-10001706,Office Supplies,Labels,Hon Legal Exhibit Labels
OFF-KLE-10000296,Office Supplies,Supplies,Kleencut Letter Opener
OFF-SU-10000085,Office Supplies,Supplies,Kleencut Trimmer
FUR-TA-10003273,Furniture,Tables,Lesro Training Table
FUR-FU-10002598,Furniture,Furnishings,Tenex Photo Frame
OFF-EN-10001136,Office Supplies,Envelopes,Kraft Interoffice Envelope
OFF-AVE-10002892,Office Supplies,Binders,Avery 3-Hole Punch
OFF-SU-10000192,Office Supplies,Supplies,Elite Trimmer
OFF-LA-10002020,Office Supplies,Labels,Novimex Color Coded Labels
FUR-FU-10001317,Furniture,Furnishings,Eldon Photo Frame
OFF-SU-10002214,Office Supplies,Supplies,Kleencut Letter Opener
OFF-AR-10000054,Office Supplies,Art,Sanford Pencil Sharpener
OFF-GRE-10003316,Office Supplies,Paper,Green Bar Parchment Paper
OFF-KLE-10003497,Office Supplies,Supplies,Kleencut Box Cutter
OFF-PA-10002396,Office Supplies,Paper,Eaton Memo Slips
FUR-HAR-10002223,Furniture,Chairs,Harbour Creations Chairmat
FUR-RUB-10002507,Furniture,Furnishings,Rubbermaid Stacking Tray
TEC-AC-10000575,Technology,Accessories,Logitech Keyboard
OFF-ST-10001598,Office Supplies,Storage,Fellowes Box
TEC-MEM-10002883,Technology,Accessories,Memorex Memory Card
OFF-SU-10001132,Office Supplies,Supplies,Fiskars Trimmer
FUR-FU-10001135,Furniture,Furnishings,Eldon Door Stop
OFF-SU-10004446,Office Supplies,Supplies,Acme Ruler
OFF-SU-10003098,Office Supplies,Supplies,Kleencut Scissors
OFF-AR-10002852,Office Supplies,Art,Stanley Pens
OFF-AR-10001446,Office Supplies,Art,Newell 309
OFF-AP-10001067,Office Supplies,Appliances,Hoover Blender
OFF-PA-10000756,Office Supplies,Paper,Enermax Computer Printout Paper
FUR-FU-10003540,Furniture,Furnishings,Deflect-O Stacking Tray
OFF-PA-10004421,Office Supplies,Paper,Enermax Memo Slips
OFF-EN-10000215,Office Supplies,Envelopes,Jiffy Interoffice Envelope
OFF-EN-10004057,Office Supplies,Envelopes,Jiffy Manila Envelope
OFF-LA-10004848,Office Supplies,Labels,Avery Legal Exhibit Labels
OFF-AR-10002116,Office Supplies,Art,BIC Pens
OFF-ST-10003996,Office Supplies,Storage,Letter/Legal File Tote with Clear Snap-On Lid
OFF-SAN-10001094,Office Supplies,Paper,SanDisk Memo Slips
OFF-AR-10002115,Office Supplies,Art,Boston Canvas
TEC-PH-10002493,Technology,Phones,Nokia Signal Booster
OFF-PA-10001850,Office Supplies,Paper,Eaton Note Cards
OFF-PA-10004498,Office Supplies,Paper,Enermax Memo Slips
OFF-BI-10004179,Office Supplies,Binders,Avery 3-Hole Punch
FUR-FU-10002930,Furniture,Furnishings,Eldon Door Stop
TEC-NOK-10001844,Technology,Phones,Nokia Office Telephone
OFF-ACM-10001587,Office Supplies,Supplies,Acme Box Cutter
FUR-DEF-10002865,Furniture,Furnishings,Deflect-O Light Bulb
FUR-FU-10001471,Furniture,Furnishings,Eldon Door Stop
TEC-PAN-10004651,Technology,Machines,Panasonic Phone
TEC-MA-10003315,Technology,Machines,Panasonic Card Printer
OFF-TEN-10003127,Office Supplies,Storage,Tenex Box
OFF-PA-10003129,Office Supplies,Paper,Tops White Computer Printout Paper
OFF-EN-10000031,Office Supplies,Envelopes,Ames Peel and Seal
OFF-AR-10000655,Office Supplies,Art,Stanley Sketch Pad
OFF-AP-10003040,Office Supplies,Appliances,Fellowes 8 Outlet Superior Workstation Surge Protector w/o Phone/Fax/Modem Protection
OFF-BIC-10002722,Office Supplies,Art,BIC Pens
OFF-BI-10001067,Office Supplies,Binders,Avery Binder
OFF-LA-10001158,Office Supplies,Labels,Avery Address/Shipping Labels for Typewriters
FUR-SAF-10004426,Furniture,Bookcases,Safco 3-Shelf Cabinet
OFF-HON-10000172,Office Supplies,Labels,Hon File Folder Labels
OFF-EN-10003529,Office Supplies,Envelopes,Ames Peel and Seal
OFF-BI-10001254,Office Supplies,Binders,Avery Binding Machine
FUR-DEF-10004555,Furniture,Furnishings,Deflect-O Frame
OFF-ST-10000327,Office Supplies,Storage,Smead Folders
OFF-SU-10001592,Office Supplies,Supplies,Kleencut Letter Opener
OFF-BI-10003342,Office Supplies,Binders,Cardinal Binder
TEC-MA-10003796,Technology,Machines,Konica Calculator
OFF-EN-10004418,Office Supplies,Envelopes,GlobeWeis Clasp Envelope
OFF-EN-10000623,Office Supplies,Envelopes,Ames Manila Envelope
OFF-AR-10003620,Office Supplies,Art,Boston Pencil Sharpener
FUR-RUB-10000958,Furniture,Furnishings,Rubbermaid Light Bulb
TEC-KON-10000005,Technology,Machines,Konica Phone
OFF-PA-10003156,Office Supplies,Paper,Xerox Message Books
TEC-AC-10004620,Technology,Accessories,Belkin Flash Drive
OFF-PA-10004335,Office Supplies,Paper,Green Bar Computer Printout Paper
FUR-TEN-10001349,Furniture,Furnishings,Tenex Frame
OFF-EN-10001939,Office Supplies,Envelopes,Kraft Manila Envelope
OFF-EN-10003392,Office Supplies,Envelopes,Kraft Peel and Seal
FUR-CH-10004007,Furniture,Chairs,SAFCO Steel Folding Chair
OFF-ACM-10004587,Office Supplies,Supplies,Acme Scissors
TEC-MA-10002165,Technology,Machines,Konica Card Printer
TEC-CO-10000243,Technology,Copiers,Canon Fax and Copier
OFF-ST-10000542,Office Supplies,Storage,Fellowes Folders
OFF-PA-10004480,Office Supplies,Paper,Eaton Cards & Envelopes
TEC-PAN-10000878,Technology,Machines,Panasonic Phone
OFF-ST-10001066,Office Supplies,Storage,Tenex Box
TEC-AC-10004016,Technology,Accessories,Memorex Flash Drive
OFF-SU-10002466,Office Supplies,Supplies,Elite Shears
OFF-ST-10002670,Office Supplies,Storage,Smead Folders
OFF-PA-10003350,Office Supplies,Paper,Eaton Message Books
OFF-PA-10003797,Office Supplies,Paper,Xerox 209
OFF-AR-10003096,Office Supplies,Art,Binney & Smith Sketch Pad
OFF-AR-10004303,Office Supplies,Art,Stanley Markers
OFF-FA-10002597,Office Supplies,Fasteners,OIC Clamps
OFF-KIT-10000717,Office Supplies,Appliances,KitchenAid Toaster
OFF-STO-10004779,Office Supplies,Fasteners,Stockwell Push Pins
OFF-ST-10001228,Office Supplies,Storage,Fellowes Personal Hanging Folder Files
OFF-AR-10000491,Office Supplies,Art,Binney & Smith Pens
OFF-ST-10000948,Office Supplies,Storage,Fellowes Box
OFF-AR-10002956,Office Supplies,Art,Boston 16801 Nautilus Battery Pencil Sharpener
OFF-ST-10002289,Office Supplies,Storage,Safco Wire Cube Shelving System
OFF-AR-10001132,Office Supplies,Art,BIC Markers
TEC-AC-10003407,Technology,Accessories,Memorex Mouse
TEC-AC-10001974,Technology,Accessories,Logitech Memory Card
FUR-FU-10001098,Furniture,Furnishings,Deflect-O Door Stop
FUR-FU-10000072,Furniture,Furnishings,Advantus Light Bulb
TEC-AC-10001266,Technology,Accessories,Memorex Micro Travel Drive 8 GB
TEC-CO-10004928,Technology,Copiers,Brother Copy Machine
OFF-AR-10002640,Office Supplies,Art,Boston Pens
TEC-OKI-10003655,Technology,Machines,Okidata Calculator
TEC-NOK-10004183,Technology,Phones,Nokia Office Telephone
OFF-SU-10004711,Office Supplies,Supplies,Acme Trimmer
OFF-EN-10004150,Office Supplies,Envelopes,GlobeWeis Business Envelopes
OFF-FA-10001783,Office Supplies,Fasteners,Stockwell Rubber Bands
OFF-IBI-10000951,Office Supplies,Binders,Ibico Binder Covers
OFF-SU-10004230,Office Supplies,Supplies,Kleencut Scissors
OFF-SU-10002346,Office Supplies,Supplies,Elite Ruler
FUR-FU-10003975,Furniture,Furnishings,Eldon Advantage Chair Mats for Low to Medium Pile Carpets
OFF-WIL-10003933,Office Supplies,Binders,Wilson Jones Binder Covers
OFF-BI-10003653,Office Supplies,Binders,Avery 3-Hole Punch
OFF-AR-10000720,Office Supplies,Art,Binney & Smith Markers
FUR-FU-10002804,Furniture,Furnishings,Advantus Clock
OFF-WIL-10003774,Office Supplies,Binders,Wilson Jones Index Tab
FUR-FU-10003419,Furniture,Furnishings,Eldon Clock
OFF-BI-10000894,Office Supplies,Binders,Avery Binder Covers
OFF-FEL-10001343,Office Supplies,Storage,Fellowes Box
OFF-BIN-10004563,Office Supplies,Art,Binney & Smith Pencil Sharpener
OFF-ST-10002522,Office Supplies,Storage,Tenex Folders
TEC-CO-10001952,Technology,Copiers,Hewlett Personal Copier
TEC-MA-10000232,Technology,Machines,Konica Card Printer
OFF-BI-10001326,Office Supplies,Binders,Cardinal Binder
OFF-PA-10000863,Office Supplies,Paper,Enermax Parchment Paper
OFF-SU-10001351,Office Supplies,Supplies,Stiletto Letter Opener
FUR-DEF-10000720,Furniture,Furnishings,Deflect-O Door Stop
FUR-BUS-10003708,Furniture,Bookcases,Bush Stackable Bookrack
OFF-PA-10001736,Office Supplies,Paper,Xerox 1880
TEC-PH-10002293,Technology,Phones,Anker 36W 4-Port USB Wall Charger Travel Power Adapter for iPhone 5s 5c 5
FUR-IKE-10004815,Furniture,Bookcases,Ikea Stackable Bookrack
OFF-BI-10000423,Office Supplies,Binders,Acco 3-Hole Punch
OFF-EN-10001038,Office Supplies,Envelopes,Jiffy Mailers
OFF-EAT-10003338,Office Supplies,Paper,Eaton Message Books
OFF-AP-10003562,Office Supplies,Appliances,Hamilton Beach Toaster
OFF-AR-10000422,Office Supplies,Art,Stanley Markers
FUR-TA-10000593,Furniture,Tables,Chromcraft Training Table
OFF-ST-10000355,Office Supplies,Storage,Eldon Box
OFF-PA-10002516,Office Supplies,Paper,Enermax Cards & Envelopes
OFF-WIL-10002233,Office Supplies,Binders,Wilson Jones Index Tab
OFF-AR-10003691,Office Supplies,Art,Stanley Sketch Pad
OFF-ACC-10001281,Office Supplies,Fasteners,Accos Clamps
OFF-ST-10000344,Office Supplies,Storage,Fellowes Box
FUR-TA-10001935,Furniture,Tables,Hon Coffee Table
OFF-EN-10002700,Office Supplies,Envelopes,Kraft Interoffice Envelope
OFF-AR-10001508,Office Supplies,Art,BIC Canvas
FUR-RUB-10001094,Furniture,Furnishings,Rubbermaid Door Stop
TEC-AC-10004051,Technology,Accessories,Enermax Flash Drive
OFF-FEL-10004974,Office Supplies,Storage,Fellowes Folders
OFF-ST-10001590,Office Supplies,Storage,Tenex Personal Project File with Scoop Front Design
FUR-FU-10004952,Furniture,Furnishings,C-Line Cubicle Keepers Polyproplyene Holder w/Velcro Back
OFF-PA-10002767,Office Supplies,Paper,Enermax Message Books
OFF-ACC-10004008,Office Supplies,Binders,Acco Binder Covers
OFF-AR-10000082,Office Supplies,Art,Binney & Smith Pencil Sharpener
OFF-SU-10003483,Office Supplies,Supplies,Fiskars Letter Opener
OFF-ACC-10003713,Office Supplies,Fasteners,Accos Clamps
FUR-FU-10001890,Furniture,Furnishings,Eldon Clock
OFF-XER-10003300,Office Supplies,Paper,Xerox Message Books
OFF-SU-10002573,Office Supplies,Supplies,"Acme 10"" Easy Grip Assistive Scissors"
OFF-AR-10002656,Office Supplies,Art,Sanford Liquid Accent Highlighters
OFF-FA-10002577,Office Supplies,Fasteners,Stockwell Push Pins
OFF-SU-10001690,Office Supplies,Supplies,Kleencut Box Cutter
OFF-PA-10000976,Office Supplies,Paper,Green Bar Cards & Envelopes
OFF-AR-10001405,Office Supplies,Art,Binney & Smith Highlighters
OFF-BI-10000815,Office Supplies,Binders,Ibico 3-Hole Punch
OFF-BI-10001192,Office Supplies,Binders,Cardinal Binder
OFF-BIC-10001211,Office Supplies,Art,BIC Highlighters
FUR-FU-10000674,Furniture,Furnishings,Rubbermaid Photo Frame
OFF-PA-10000312,Office Supplies,Paper,Xerox 1955
OFF-FA-10000713,Office Supplies,Fasteners,Stockwell Clamps
TEC-PH-10001949,Technology,Phones,Cisco SPA 501G IP Phone
OFF-PA-10001004,Office Supplies,Paper,Eaton Parchment Paper
OFF-FA-10003437,Office Supplies,Fasteners,Accos Clamps
OFF-SU-10003072,Office Supplies,Supplies,Elite Trimmer
OFF-BI-10004448,Office Supplies,Binders,Ibico Binder
TEC-MA-10001991,Technology,Machines,Konica Calculator
FUR-ELD-10000038,Furniture,Furnishings,Eldon Photo Frame
TEC-HEW-10001908,Technology,Copiers,Hewlett Fax and Copier
FUR-FU-10004998,Furniture,Furnishings,Eldon Stacking Tray
OFF-WIL-10002787,Office Supplies,Binders,Wilson Jones Binder
OFF-BI-10001191,Office Supplies,Binders,Canvas Sectional Post Binders
OFF-ACC-10004182,Office Supplies,Binders,Acco Index Tab
OFF-AP-10000981,Office Supplies,Appliances,Hoover Coffee Grinder
TEC-AC-10001553,Technology,Accessories,Memorex 25GB 6X Branded Blu-Ray Recordable Disc
FUR-FU-10001260,Furniture,Furnishings,Rubbermaid Light Bulb
OFF-PA-10004260,Office Supplies,Paper,Xerox Memo Slips
TEC-AC-10004752,Technology,Accessories,Memorex Keyboard
OFF-SAN-10003660,Office Supplies,Paper,SanDisk Computer Printout Paper
TEC-MA-10002055,Technology,Machines,Epson Calculator
OFF-CAM-10004338,Office Supplies,Envelopes,Cameo Interoffice Envelope
TEC-CO-10002467,Technology,Copiers,Sharp Personal Copier
OFF-PA-10003037,Office Supplies,Paper,Eaton Memo Slips
TEC-MA-10003885,Technology,Machines,Okidata Calculator
OFF-SU-10004261,Office Supplies,Supplies,"Fiskars 8"" Scissors"
OFF-OIC-10001056,Office Supplies,Fasteners,OIC Clamps
OFF-HAM-10003992,Office Supplies,Appliances,Hamilton Beach Toaster
FUR-FU-10001791,Furniture,Furnishings,Tenex Photo Frame
OFF-AR-10003683,Office Supplies,Art,Boston Sketch Pad
OFF-ST-10000885,Office Supplies,Storage,Fellowes Desktop Hanging File Manager
FUR-CH-10004219,Furniture,Chairs,Office Star Bag Chairs
TEC-AC-10004520,Technology,Accessories,Memorex Flash Drive
OFF-WIL-10000164,Office Supplies,Binders,Wilson Jones Binding Machine
OFF-AR-10002486,Office Supplies,Art,Sanford Pencil Sharpener
OFF-PA-10004124,Office Supplies,Paper,SanDisk Message Books
OFF-ST-10001342,Office Supplies,Storage,Fellowes Trays
OFF-LA-10001618,Office Supplies,Labels,Hon Legal Exhibit Labels
OFF-PA-10002373,Office Supplies,Paper,Enermax Parchment Paper
FUR-FU-10001343,Furniture,Furnishings,Eldon Stacking Tray
OFF-EN-10002410,Office Supplies,Envelopes,GlobeWeis Manila Envelope
OFF-PA-10002319,Office Supplies,Paper,Xerox 1944
OFF-ACC-10004871,Office Supplies,Binders,Acco Binder Covers
OFF-SU-10003701,Office Supplies,Supplies,Stiletto Ruler
TEC-AC-10001243,Technology,Accessories,Enermax Mouse
OFF-PA-10003654,Office Supplies,Paper,SanDisk Memo Slips
OFF-GRE-10002561,Office Supplies,Paper,Green Bar Message Books
OFF-FA-10000571,Office Supplies,Fasteners,Accos Rubber Bands
TEC-MA-10004064,Technology,Machines,Panasonic Calculator
OFF-AR-10000468,Office Supplies,Art,BIC Pens
OFF-EN-10001157,Office Supplies,Envelopes,Ames Business Envelopes
TEC-AC-10004043,Technology,Accessories,Memorex Numeric Keypad
OFF-AR-10000711,Office Supplies,Art,BIC Pens
TEC-AC-10002006,Technology,Accessories,Memorex Micro Travel Drive 16 GB
OFF-AR-10004373,Office Supplies,Art,Boston Markers
OFF-AR-10001813,Office Supplies,Art,Stanley Markers
OFF-PA-10000393,Office Supplies,Paper,Xerox Memo Slips
OFF-PA-10002011,Office Supplies,Paper,SanDisk Parchment Paper
OFF-PA-10001576,Office Supplies,Paper,Eaton Memo Slips
OFF-FA-10002715,Office Supplies,Fasteners,Stockwell Clamps
TEC-MA-10000379,Technology,Machines,Okidata Phone
TEC-PH-10001870,Technology,Phones,Lunatik TT5L-002 Taktik Strike Impact Protection System for iPhone 5
OFF-PA-10003586,Office Supplies,Paper,Eaton Computer Printout Paper
OFF-AR-10003875,Office Supplies,Art,Stanley Highlighters
TEC-ENE-10004728,Technology,Accessories,Enermax Keyboard
OFF-BOS-10002340,Office Supplies,Art,Boston Markers
FUR-RUB-10004036,Furniture,Furnishings,Rubbermaid Stacking Tray
OFF-ST-10004638,Office Supplies,Storage,Eldon File Cart
FUR-FU-10000204,Furniture,Furnishings,Advantus Door Stop
OFF-SU-10002911,Office Supplies,Supplies,Acme Scissors
OFF-SU-10000738,Office Supplies,Supplies,Acme Shears
OFF-AP-10002364,Office Supplies,Appliances,KitchenAid Toaster
OFF-BI-10001804,Office Supplies,Binders,Avery Binder
OFF-BI-10000474,Office Supplies,Binders,Avery Recycled Flexi-View Covers for Binding Systems
FUR-CH-10004467,Furniture,Chairs,Harbour Creations Chairmat
OFF-ST-10002905,Office Supplies,Storage,Rogers Box
TEC-AC-10001002,Technology,Accessories,SanDisk Memory Card
OFF-CAM-10003488,Office Supplies,Envelopes,Cameo Mailers
OFF-SAN-10004426,Office Supplies,Paper,SanDisk Note Cards
OFF-WIL-10002153,Office Supplies,Binders,Wilson Jones 3-Hole Punch
OFF-BI-10002465,Office Supplies,Binders,Avery Binding Machine
OFF-ST-10003324,Office Supplies,Storage,Belkin OmniView SE Rackmount Kit
OFF-PA-10004190,Office Supplies,Paper,Xerox Note Cards
TEC-AC-10000051,Technology,Accessories,Logitech Memory Card
OFF-PA-10003424,Office Supplies,Paper,Enermax Computer Printout Paper
OFF-FA-10001877,Office Supplies,Fasteners,Accos Thumb Tacks
FUR-FU-10004617,Furniture,Furnishings,Eldon Stacking Tray
OFF-FA-10004997,Office Supplies,Fasteners,Accos Paper Clips
OFF-EN-10003832,Office Supplies,Envelopes,Ames Business Envelopes
OFF-AP-10004220,Office Supplies,Appliances,Hamilton Beach Coffee Grinder
OFF-AR-10002260,Office Supplies,Art,Boston Pens
FUR-BUS-10003368,Furniture,Bookcases,Bush Floating Shelf Set
TEC-MA-10002424,Technology,Machines,StarTech Phone
OFF-FA-10003782,Office Supplies,Fasteners,Advantus Paper Clips
TEC-AC-10004393,Technology,Accessories,Belkin Flash Drive
OFF-ST-10004739,Office Supplies,Storage,Rogers Folders
TEC-AC-10003533,Technology,Accessories,SanDisk Mouse
OFF-EN-10000182,Office Supplies,Envelopes,Jiffy Peel and Seal
TEC-MA-10002729,Technology,Machines,StarTech Receipt Printer
OFF-BI-10003162,Office Supplies,Binders,Avery Binding Machine
FUR-CH-10000214,Furniture,Chairs,Harbour Creations Bag Chairs
OFF-KLE-10002292,Office Supplies,Supplies,Kleencut Scissors
OFF-BI-10002128,Office Supplies,Binders,Acco Binder Covers
TEC-CO-10004409,Technology,Copiers,Hewlett Fax and Copier
OFF-AR-10002433,Office Supplies,Art,Stanley Pens
OFF-EN-10003619,Office Supplies,Envelopes,Kraft Manila Envelope
OFF-STO-10001173,Office Supplies,Fasteners,Stockwell Thumb Tacks
OFF-FA-10003745,Office Supplies,Fasteners,Accos Rubber Bands
TEC-KON-10003726,Technology,Machines,Konica Card Printer
OFF-BI-10001324,Office Supplies,Binders,Acco 3-Hole Punch
OFF-AR-10003794,Office Supplies,Art,Boston Pencil Sharpener
OFF-AP-10001805,Office Supplies,Appliances,KitchenAid Toaster
OFF-AP-10003842,Office Supplies,Appliances,Euro-Pro Shark Turbo Vacuum
OFF-PA-10004267,Office Supplies,Paper,Enermax Parchment Paper
OFF-EN-10001532,Office Supplies,Envelopes,Brown Kraft Recycled Envelopes
OFF-PA-10002986,Office Supplies,Paper,Xerox 1898
OFF-EN-10002015,Office Supplies,Envelopes,GlobeWeis Peel and Seal
OFF-SU-10002670,Office Supplies,Supplies,Stiletto Box Cutter
OFF-SU-10003629,Office Supplies,Supplies,Fiskars Letter Opener
TEC-CAN-10002802,Technology,Copiers,Canon Personal Copier
TEC-AC-10002550,Technology,Accessories,Memorex 25GB 6X Branded Blu-Ray Recordable Disc
OFF-AR-10004748,Office Supplies,Art,Boston Pencil Sharpener
OFF-EAT-10002463,Office Supplies,Paper,Eaton Computer Printout Paper
TEC-PH-10004825,Technology,Phones,Cisco Headset
OFF-BIN-10003327,Office Supplies,Art,Binney & Smith Markers
OFF-AR-10002094,Office Supplies,Art,Boston Pencil Sharpener
OFF-AR-10004648,Office Supplies,Art,Boston 19500 Mighty Mite Electric Pencil Sharpener
TEC-AC-10001013,Technology,Accessories,Logitech ClearChat Comfort/USB Headset H390
OFF-FA-10001097,Office Supplies,Fasteners,Accos Paper Clips
OFF-FA-10004824,Office Supplies,Fasteners,Stockwell Rubber Bands
TEC-SAM-10001935,Technology,Phones,Samsung Office Telephone
TEC-MA-10001305,Technology,Machines,Okidata Card Printer
OFF-BOS-10001711,Office Supplies,Art,Boston Sketch Pad
OFF-EN-10000776,Office Supplies,Envelopes,Jiffy Peel and Seal
FUR-FU-10003424,Furniture,Furnishings,Nu-Dell Oak Frame
TEC-MA-10001841,Technology,Machines,Konica Printer
OFF-AR-10000219,Office Supplies,Art,Sanford Highlighters
FUR-FU-10002838,Furniture,Furnishings,Advantus Frame
OFF-SU-10000810,Office Supplies,Supplies,Kleencut Letter Opener
OFF-EN-10003615,Office Supplies,Envelopes,GlobeWeis Interoffice Envelope
OFF-AP-10002350,Office Supplies,Appliances,Belkin F9H710-06 7 Outlet SurgeMaster Surge Protector
OFF-ACM-10004895,Office Supplies,Supplies,Acme Scissors
OFF-PA-10000924,Office Supplies,Paper,Green Bar Message Books
OFF-AP-10004841,Office Supplies,Appliances,Hamilton Beach Toaster
OFF-AR-10003369,Office Supplies,Art,Stanley Canvas
FUR-FU-10001475,Furniture,Furnishings,Contract Clock
OFF-FIS-10000063,Office Supplies,Supplies,Fiskars Shears
FUR-FU-10004241,Furniture,Furnishings,Deflect-O Light Bulb
OFF-PA-10004495,Office Supplies,Paper,SanDisk Note Cards
OFF-ST-10004428,Office Supplies,Storage,Tenex Lockers
OFF-FA-10004657,Office Supplies,Fasteners,Stockwell Thumb Tacks
OFF-ACC-10004538,Office Supplies,Binders,Acco Binder Covers
TEC-OKI-10000794,Technology,Machines,Okidata Calculator
OFF-SU-10003659,Office Supplies,Supplies,Fiskars Trimmer
OFF-AP-10003622,Office Supplies,Appliances,Hamilton Beach Microwave
OFF-PA-10001363,Office Supplies,Paper,Xerox 1933
OFF-AR-10002440,Office Supplies,Art,Stanley Highlighters
OFF-LA-10004544,Office Supplies,Labels,Avery 505
OFF-PA-10004530,Office Supplies,Paper,Personal Creations Ink Jet Cards and Labels
TEC-LOG-10002431,Technology,Accessories,Logitech Numeric Keypad
TEC-AC-10002718,Technology,Accessories,Belkin Standard 104 key USB Keyboard
FUR-SAF-10002757,Furniture,Chairs,SAFCO Rocking Chair
OFF-BI-10001028,Office Supplies,Binders,Ibico 3-Hole Punch
OFF-EN-10004537,Office Supplies,Envelopes,GlobeWeis Clasp Envelope
OFF-BI-10001399,Office Supplies,Binders,Avery Binder Covers
TEC-MA-10000776,Technology,Machines,Okidata Calculator
TEC-PH-10004348,Technology,Phones,OtterBox Defender Series Case - iPhone 5c
OFF-HOO-10001248,Office Supplies,Appliances,Hoover Coffee Grinder
FUR-FU-10003408,Furniture,Furnishings,Rubbermaid Stacking Tray
OFF-SU-10001218,Office Supplies,Supplies,Fiskars Softgrip Scissors
OFF-BI-10000816,Office Supplies,Binders,Ibico 3-Hole Punch
TEC-MA-10002249,Technology,Machines,StarTech Calculator
OFF-FA-10003596,Office Supplies,Fasteners,Stockwell Push Pins
OFF-PA-10001091,Office Supplies,Paper,Eaton Computer Printout Paper
OFF-BRE-10001378,Office Supplies,Appliances,Breville Toaster
TEC-APP-10004469,Technology,Phones,Apple Signal Booster
FUR-FU-10002759,Furniture,Furnishings,12-1/2 Diameter Round Wall Clock
OFF-SU-10001500,Office Supplies,Supplies,Kleencut Box Cutter
OFF-PA-10003920,Office Supplies,Paper,Xerox Parchment Paper
OFF-AP-10002472,Office Supplies,Appliances,3M Office Air Cleaner
FUR-FU-10004474,Furniture,Furnishings,Rubbermaid Door Stop
TEC-MA-10000154,Technology,Machines,Panasonic Receipt Printer
OFF-AR-10004456,Office Supplies,Art,Binney & Smith Markers
OFF-AR-10000185,Office Supplies,Art,Stanley Pens
OFF-AR-10002575,Office Supplies,Art,Sanford Canvas
FUR-FU-10001169,Furniture,Furnishings,Rubbermaid Clock
OFF-ST-10004331,Office Supplies,Storage,Eldon Folders
OFF-BI-10002190,Office Supplies,Binders,Wilson Jones Binder
TEC-STA-10004834,Technology,Machines,StarTech Receipt Printer
FUR-BO-10002852,Furniture,Bookcases,Bush Stackable Bookrack
OFF-AME-10000870,Office Supplies,Envelopes,Ames Peel and Seal
OFF-SU-10003236,Office Supplies,Supplies,Fiskars Scissors
OFF-STA-10004163,Office Supplies,Art,Stanley Markers
OFF-EN-10002789,Office Supplies,Envelopes,Kraft Peel and Seal
OFF-SU-10002429,Office Supplies,Supplies,Fiskars Box Cutter
TEC-PH-10004188,Technology,Phones,OtterBox Commuter Series Case - Samsung Galaxy S4
TEC-AC-10001383,Technology,Accessories,Logitech Wireless Touch Keyboard K400
OFF-BI-10000368,Office Supplies,Binders,Avery Binder Covers
TEC-AC-10004188,Technology,Accessories,Belkin Keyboard
OFF-EN-10004443,Office Supplies,Envelopes,Ames Mailers
OFF-EN-10004899,Office Supplies,Envelopes,Jiffy Mailers
OFF-EN-10001852,Office Supplies,Envelopes,Cameo Manila Envelope
OFF-FA-10004799,Office Supplies,Fasteners,Advantus Thumb Tacks
OFF-LA-10002752,Office Supplies,Labels,Smead Legal Exhibit Labels
OFF-AR-10001329,Office Supplies,Art,BIC Pens
OFF-EN-10000258,Office Supplies,Envelopes,GlobeWeis Peel and Seal
OFF-HAM-10000822,Office Supplies,Appliances,Hamilton Beach Toaster
TEC-CIS-10004967,Technology,Phones,Cisco Office Telephone
OFF-EN-10004507,Office Supplies,Envelopes,GlobeWeis Mailers
OFF-BI-10002682,Office Supplies,Binders,Cardinal Binding Machine
OFF-ST-10000718,Office Supplies,Storage,Fellowes Folders
FUR-BO-10002206,Furniture,Bookcases,Bush Saratoga Collection 5-Shelf Bookcase
OFF-SU-10004659,Office Supplies,Supplies,Elite Letter Opener
OFF-BI-10003707,Office Supplies,Binders,Aluminum Screw Posts
OFF-CAR-10003259,Office Supplies,Binders,Cardinal Binder
OFF-FA-10001304,Office Supplies,Fasteners,Stockwell Push Pins
FUR-CH-10002989,Furniture,Chairs,SAFCO Bag Chairs
OFF-AR-10001812,Office Supplies,Art,Binney & Smith Markers
OFF-BI-10002243,Office Supplies,Binders,Wilson Jones 3-Hole Punch
OFF-EN-10002540,Office Supplies,Envelopes,GlobeWeis Clasp Envelope
OFF-BI-10002133,Office Supplies,Binders,"Wilson Jones Elliptical Ring 3 1/2"" Capacity Binders"
TEC-AC-10001441,Technology,Accessories,SanDisk Mouse
TEC-AC-10001172,Technology,Accessories,Logitech Numeric Keypad
OFF-SU-10000707,Office Supplies,Supplies,Stiletto Shears
OFF-BIC-10002942,Office Supplies,Art,BIC Highlighters
OFF-LA-10002996,Office Supplies,Labels,Avery Removable Labels
OFF-EN-10001854,Office Supplies,Envelopes,Jiffy Business Envelopes
OFF-EN-10000947,Office Supplies,Envelopes,GlobeWeis Mailers
OFF-EN-10001751,Office Supplies,Envelopes,GlobeWeis Mailers
OFF-BI-10004534,Office Supplies,Binders,Wilson Jones Binding Machine
OFF-PA-10000061,Office Supplies,Paper,Xerox 205
TEC-OKI-10002547,Technology,Machines,Okidata Phone
FUR-BO-10000700,Furniture,Bookcases,Sauder Floating Shelf Set
OFF-AME-10004651,Office Supplies,Envelopes,Ames Mailers
OFF-ELI-10001057,Office Supplies,Supplies,Elite Trimmer
OFF-FA-10004398,Office Supplies,Fasteners,OIC Push Pins
TEC-AC-10001101,Technology,Accessories,Sony 16GB Class 10 Micro SDHC R40 Memory Card
OFF-STA-10003956,Office Supplies,Art,Stanley Pens
TEC-AC-10001696,Technology,Accessories,Belkin Flash Drive
OFF-FA-10004474,Office Supplies,Fasteners,Advantus Rubber Bands
FUR-FU-10000628,Furniture,Furnishings,Rubbermaid Light Bulb
OFF-SAN-10001295,Office Supplies,Art,Sanford Pencil Sharpener
FUR-FU-10000175,Furniture,Furnishings,DAX Wood Document Frame.
FUR-SAU-10003203,Furniture,Bookcases,Sauder 3-Shelf Cabinet
FUR-ADV-10003147,Furniture,Furnishings,Advantus Stacking Tray
TEC-AC-10001639,Technology,Accessories,Belkin Flash Drive
OFF-BI-10003364,Office Supplies,Binders,Cardinal 3-Hole Punch
FUR-FU-10000762,Furniture,Furnishings,Advantus Light Bulb
OFF-SU-10004575,Office Supplies,Supplies,Fiskars Letter Opener
TEC-PH-10000127,Technology,Phones,iOttie XL Car Mount
FUR-TA-10002482,Furniture,Tables,Bevis Wood Table
FUR-FU-10001130,Furniture,Furnishings,Rubbermaid Stacking Tray
OFF-AR-10001915,Office Supplies,Art,Peel-Off China Markers
OFF-AP-10004136,Office Supplies,Appliances,Kensington 6 Outlet SmartSocket Surge Protector
OFF-SU-10003522,Office Supplies,Supplies,Elite Box Cutter
OFF-LA-10002875,Office Supplies,Labels,Novimex Shipping Labels
OFF-PA-10000540,Office Supplies,Paper,Enermax Note Cards
FUR-FU-10002521,Furniture,Furnishings,Tenex Stacking Tray
OFF-GLO-10004430,Office Supplies,Envelopes,GlobeWeis Business Envelopes
FUR-FU-10003651,Furniture,Furnishings,Deflect-O Stacking Tray
TEC-MEM-10001163,Technology,Accessories,Memorex Mouse
OFF-EN-10003715,Office Supplies,Envelopes,Kraft Manila Envelope
OFF-BI-10003058,Office Supplies,Binders,Acco Binder Covers
OFF-ST-10002583,Office Supplies,Storage,Fellowes Neat Ideas Storage Cubes
TEC-AC-10002370,Technology,Accessories,SanDisk Flash Drive
TEC-AC-10001719,Technology,Accessories,Enermax Flash Drive
OFF-AR-10000027,Office Supplies,Art,Binney & Smith Pencil Sharpener
OFF-AR-10002256,Office Supplies,Art,BIC Sketch Pad
TEC-NOK-10004541,Technology,Phones,Nokia Office Telephone
OFF-ST-10003800,Office Supplies,Storage,Rogers Folders
OFF-PA-10001712,Office Supplies,Paper,Xerox 1948
OFF-BI-10001639,Office Supplies,Binders,Acco Binder
TEC-PH-10003095,Technology,Phones,Samsung HM1900 Bluetooth Headset
OFF-ST-10003638,Office Supplies,Storage,Mobile Personal File Cube
OFF-ST-10004097,Office Supplies,Storage,Tenex Box
OFF-PA-10001905,Office Supplies,Paper,Eaton Message Books
OFF-SU-10003897,Office Supplies,Supplies,Stiletto Ruler
TEC-PH-10004577,Technology,Phones,Samsung Office Telephone
OFF-ELD-10000967,Office Supplies,Storage,Eldon Folders
FUR-HON-10001622,Furniture,Chairs,Hon Chairmat
FUR-SAF-10000593,Furniture,Chairs,SAFCO Chairmat
TEC-AC-10002938,Technology,Accessories,Enermax Memory Card
OFF-AP-10000510,Office Supplies,Appliances,Cuisinart Coffee Grinder
OFF-AR-10001518,Office Supplies,Art,Binney & Smith Pencil Sharpener
FUR-FU-10001843,Furniture,Furnishings,Advantus Door Stop
TEC-CO-10003813,Technology,Copiers,Sharp Ink
OFF-EN-10004483,Office Supplies,Envelopes,#10 White Business Envelopes
TEC-AC-10003451,Technology,Accessories,Logitech Flash Drive
OFF-SU-10004236,Office Supplies,Supplies,Stiletto Letter Opener
OFF-STO-10002026,Office Supplies,Fasteners,Stockwell Clamps
OFF-SU-10004899,Office Supplies,Supplies,Acme Scissors
OFF-SU-10002627,Office Supplies,Supplies,Kleencut Scissors
OFF-EN-10002013,Office Supplies,Envelopes,Kraft Business Envelopes
OFF-BIC-10000582,Office Supplies,Art,BIC Sketch Pad
OFF-AP-10000844,Office Supplies,Appliances,Breville Toaster
OFF-AR-10004422,Office Supplies,Art,Boston Sketch Pad
OFF-EN-10000788,Office Supplies,Envelopes,Jiffy Manila Envelope
OFF-AR-10000505,Office Supplies,Art,Binney & Smith Pens
OFF-LA-10004929,Office Supplies,Labels,Novimex Color Coded Labels
TEC-CAN-10004697,Technology,Copiers,Canon Fax and Copier
OFF-EN-10001346,Office Supplies,Envelopes,GlobeWeis Interoffice Envelope
OFF-BI-10001900,Office Supplies,Binders,Wilson Jones Binder Covers
OFF-LA-10003379,Office Supplies,Labels,Smead Color Coded Labels
OFF-BI-10001662,Office Supplies,Binders,Wilson Jones Binder Covers
OFF-SU-10000207,Office Supplies,Supplies,Kleencut Box Cutter
OFF-CAM-10001249,Office Supplies,Envelopes,Cameo Mailers
OFF-STO-10004910,Office Supplies,Fasteners,Stockwell Clamps
OFF-FIS-10004915,Office Supplies,Supplies,Fiskars Trimmer
OFF-AR-10001030,Office Supplies,Art,Sanford Markers
FUR-CH-10002727,Furniture,Chairs,SAFCO Bag Chairs
OFF-FA-10000549,Office Supplies,Fasteners,Advantus Staples
OFF-ENE-10002922,Office Supplies,Paper,Enermax Note Cards
OFF-BIN-10003089,Office Supplies,Art,Binney & Smith Highlighters
TEC-LOG-10004419,Technology,Accessories,Logitech Flash Drive
OFF-EN-10003087,Office Supplies,Envelopes,Jiffy Peel and Seal
OFF-SU-10001409,Office Supplies,Supplies,Stiletto Scissors
OFF-GRE-10000216,Office Supplies,Paper,Green Bar Note Cards
OFF-ENE-10001356,Office Supplies,Paper,Enermax Cards & Envelopes
TEC-SAN-10004721,Technology,Accessories,SanDisk Numeric Keypad
FUR-FU-10003910,Furniture,Furnishings,Rubbermaid Stacking Tray
OFF-PA-10003686,Office Supplies,Paper,SanDisk Message Books
OFF-BI-10000069,Office Supplies,Binders,GBC Prepunched Paper
TEC-CO-10004649,Technology,Copiers,Brother Copy Machine
OFF-EN-10004564,Office Supplies,Envelopes,Jiffy Mailers
TEC-AC-10002852,Technology,Accessories,Belkin Memory Card
OFF-AP-10001920,Office Supplies,Appliances,KitchenAid Microwave
TEC-AC-10004001,Technology,Accessories,Logitech Wireless Headset H600 Over-The-Head Design
OFF-BI-10003397,Office Supplies,Binders,Avery 3-Hole Punch
TEC-AC-10002670,Technology,Accessories,Logitech Mouse
OFF-ACM-10004669,Office Supplies,Supplies,Acme Shears
OFF-PA-10002893,Office Supplies,Paper,Wirebound Service Call Books
FUR-FU-10001126,Furniture,Furnishings,Rubbermaid Clock
OFF-SME-10001754,Office Supplies,Labels,Smead File Folder Labels
OFF-SU-10003892,Office Supplies,Supplies,Acme Box Cutter
TEC-PH-10002713,Technology,Phones,Samsung Headset
OFF-BI-10003876,Office Supplies,Binders,"Green Canvas Binder for 8-1/2"" x 14"" Sheets"
OFF-ACC-10003422,Office Supplies,Binders,Acco Binder
OFF-EN-10002007,Office Supplies,Envelopes,Kraft Clasp Envelope
TEC-CO-10001271,Technology,Copiers,Sharp Personal Copier
OFF-PA-10000816,Office Supplies,Paper,Enermax Memo Slips
FUR-FU-10002878,Furniture,Furnishings,"Seth Thomas 14"" Day/Date Wall Clock"
FUR-FU-10004013,Furniture,Furnishings,Tenex Stacking Tray
OFF-AR-10004424,Office Supplies,Art,Boston Markers
FUR-FU-10000251,Furniture,Furnishings,Deflect-O Door Stop
TEC-AC-10003569,Technology,Accessories,Logitech Numeric Keypad
OFF-BI-10002718,Office Supplies,Binders,Avery Binder
OFF-PA-10000588,Office Supplies,Paper,SanDisk Cards & Envelopes
OFF-AR-10004344,Office Supplies,Art,Bulldog Vacuum Base Pencil Sharpener
OFF-BI-10003684,Office Supplies,Binders,Wilson Jones Legal Size Ring Binders
OFF-SAN-10000722,Office Supplies,Paper,SanDisk Computer Printout Paper
TEC-AC-10002749,Technology,Accessories,Enermax Mouse
OFF-AR-10001423,Office Supplies,Art,BIC Canvas
OFF-PA-10004998,Office Supplies,Paper,Green Bar Parchment Paper
OFF-FA-10002895,Office Supplies,Fasteners,Accos Staples
OFF-AR-10002144,Office Supplies,Art,Stanley Pens
OFF-XER-10004820,Office Supplies,Paper,Xerox Computer Printout Paper
OFF-EN-10003623,Office Supplies,Envelopes,GlobeWeis Interoffice Envelope
OFF-LA-10004747,Office Supplies,Labels,Hon Color Coded Labels
OFF-KLE-10000228,Office Supplies,Supplies,Kleencut Shears
TEC-HEW-10001056,Technology,Copiers,Hewlett Ink
TEC-MA-10002989,Technology,Machines,Panasonic Printer
OFF-EN-10004903,Office Supplies,Envelopes,Cameo Manila Envelope
OFF-BI-10003910,Office Supplies,Binders,DXL Angle-View Binders with Locking Rings by Samsill
OFF-BI-10004139,Office Supplies,Binders,Fellowes Presentation Covers for Comb Binding Machines
FUR-FU-10002305,Furniture,Furnishings,Advantus Door Stop
OFF-BI-10004007,Office Supplies,Binders,Avery 3-Hole Punch
FUR-BO-10003078,Furniture,Bookcases,Safco Corner Shelving
OFF-XER-10004519,Office Supplies,Paper,Xerox Cards & Envelopes
OFF-FA-10002552,Office Supplies,Fasteners,Advantus Push Pins
OFF-FA-10004362,Office Supplies,Fasteners,Stockwell Thumb Tacks
OFF-JIF-10004616,Office Supplies,Envelopes,Jiffy Manila Envelope
OFF-LA-10002765,Office Supplies,Labels,Harbour Creations Legal Exhibit Labels
OFF-PA-10004379,Office Supplies,Paper,Enermax Computer Printout Paper
OFF-FA-10000509,Office Supplies,Fasteners,Advantus Clamps
OFF-EN-10004051,Office Supplies,Envelopes,Ames Manila Envelope
OFF-ST-10000154,Office Supplies,Storage,Smead Box
OFF-AP-10003972,Office Supplies,Appliances,Hoover Coffee Grinder
OFF-EN-10003540,Office Supplies,Envelopes,Cameo Mailers
OFF-KIT-10003990,Office Supplies,Appliances,KitchenAid Toaster
FUR-CH-10003794,Furniture,Chairs,SAFCO Bag Chairs
OFF-AR-10001226,Office Supplies,Art,Boston Pencil Sharpener
OFF-ST-10003164,Office Supplies,Storage,Fellowes Box
OFF-BI-10004454,Office Supplies,Binders,Cardinal Binder Covers
OFF-AR-10004078,Office Supplies,Art,Newell 312
OFF-SME-10000973,Office Supplies,Storage,Smead Folders
FUR-CH-10002374,Furniture,Chairs,SAFCO Bag Chairs
OFF-EN-10000075,Office Supplies,Envelopes,GlobeWeis Interoffice Envelope
OFF-PA-10002818,Office Supplies,Paper,Enermax Parchment Paper
OFF-AR-10002113,Office Supplies,Art,Boston Highlighters
OFF-PA-10004343,Office Supplies,Paper,Enermax Memo Slips
OFF-FA-10000697,Office Supplies,Fasteners,Advantus Rubber Bands
OFF-FIS-10000670,Office Supplies,Supplies,Fiskars Scissors
TEC-PH-10000611,Technology,Phones,Samsung Signal Booster
TEC-MA-10002722,Technology,Machines,Epson Receipt Printer
OFF-PA-10001844,Office Supplies,Paper,Eaton Message Books
OFF-PA-10001578,Office Supplies,Paper,Eaton Computer Printout Paper
FUR-BO-10004878,Furniture,Bookcases,Ikea 3-Shelf Cabinet
OFF-BI-10003142,Office Supplies,Binders,Acco Binder Covers
OFF-FIS-10004787,Office Supplies,Supplies,Fiskars Box Cutter
OFF-FA-10004605,Office Supplies,Fasteners,OIC Clamps
OFF-SU-10003803,Office Supplies,Supplies,Acme Trimmer
OFF-SU-10004791,Office Supplies,Supplies,Fiskars Letter Opener
OFF-ST-10002352,Office Supplies,Storage,Iris Project Case
OFF-SU-10002742,Office Supplies,Supplies,Stiletto Trimmer
OFF-STA-10000054,Office Supplies,Art,Stanley Pens
OFF-BI-10002455,Office Supplies,Binders,Acco 3-Hole Punch
OFF-AR-10003031,Office Supplies,Art,Stanley Highlighters
OFF-FA-10000522,Office Supplies,Fasteners,Stockwell Thumb Tacks
FUR-BO-10002975,Furniture,Bookcases,Dania Stackable Bookrack
OFF-PA-10001212,Office Supplies,Paper,Xerox Message Books
OFF-SU-10004435,Office Supplies,Supplies,Stiletto Shears
FUR-CH-10000438,Furniture,Chairs,Novimex Chairmat
OFF-LA-10003955,Office Supplies,Labels,Avery Shipping Labels
OFF-BI-10003064,Office Supplies,Binders,Cardinal 3-Hole Punch
OFF-ST-10004841,Office Supplies,Storage,Eldon Box
OFF-SU-10003332,Office Supplies,Supplies,Elite Letter Opener
TEC-PH-10000571,Technology,Phones,Apple Audio Dock
OFF-FA-10000146,Office Supplies,Fasteners,Stockwell Rubber Bands
FUR-CH-10003696,Furniture,Chairs,Novimex Bag Chairs
OFF-SME-10000520,Office Supplies,Storage,Smead Shelving
OFF-BI-10000124,Office Supplies,Binders,Acco Binder Covers
OFF-FA-10004265,Office Supplies,Fasteners,Stockwell Paper Clips
OFF-FA-10000027,Office Supplies,Fasteners,Stockwell Rubber Bands
OFF-EN-10003463,Office Supplies,Envelopes,Jiffy Peel and Seal
OFF-EN-10002396,Office Supplies,Envelopes,Jiffy Mailers
OFF-EN-10001870,Office Supplies,Envelopes,Kraft Peel and Seal
TEC-ENE-10004192,Technology,Accessories,Enermax Keyboard
OFF-BI-10001304,Office Supplies,Binders,Cardinal 3-Hole Punch
OFF-BI-10002738,Office Supplies,Binders,Acco Index Tab
FUR-FU-10000783,Furniture,Furnishings,Advantus Light Bulb
OFF-ST-10000649,Office Supplies,Storage,Hanging Personal Folder File
FUR-TEN-10003552,Furniture,Furnishings,Tenex Clock
OFF-EN-10003391,Office Supplies,Envelopes,Jiffy Manila Envelope
FUR-NOV-10000283,Furniture,Chairs,Novimex Chairmat
OFF-FA-10003020,Office Supplies,Fasteners,Accos Paper Clips
OFF-ACC-10000808,Office Supplies,Binders,Acco 3-Hole Punch
OFF-GLO-10003429,Office Supplies,Envelopes,GlobeWeis Peel and Seal
OFF-TEN-10000703,Office Supplies,Storage,Tenex Trays
TEC-CO-10004138,Technology,Copiers,Sharp Wireless Fax
OFF-FA-10003980,Office Supplies,Fasteners,OIC Paper Clips
OFF-ACC-10000798,Office Supplies,Binders,Acco Hole Reinforcements
OFF-GRE-10004796,Office Supplies,Paper,Green Bar Computer Printout Paper
TEC-AC-10002305,Technology,Accessories,KeyTronic E03601U1 - Keyboard - Beige
OFF-PA-10002927,Office Supplies,Paper,Enermax Computer Printout Paper
OFF-EN-10004469,Office Supplies,Envelopes,Jiffy Manila Envelope
OFF-ST-10002214,Office Supplies,Storage,X-Rack File for Hanging Folders
TEC-MEM-10003743,Technology,Accessories,Memorex Numeric Keypad
OFF-EN-10000897,Office Supplies,Envelopes,Kraft Mailers
OFF-EN-10001335,Office Supplies,Envelopes,White Business Envelopes with Contemporary Seam
OFF-KLE-10000050,Office Supplies,Supplies,Kleencut Trimmer
FUR-FU-10004596,Furniture,Furnishings,Tenex Door Stop
OFF-LA-10003809,Office Supplies,Labels,Novimex Legal Exhibit Labels
TEC-MA-10003251,Technology,Machines,Konica Phone
TEC-PH-10003220,Technology,Phones,Cisco Headset
OFF-EN-10003728,Office Supplies,Envelopes,Cameo Mailers
OFF-LA-10004594,Office Supplies,Labels,Avery Color Coded Labels
OFF-LA-10000615,Office Supplies,Labels,Hon Removable Labels
OFF-AP-10002165,Office Supplies,Appliances,Hamilton Beach Blender
OFF-BI-10004700,Office Supplies,Binders,Cardinal Binder
OFF-AR-10001074,Office Supplies,Art,Sanford Highlighters
OFF-SU-10000997,Office Supplies,Supplies,Fiskars Shears
OFF-FA-10000227,Office Supplies,Fasteners,OIC Clamps
OFF-BI-10002335,Office Supplies,Binders,Avery Binder Covers
OFF-ELI-10001812,Office Supplies,Supplies,Elite Shears
TEC-AC-10000336,Technology,Accessories,Enermax Mouse
OFF-BI-10003702,Office Supplies,Binders,Wilson Jones Binder Covers
OFF-SU-10001697,Office Supplies,Supplies,Fiskars Scissors
OFF-AR-10004780,Office Supplies,Art,Stanley Markers
OFF-BI-10004236,Office Supplies,Binders,XtraLife ClearVue Slant-D Ring Binder
TEC-PH-10002538,Technology,Phones,Grandstream GXP1160 VoIP phone
OFF-PA-10002137,Office Supplies,Paper,Southworth 100% Résumé Paper
OFF-LA-10002992,Office Supplies,Labels,Novimex Removable Labels
FUR-FU-10002928,Furniture,Furnishings,Eldon Light Bulb
TEC-AC-10003681,Technology,Accessories,SanDisk Mouse
TEC-AC-10001745,Technology,Accessories,Memorex Flash Drive
OFF-BI-10002353,Office Supplies,Binders,GBC VeloBind Cover Sets
OFF-SU-10002710,Office Supplies,Supplies,Fiskars Trimmer
OFF-FA-10002635,Office Supplies,Fasteners,Accos Thumb Tacks
OFF-KRA-10002828,Office Supplies,Envelopes,Kraft Peel and Seal
OFF-SU-10002169,Office Supplies,Supplies,Fiskars Letter Opener
OFF-AR-10001419,Office Supplies,Art,Newell 325
OFF-AP-10004233,Office Supplies,Appliances,Honeywell Enviracaire Portable Air Cleaner for up to 8 x 10 Room
OFF-SU-10003511,Office Supplies,Supplies,Kleencut Ruler
OFF-ST-10004897,Office Supplies,Storage,Tenex Folders
FUR-FU-10004270,Furniture,Furnishings,"Executive Impressions 13"" Clairmont Wall Clock"
OFF-PA-10004101,Office Supplies,Paper,Xerox 1894
OFF-PA-10001006,Office Supplies,Paper,Eaton Message Books
OFF-PA-10004380,Office Supplies,Paper,SanDisk Memo Slips
OFF-AP-10000696,Office Supplies,Appliances,Holmes Odor Grabber
OFF-PA-10000740,Office Supplies,Paper,Xerox 1982
OFF-ST-10000557,Office Supplies,Storage,Tenex Box
OFF-LA-10001019,Office Supplies,Labels,Avery Color Coded Labels
TEC-AC-10003725,Technology,Accessories,Memorex Flash Drive
OFF-EN-10000084,Office Supplies,Envelopes,Jiffy Manila Envelope
OFF-LA-10002848,Office Supplies,Labels,Novimex Shipping Labels
TEC-AC-10004773,Technology,Accessories,Memorex Flash Drive
OFF-CUI-10002413,Office Supplies,Appliances,Cuisinart Coffee Grinder
OFF-FA-10003892,Office Supplies,Fasteners,OIC Push Pins
OFF-PA-10002022,Office Supplies,Paper,Xerox Message Books
FUR-OFF-10001125,Furniture,Chairs,Office Star Rocking Chair
FUR-TA-10003855,Furniture,Tables,Lesro Round Table
OFF-AR-10004818,Office Supplies,Art,Boston Markers
OFF-ST-10003293,Office Supplies,Storage,Smead File Cart
OFF-BI-10001072,Office Supplies,Binders,GBC Clear Cover
FUR-FU-10002501,Furniture,Furnishings,Nu-Dell Executive Frame
OFF-SU-10003739,Office Supplies,Supplies,Elite Scissors
TEC-AC-10004713,Technology,Accessories,Logitech Mouse
OFF-ST-10001597,Office Supplies,Storage,Tenex Box
OFF-SU-10003723,Office Supplies,Supplies,Elite Shears
OFF-PA-10001972,Office Supplies,Paper,Eaton Message Books
OFF-FA-10000010,Office Supplies,Fasteners,OIC Staples
OFF-LA-10003233,Office Supplies,Labels,Avery Removable Labels
OFF-AR-10004068,Office Supplies,Art,Boston Markers
OFF-ST-10001229,Office Supplies,Storage,Fellowes Box
OFF-FA-10003911,Office Supplies,Fasteners,Advantus Clamps
OFF-EN-10004989,Office Supplies,Envelopes,Cameo Manila Envelope
OFF-EN-10002955,Office Supplies,Envelopes,Jiffy Interoffice Envelope
OFF-STO-10002661,Office Supplies,Fasteners,Stockwell Staples
OFF-AR-10003077,Office Supplies,Art,Boston Markers
OFF-FA-10000520,Office Supplies,Fasteners,Stockwell Paper Clips
OFF-EN-10001454,Office Supplies,Envelopes,Cameo Manila Envelope
OFF-SU-10004246,Office Supplies,Supplies,Fiskars Letter Opener
OFF-PA-10003034,Office Supplies,Paper,SanDisk Memo Slips
OFF-SAN-10003644,Office Supplies,Art,Sanford Markers
OFF-SU-10003651,Office Supplies,Supplies,Elite Ruler
TEC-AC-10001267,Technology,Accessories,Imation 32GB Pocket Pro USB 3.0 Flash Drive - 32 GB - Black - 1 P ...
TEC-PH-10001644,Technology,Phones,BlueLounge Milo Smartphone Stand
TEC-PH-10000647,Technology,Phones,Samsung Office Telephone
OFF-BI-10004553,Office Supplies,Binders,Cardinal Binder
OFF-FA-10004067,Office Supplies,Fasteners,Stockwell Rubber Bands
FUR-TA-10004353,Furniture,Tables,Chromcraft Wood Table
OFF-SU-10000885,Office Supplies,Supplies,Elite Box Cutter
OFF-FA-10001309,Office Supplies,Fasteners,Stockwell Thumb Tacks
TEC-PH-10004833,Technology,Phones,Macally Suction Cup Mount
FUR-OFF-10001187,Furniture,Chairs,Office Star Chairmat
OFF-AR-10000444,Office Supplies,Art,BIC Highlighters
FUR-TA-10004050,Furniture,Tables,Lesro Coffee Table
OFF-AR-10000340,Office Supplies,Art,Boston Pens
TEC-SAN-10004181,Technology,Accessories,SanDisk Keyboard
OFF-PA-10002222,Office Supplies,Paper,Xerox Color Copier Paper
FUR-IKE-10003796,Furniture,Bookcases,Ikea Stackable Bookrack
TEC-AC-10003657,Technology,Accessories,Lenovo 17-Key USB Numeric Keypad
OFF-BIC-10004826,Office Supplies,Art,BIC Canvas
TEC-STA-10000699,Technology,Machines,StarTech Phone
OFF-EN-10004788,Office Supplies,Envelopes,Cameo Manila Envelope
OFF-AR-10001176,Office Supplies,Art,Sanford Pens
TEC-LOG-10001123,Technology,Accessories,Logitech Memory Card
TEC-KON-10000091,Technology,Machines,Konica Calculator
OFF-BI-10001507,Office Supplies,Binders,Ibico Binder
FUR-CH-10003875,Furniture,Chairs,Office Star Swivel Stool
OFF-LA-10001402,Office Supplies,Labels,Smead Color Coded Labels
OFF-ST-10004431,Office Supplies,Storage,Fellowes Trays
OFF-AR-10001570,Office Supplies,Art,Sanford Canvas
OFF-FA-10002790,Office Supplies,Fasteners,Stockwell Push Pins
OFF-HAR-10004896,Office Supplies,Labels,Harbour Creations Color Coded Labels
FUR-ADV-10004395,Furniture,Furnishings,Advantus Door Stop
OFF-LA-10000604,Office Supplies,Labels,Harbour Creations Color Coded Labels
OFF-EN-10004303,Office Supplies,Envelopes,Jiffy Mailers
FUR-CH-10001220,Furniture,Chairs,Harbour Creations Chairmat
OFF-EN-10002850,Office Supplies,Envelopes,Ames Manila Envelope
FUR-FU-10000222,Furniture,Furnishings,"Seth Thomas 16"" Steel Case Clock"
OFF-ST-10004330,Office Supplies,Storage,Smead Folders
OFF-EN-10003103,Office Supplies,Envelopes,GlobeWeis Manila Envelope
OFF-PA-10002616,Office Supplies,Paper,Green Bar Parchment Paper
TEC-PH-10002075,Technology,Phones,AT&T EL51110 DECT
OFF-PA-10001620,Office Supplies,Paper,SanDisk Memo Slips
OFF-BI-10001659,Office Supplies,Binders,Cardinal Index Tab
FUR-RUB-10003699,Furniture,Furnishings,Rubbermaid Light Bulb
OFF-GLO-10001348,Office Supplies,Envelopes,GlobeWeis Manila Envelope
OFF-LA-10000271,Office Supplies,Labels,Harbour Creations Shipping Labels
TEC-OKI-10003770,Technology,Machines,Okidata Receipt Printer
OFF-FA-10000467,Office Supplies,Fasteners,Stockwell Push Pins
FUR-FU-10002709,Furniture,Furnishings,Advantus Clock
OFF-FA-10003789,Office Supplies,Fasteners,Accos Push Pins
OFF-ST-10003132,Office Supplies,Storage,Fellowes Box
OFF-SU-10000789,Office Supplies,Supplies,Kleencut Box Cutter
FUR-FU-10000087,Furniture,Furnishings,"Executive Impressions 14"" Two-Color Numerals Wall Clock"
FUR-FU-10002486,Furniture,Furnishings,Advantus Clock
OFF-BI-10001568,Office Supplies,Binders,Ibico Binder Covers
OFF-SU-10004938,Office Supplies,Supplies,Fiskars Trimmer
OFF-SAN-10004706,Office Supplies,Paper,SanDisk Note Cards
OFF-ADV-10001124,Office Supplies,Fasteners,Advantus Clamps
OFF-BI-10002841,Office Supplies,Binders,Cardinal Binding Machine
OFF-LA-10001294,Office Supplies,Labels,Avery Shipping Labels
OFF-BI-10001904,Office Supplies,Binders,Cardinal Binder Covers
OFF-AR-10000356,Office Supplies,Art,Boston Highlighters
OFF-KIT-10001245,Office Supplies,Appliances,KitchenAid Blender
OFF-PA-10004673,Office Supplies,Paper,Eaton Note Cards
TEC-AC-10001956,Technology,Accessories,Microsoft Arc Touch Mouse
FUR-FU-10001967,Furniture,Furnishings,Telescoping Adjustable Floor Lamp
OFF-BI-10003806,Office Supplies,Binders,Avery Index Tab
OFF-PA-10002360,Office Supplies,Paper,SanDisk Computer Printout Paper
OFF-BI-10004177,Office Supplies,Binders,Wilson Jones 3-Hole Punch
OFF-XER-10001454,Office Supplies,Paper,Xerox Parchment Paper
OFF-STI-10002262,Office Supplies,Supplies,Stiletto Box Cutter
OFF-FA-10002791,Office Supplies,Fasteners,OIC Push Pins
OFF-PA-10002925,Office Supplies,Paper,Enermax Cards & Envelopes
OFF-BI-10002533,Office Supplies,Binders,Wilson Jones Binding Machine
OFF-SU-10004231,Office Supplies,Supplies,Acme Tagit Stainless Steel Antibacterial Scissors
OFF-BI-10003642,Office Supplies,Binders,Wilson Jones Binder
OFF-EN-10004550,Office Supplies,Envelopes,GlobeWeis Interoffice Envelope
OFF-XER-10003495,Office Supplies,Paper,Xerox Cards & Envelopes
TEC-AC-10001278,Technology,Accessories,Enermax Flash Drive
OFF-LA-10003217,Office Supplies,Labels,Smead File Folder Labels
OFF-LA-10000506,Office Supplies,Labels,Harbour Creations Legal Exhibit Labels
OFF-ST-10001328,Office Supplies,Storage,Personal Filing Tote with Lid
OFF-BOS-10001386,Office Supplies,Art,Boston Sketch Pad
OFF-FA-10000087,Office Supplies,Fasteners,Accos Clamps
TEC-PH-10002916,Technology,Phones,Apple Speaker Phone
OFF-AP-10004919,Office Supplies,Appliances,Hamilton Beach Blender
OFF-AP-10002753,Office Supplies,Appliances,Cuisinart Toaster
OFF-LA-10001188,Office Supplies,Labels,Novimex Shipping Labels
OFF-LA-10004545,Office Supplies,Labels,Avery 50
TEC-AC-10000152,Technology,Accessories,Logitech Flash Drive
OFF-AR-10003321,Office Supplies,Art,BIC Highlighters
OFF-FA-10003977,Office Supplies,Fasteners,Stockwell Rubber Bands
OFF-BI-10000721,Office Supplies,Binders,Ibico Binder Covers
OFF-LA-10004148,Office Supplies,Labels,Smead File Folder Labels
OFF-AR-10002677,Office Supplies,Art,BIC Pencil Sharpener
OFF-SAN-10001074,Office Supplies,Paper,SanDisk Message Books
TEC-CO-10003633,Technology,Copiers,Canon Ink
OFF-ELD-10003918,Office Supplies,Storage,Eldon Folders
TEC-KON-10002482,Technology,Machines,Konica Phone
OFF-BOS-10002705,Office Supplies,Art,Boston Highlighters
TEC-PH-10001575,Technology,Phones,Samsung Office Telephone
OFF-ST-10001890,Office Supplies,Storage,Eldon Trays
OFF-LA-10004411,Office Supplies,Labels,Avery File Folder Labels
TEC-SAN-10000740,Technology,Accessories,SanDisk Numeric Keypad
OFF-ST-10003764,Office Supplies,Storage,Tenex Box
TEC-OKI-10001454,Technology,Machines,Okidata Calculator
OFF-ST-10001646,Office Supplies,Storage,Fellowes Box
OFF-AR-10001602,Office Supplies,Art,Sanford Canvas
TEC-PH-10003303,Technology,Phones,Cisco Office Telephone
OFF-BI-10001294,Office Supplies,Binders,Fellowes Binding Cases
OFF-AP-10000600,Office Supplies,Appliances,KitchenAid Coffee Grinder
OFF-SU-10004846,Office Supplies,Supplies,Acme Box Cutter
OFF-HAM-10004471,Office Supplies,Appliances,Hamilton Beach Coffee Grinder
OFF-PA-10002645,Office Supplies,Paper,Green Bar Computer Printout Paper
OFF-JIF-10000165,Office Supplies,Envelopes,Jiffy Business Envelopes
OFF-PA-10003708,Office Supplies,Paper,Green Bar Computer Printout Paper
FUR-FU-10001977,Furniture,Furnishings,Deflect-O Frame
OFF-LA-10003271,Office Supplies,Labels,Novimex Shipping Labels
OFF-EN-10004462,Office Supplies,Envelopes,Ames Peel and Seal
FUR-FU-10002813,Furniture,Furnishings,DAX Contemporary Wood Frame with Silver Metal Mat
OFF-LA-10000236,Office Supplies,Labels,Avery Color Coded Labels
OFF-AR-10004215,Office Supplies,Art,Binney & Smith Canvas
OFF-PA-10002369,Office Supplies,Paper,Eaton Parchment Paper
FUR-FU-10001915,Furniture,Furnishings,Rubbermaid Stacking Tray
FUR-FU-10004640,Furniture,Furnishings,Tenex Light Bulb
OFF-AR-10002797,Office Supplies,Art,Sanford Highlighters
OFF-BIN-10000327,Office Supplies,Art,Binney & Smith Markers
FUR-ELD-10000335,Furniture,Furnishings,Eldon Door Stop
FUR-FU-10000060,Furniture,Furnishings,Advantus Light Bulb
OFF-LA-10002034,Office Supplies,Labels,Avery 478
OFF-SAN-10003285,Office Supplies,Art,Sanford Pens
OFF-ST-10004296,Office Supplies,Storage,Rogers Box
FUR-FU-10002630,Furniture,Furnishings,Tenex Clock
OFF-BI-10000081,Office Supplies,Binders,Ibico Index Tab
OFF-EN-10000296,Office Supplies,Envelopes,Cameo Business Envelopes
TEC-PH-10003589,Technology,Phones,invisibleSHIELD by ZAGG Smudge-Free Screen Protector
OFF-PA-10001385,Office Supplies,Paper,Xerox Memo Slips
OFF-SME-10001853,Office Supplies,Storage,Smead Folders
FUR-FU-10004797,Furniture,Furnishings,Tenex Stacking Tray
TEC-AC-10000115,Technology,Accessories,SanDisk Keyboard
OFF-HOO-10002715,Office Supplies,Appliances,Hoover Coffee Grinder
FUR-CH-10001347,Furniture,Chairs,SAFCO Steel Folding Chair
OFF-ST-10004317,Office Supplies,Storage,Smead Folders
OFF-BI-10001867,Office Supplies,Binders,Acco Binder Covers
OFF-BI-10004250,Office Supplies,Binders,Cardinal 3-Hole Punch
OFF-AME-10004759,Office Supplies,Envelopes,Ames Manila Envelope
FUR-FU-10003150,Furniture,Furnishings,Eldon Door Stop
OFF-PA-10003418,Office Supplies,Paper,Enermax Memo Slips
OFF-FA-10000838,Office Supplies,Fasteners,Stockwell Push Pins
OFF-SU-10003485,Office Supplies,Supplies,Elite Letter Opener
OFF-LA-10002334,Office Supplies,Labels,Novimex Removable Labels
OFF-EN-10001162,Office Supplies,Envelopes,GlobeWeis Mailers
TEC-MA-10000684,Technology,Machines,Okidata Calculator
OFF-AR-10002499,Office Supplies,Art,Binney & Smith Pencil Sharpener
OFF-SU-10002831,Office Supplies,Supplies,Acme Scissors
FUR-FU-10003036,Furniture,Furnishings,Eldon Door Stop
OFF-FA-10002084,Office Supplies,Fasteners,Accos Thumb Tacks
OFF-EN-10003898,Office Supplies,Envelopes,Ames Peel and Seal
OFF-PA-10001720,Office Supplies,Paper,Xerox Parchment Paper
OFF-KLE-10004771,Office Supplies,Supplies,Kleencut Shears
OFF-LA-10004737,Office Supplies,Labels,Avery Shipping Labels
OFF-EN-10004755,Office Supplies,Envelopes,Cameo Business Envelopes
OFF-AR-10002952,Office Supplies,Art,Stanley Contemporary Battery Pencil Sharpeners
OFF-ST-10000442,Office Supplies,Storage,Rogers Box
OFF-LA-10000692,Office Supplies,Labels,Avery Legal Exhibit Labels
OFF-FA-10003717,Office Supplies,Fasteners,Stockwell Clamps
OFF-BI-10002520,Office Supplies,Binders,Cardinal Hole Reinforcements
FUR-TEN-10000296,Furniture,Furnishings,Tenex Door Stop
OFF-PA-10002416,Office Supplies,Paper,Xerox Memo Slips
OFF-EN-10000315,Office Supplies,Envelopes,Jiffy Business Envelopes
OFF-PA-10000036,Office Supplies,Paper,Green Bar Note Cards
TEC-AC-10002900,Technology,Accessories,Belkin Mouse
OFF-XER-10003329,Office Supplies,Paper,Xerox Computer Printout Paper
OFF-BI-10002594,Office Supplies,Binders,Wilson Jones Binding Machine
OFF-BI-10000121,Office Supplies,Binders,Cardinal Index Tab
OFF-BI-10001754,Office Supplies,Binders,Ibico Binder Covers
OFF-XER-10003901,Office Supplies,Paper,Xerox Computer Printout Paper
FUR-CH-10000604,Furniture,Chairs,Office Star Rocking Chair
OFF-FA-10004792,Office Supplies,Fasteners,Advantus Staples
FUR-HON-10000344,Furniture,Chairs,Hon Rocking Chair
OFF-KLE-10001699,Office Supplies,Supplies,Kleencut Letter Opener
TEC-PH-10001961,Technology,Phones,Cisco Speaker Phone
OFF-SU-10000484,Office Supplies,Supplies,Kleencut Ruler
OFF-BI-10003132,Office Supplies,Binders,Cardinal Binding Machine
FUR-CH-10002793,Furniture,Chairs,Office Star Bag Chairs
FUR-FU-10001876,Furniture,Furnishings,Computer Room Manger
OFF-AR-10001833,Office Supplies,Art,Boston Highlighters
OFF-FA-10000757,Office Supplies,Fasteners,Stockwell Paper Clips
TEC-AC-10003416,Technology,Accessories,Memorex Mouse
TEC-PH-10004897,Technology,Phones,Mediabridge Sport Armband iPhone 5s
TEC-LOG-10001482,Technology,Accessories,Logitech Keyboard
OFF-FA-10004659,Office Supplies,Fasteners,Stockwell Thumb Tacks
OFF-SU-10002327,Office Supplies,Supplies,Fiskars Ruler
TEC-MEM-10000919,Technology,Accessories,Memorex Keyboard
OFF-PA-10003333,Office Supplies,Paper,Eaton Note Cards
OFF-KIT-10001040,Office Supplies,Appliances,KitchenAid Coffee Grinder
OFF-PA-10000876,Office Supplies,Paper,Eaton Computer Printout Paper
OFF-CAR-10002375,Office Supplies,Binders,Cardinal Binder Covers
OFF-PA-10001164,Office Supplies,Paper,Green Bar Message Books
OFF-STI-10002716,Office Supplies,Supplies,Stiletto Box Cutter
OFF-ST-10004342,Office Supplies,Storage,Eldon Box
OFF-GLO-10001127,Office Supplies,Envelopes,GlobeWeis Business Envelopes
OFF-LA-10003141,Office Supplies,Labels,Hon Shipping Labels
TEC-MA-10003112,Technology,Machines,StarTech Phone
TEC-PH-10000193,Technology,Phones,Jensen SMPS-640 - speaker phone
OFF-AP-10000382,Office Supplies,Appliances,Breville Coffee Grinder
OFF-PA-10001569,Office Supplies,Paper,Xerox 232
TEC-SAN-10004215,Technology,Accessories,SanDisk Keyboard
FUR-FU-10004064,Furniture,Furnishings,Rubbermaid Door Stop
OFF-BI-10003638,Office Supplies,Binders,GBC Durable Plastic Covers
OFF-STO-10002449,Office Supplies,Fasteners,Stockwell Rubber Bands
OFF-SME-10004247,Office Supplies,Storage,Smead Shelving
OFF-AR-10003962,Office Supplies,Art,Binney & Smith Highlighters
OFF-HON-10003921,Office Supplies,Labels,Hon Removable Labels
TEC-LOG-10001629,Technology,Accessories,Logitech Mouse
TEC-AC-10001942,Technology,Accessories,Memorex Flash Drive
FUR-FU-10000067,Furniture,Furnishings,Rubbermaid Photo Frame
TEC-PH-10002658,Technology,Phones,Apple Signal Booster
OFF-BI-10002354,Office Supplies,Binders,Acco Binder
FUR-FU-10001619,Furniture,Furnishings,Advantus Clock
OFF-FA-10003626,Office Supplies,Fasteners,Advantus Rubber Bands
TEC-AC-10003441,Technology,Accessories,Kingston Digital DataTraveler 32GB USB 2.0
OFF-PA-10003022,Office Supplies,Paper,Standard Line While You Were Out Hardbound Telephone Message Book
OFF-LA-10002465,Office Supplies,Labels,Hon Shipping Labels
FUR-BO-10003433,Furniture,Bookcases,Sauder Cornerstone Collection Library
OFF-ACC-10000687,Office Supplies,Fasteners,Accos Clamps
OFF-EN-10003607,Office Supplies,Envelopes,Cameo Business Envelopes
FUR-FU-10002698,Furniture,Furnishings,Deflect-O Clock
OFF-PA-10000302,Office Supplies,Paper,Eaton Computer Printout Paper
OFF-BOS-10000577,Office Supplies,Art,Boston Highlighters
OFF-EN-10002372,Office Supplies,Envelopes,GlobeWeis Manila Envelope
OFF-SU-10003157,Office Supplies,Supplies,Elite Letter Opener
TEC-MA-10003493,Technology,Machines,Penpower WorldCard Pro Card Scanner
OFF-ST-10003344,Office Supplies,Storage,Rogers Folders
FUR-FU-10001495,Furniture,Furnishings,Eldon Door Stop
OFF-LA-10003283,Office Supplies,Labels,Harbour Creations Removable Labels
OFF-SU-10000150,Office Supplies,Supplies,Stiletto Ruler
OFF-AR-10000461,Office Supplies,Art,Binney & Smith Highlighters
FUR-FU-10004462,Furniture,Furnishings,Advantus Stacking Tray
OFF-PA-10004573,Office Supplies,Paper,Enermax Memo Slips
OFF-SU-10003991,Office Supplies,Supplies,Fiskars Shears
FUR-CH-10001282,Furniture,Chairs,Hon Bag Chairs
OFF-SU-10000381,Office Supplies,Supplies,Acme Forged Steel Scissors with Black Enamel Handles
OFF-AR-10003478,Office Supplies,Art,Avery Hi-Liter EverBold Pen Style Fluorescent Highlighters
OFF-SU-10002599,Office Supplies,Supplies,Stiletto Letter Opener
OFF-BIN-10000901,Office Supplies,Art,Binney & Smith Pens
OFF-ST-10002466,Office Supplies,Storage,Smead Box
OFF-AR-10000066,Office Supplies,Art,Sanford Pens
OFF-AR-10000538,Office Supplies,Art,Boston Model 1800 Electric Pencil Sharpener
TEC-ENE-10003090,Technology,Accessories,Enermax Memory Card
OFF-PA-10000915,Office Supplies,Paper,Eaton Note Cards
OFF-BI-10003724,Office Supplies,Binders,Cardinal Index Tab
OFF-BI-10003468,Office Supplies,Binders,Wilson Jones Binder Covers
OFF-PA-10002218,Office Supplies,Paper,Enermax Note Cards
TEC-PH-10002923,Technology,Phones,Logitech B530 USB Headset - headset - Full size
OFF-BI-10001643,Office Supplies,Binders,Acco Binder
OFF-AR-10004109,Office Supplies,Art,Boston Sketch Pad
OFF-EN-10000051,Office Supplies,Envelopes,GlobeWeis Manila Envelope
OFF-LA-10003511,Office Supplies,Labels,Avery Round Labels
OFF-BI-10001293,Office Supplies,Binders,Acco 3-Hole Punch
TEC-AC-10003590,Technology,Accessories,TRENDnet 56K USB 2.0 Phone
OFF-PA-10002421,Office Supplies,Paper,Embossed Ink Jet Note Cards
OFF-BI-10002986,Office Supplies,Binders,Avery Binder Covers
OFF-FA-10000700,Office Supplies,Fasteners,OIC Thumb Tacks
OFF-PA-10002303,Office Supplies,Paper,Eaton Parchment Paper
OFF-ST-10004409,Office Supplies,Storage,Rogers Box
OFF-KRA-10002789,Office Supplies,Envelopes,Kraft Peel and Seal
FUR-FU-10004289,Furniture,Furnishings,Deflect-O Stacking Tray
TEC-AC-10004341,Technology,Accessories,Belkin Mouse
OFF-PA-10003359,Office Supplies,Paper,Eaton Cards & Envelopes
FUR-ADV-10000108,Furniture,Furnishings,Advantus Clock
TEC-AC-10003763,Technology,Accessories,Logitech Mouse
OFF-AR-10000293,Office Supplies,Art,BIC Sketch Pad
OFF-SU-10001923,Office Supplies,Supplies,Kleencut Letter Opener
OFF-PA-10003774,Office Supplies,Paper,Enermax Computer Printout Paper
FUR-ELD-10003802,Furniture,Furnishings,Eldon Photo Frame
OFF-ENE-10003409,Office Supplies,Paper,Enermax Memo Slips
OFF-AR-10003688,Office Supplies,Art,Sanford Canvas
OFF-AR-10004138,Office Supplies,Art,Stanley Pens
OFF-PA-10004911,Office Supplies,Paper,Rediform S.O.S. 1-Up Phone Message Bk
OFF-PA-10004241,Office Supplies,Paper,SanDisk Memo Slips
OFF-FA-10001054,Office Supplies,Fasteners,Advantus Thumb Tacks
OFF-BI-10000806,Office Supplies,Binders,Acco Index Tab
OFF-LA-10002324,Office Supplies,Labels,Smead Removable Labels
OFF-PA-10000522,Office Supplies,Paper,Green Bar Message Books
OFF-PA-10003571,Office Supplies,Paper,Enermax Cards & Envelopes
OFF-AR-10001879,Office Supplies,Art,Stanley Pencil Sharpener
OFF-EN-10003838,Office Supplies,Envelopes,Cameo Peel and Seal
OFF-AR-10002939,Office Supplies,Art,Stanley Highlighters
OFF-EN-10003729,Office Supplies,Envelopes,Kraft Manila Envelope
OFF-BRE-10004211,Office Supplies,Appliances,Breville Blender
OFF-ELI-10000711,Office Supplies,Supplies,Elite Scissors
OFF-LA-10004007,Office Supplies,Labels,Harbour Creations Color Coded Labels
FUR-RUB-10002021,Furniture,Furnishings,Rubbermaid Light Bulb
FUR-FU-10002412,Furniture,Furnishings,Tenex Clock
OFF-AR-10001615,Office Supplies,Art,Newell 34
OFF-BI-10003963,Office Supplies,Binders,Cardinal Holdit Data Disk Pockets
FUR-RUB-10001484,Furniture,Furnishings,Rubbermaid Clock
OFF-FA-10003815,Office Supplies,Fasteners,Stockwell Clamps
OFF-BI-10002278,Office Supplies,Binders,Ibico Binder Covers
OFF-FA-10001026,Office Supplies,Fasteners,Stockwell Paper Clips
OFF-FA-10001925,Office Supplies,Fasteners,Advantus Staples
TEC-PH-10000213,Technology,Phones,Seidio BD2-HK3IPH5-BK DILEX Case and Holster Combo for Apple iPhone 5/5s - Black
OFF-FA-10004754,Office Supplies,Fasteners,Advantus Rubber Bands
OFF-FA-10004795,Office Supplies,Fasteners,Advantus Paper Clips
OFF-EN-10000781,Office Supplies,Envelopes,"#10- 4 1/8"" x 9 1/2"" Recycled Envelopes"
TEC-AC-10004992,Technology,Accessories,Kingston Digital DataTraveler 64GB USB 2.0
OFF-BI-10002429,Office Supplies,Binders,Premier Elliptical Ring Binder
TEC-PH-10000237,Technology,Phones,Motorola Office Telephone
OFF-BI-10001055,Office Supplies,Binders,Wilson Jones Hole Reinforcements
FUR-CH-10002743,Furniture,Chairs,Novimex Chairmat
OFF-AP-10000358,Office Supplies,Appliances,Fellowes Basic Home/Office Series Surge Protectors
FUR-FU-10000039,Furniture,Furnishings,Tenex Light Bulb
TEC-AC-10002482,Technology,Accessories,Logitech Mouse
OFF-ST-10004432,Office Supplies,Storage,Fellowes Folders
OFF-PA-10002771,Office Supplies,Paper,Xerox Computer Printout Paper
OFF-EN-10004684,Office Supplies,Envelopes,GlobeWeis Mailers
OFF-ST-10000798,Office Supplies,Storage,2300 Heavy-Duty Transfer File Systems by Perma
OFF-AR-10000452,Office Supplies,Art,Boston Pencil Sharpener
TEC-AC-10003081,Technology,Accessories,Memorex Mouse
OFF-EN-10004604,Office Supplies,Envelopes,Ames Peel and Seal
OFF-PA-10004287,Office Supplies,Paper,Enermax Message Books
OFF-BIC-10002440,Office Supplies,Art,BIC Sketch Pad
FUR-FU-10000350,Furniture,Furnishings,Rubbermaid Light Bulb
OFF-AR-10003978,Office Supplies,Art,Binney & Smith Sketch Pad
OFF-BI-10002628,Office Supplies,Binders,Avery 3-Hole Punch
FUR-FU-10002554,Furniture,Furnishings,Westinghouse Floor Lamp with Metal Mesh Shade
OFF-SU-10001722,Office Supplies,Supplies,Stiletto Box Cutter
OFF-PA-10003513,Office Supplies,Paper,Enermax Message Books
OFF-ST-10004946,Office Supplies,Storage,Desktop 3-Pocket Hot File
OFF-SU-10001894,Office Supplies,Supplies,Elite Scissors
OFF-CAM-10001141,Office Supplies,Envelopes,Cameo Manila Envelope
OFF-EN-10000383,Office Supplies,Envelopes,Kraft Business Envelopes
OFF-AR-10004772,Office Supplies,Art,Boston Highlighters
TEC-AC-10004814,Technology,Accessories,Logitech Illuminated Ultrathin Keyboard with Backlighting
OFF-BI-10001107,Office Supplies,Binders,GBC White Gloss Covers
FUR-TEN-10004388,Furniture,Furnishings,Tenex Door Stop
TEC-APP-10000135,Technology,Phones,Apple Office Telephone
FUR-FU-10002800,Furniture,Furnishings,Tenex Photo Frame
OFF-BI-10002386,Office Supplies,Binders,Acco Index Tab
FUR-FU-10001765,Furniture,Furnishings,Eldon Clock
FUR-TA-10004584,Furniture,Tables,Hon Training Table
OFF-AR-10004744,Office Supplies,Art,Binney & Smith Sketch Pad
OFF-ST-10002220,Office Supplies,Storage,Fellowes File Cart
TEC-MEM-10000649,Technology,Accessories,Memorex Numeric Keypad
OFF-ST-10003012,Office Supplies,Storage,Tenex Folders
OFF-FA-10001953,Office Supplies,Fasteners,Advantus Clamps
TEC-BEL-10002516,Technology,Accessories,Belkin Mouse
OFF-FIS-10002703,Office Supplies,Supplies,Fiskars Letter Opener
OFF-BIN-10001257,Office Supplies,Art,Binney & Smith Sketch Pad
OFF-EN-10003472,Office Supplies,Envelopes,Cameo Clasp Envelope
OFF-LA-10002995,Office Supplies,Labels,Avery Removable Labels
FUR-FU-10003849,Furniture,Furnishings,DAX Metal Frame
OFF-AVE-10004909,Office Supplies,Binders,Avery 3-Hole Punch
OFF-FA-10001029,Office Supplies,Fasteners,OIC Push Pins
OFF-PA-10003838,Office Supplies,Paper,Eaton Note Cards
TEC-PH-10000702,Technology,Phones,Square Credit Card Reader
OFF-SU-10001682,Office Supplies,Supplies,Kleencut Letter Opener
OFF-EN-10002464,Office Supplies,Envelopes,Cameo Peel and Seal
TEC-AC-10002345,Technology,Accessories,HP Standard 104 key PS/2 Keyboard
OFF-FA-10001435,Office Supplies,Fasteners,Advantus Rubber Bands
OFF-STA-10004327,Office Supplies,Art,Stanley Markers
OFF-IBI-10000684,Office Supplies,Binders,Ibico Binding Machine
OFF-AR-10001725,Office Supplies,Art,Boston Home & Office Model 2000 Electric Pencil Sharpeners
OFF-BIC-10000718,Office Supplies,Art,BIC Pencil Sharpener
OFF-LA-10003422,Office Supplies,Labels,Smead Color Coded Labels
OFF-FA-10002965,Office Supplies,Fasteners,Accos Clamps
FUR-FU-10001583,Furniture,Furnishings,Deflect-O Light Bulb
OFF-FA-10000189,Office Supplies,Fasteners,OIC Paper Clips
OFF-LA-10000379,Office Supplies,Labels,Harbour Creations Legal Exhibit Labels
OFF-ST-10004972,Office Supplies,Storage,Eldon Shelving
TEC-AC-10004451,Technology,Accessories,SanDisk Mouse
OFF-BI-10003633,Office Supplies,Binders,Avery Binding Machine
OFF-FA-10003703,Office Supplies,Fasteners,Accos Clamps
FUR-FU-10000771,Furniture,Furnishings,Eldon 200 Class Desk Accessories
TEC-ENE-10000895,Technology,Accessories,Enermax Mouse
OFF-AR-10004614,Office Supplies,Art,Boston Pencil Sharpener
FUR-FU-10000732,Furniture,Furnishings,Eldon 200 Class Desk Accessories
OFF-PA-10002870,Office Supplies,Paper,Ampad Phone Message Book
FUR-BO-10001524,Furniture,Bookcases,Bush Stackable Bookrack
OFF-EN-10000338,Office Supplies,Envelopes,Kraft Mailers
OFF-EN-10004571,Office Supplies,Envelopes,Ames Peel and Seal
OFF-AR-10000762,Office Supplies,Art,BIC Pens
OFF-PA-10002499,Office Supplies,Paper,Xerox 1890
OFF-EN-10004173,Office Supplies,Envelopes,Ames Peel and Seal
OFF-AP-10000545,Office Supplies,Appliances,Cuisinart Toaster
FUR-FU-10004152,Furniture,Furnishings,Eldon Photo Frame
OFF-AR-10003696,Office Supplies,Art,Panasonic KP-350BK Electric Pencil Sharpener with Auto Stop
OFF-HON-10001102,Office Supplies,Labels,Hon Legal Exhibit Labels
OFF-PA-10002237,Office Supplies,Paper,Enermax Memo Slips
OFF-ST-10004046,Office Supplies,Storage,Fellowes Box
OFF-SU-10004822,Office Supplies,Supplies,Acme Letter Opener
TEC-AC-10004859,Technology,Accessories,Maxell Pro 80 Minute CD-R
OFF-FA-10004709,Office Supplies,Fasteners,Stockwell Clamps
OFF-PA-10002338,Office Supplies,Paper,Green Bar Parchment Paper
OFF-AP-10004980,Office Supplies,Appliances,3M Replacement Filter for Office Air Cleaner for 20' x 33' Room
TEC-PH-10001300,Technology,Phones,iKross Bluetooth Portable Keyboard + Cell Phone Stand Holder + Brush for Apple iPhone 5S 5C 5
TEC-AC-10004252,Technology,Accessories,SanDisk Mouse
OFF-AR-10001607,Office Supplies,Art,Stanley Pencil Sharpener
FUR-FU-10002094,Furniture,Furnishings,Rubbermaid Photo Frame
OFF-EN-10001315,Office Supplies,Envelopes,Jiffy Manila Envelope
OFF-AP-10003400,Office Supplies,Appliances,Hamilton Beach Toaster
OFF-AP-10003177,Office Supplies,Appliances,Hamilton Beach Toaster
OFF-BI-10003367,Office Supplies,Binders,Wilson Jones Binder
OFF-EN-10003577,Office Supplies,Envelopes,GlobeWeis Manila Envelope
FUR-FU-10000388,Furniture,Furnishings,Rubbermaid Door Stop
OFF-SU-10003355,Office Supplies,Supplies,Acme Trimmer
OFF-IBI-10004323,Office Supplies,Binders,Ibico Binder Covers
OFF-FA-10000577,Office Supplies,Fasteners,Stockwell Push Pins
OFF-LA-10000732,Office Supplies,Labels,Novimex Round Labels
OFF-ST-10002424,Office Supplies,Storage,Smead Trays
OFF-ST-10000300,Office Supplies,Storage,Eldon Folders
OFF-LA-10002674,Office Supplies,Labels,Harbour Creations Color Coded Labels
OFF-PA-10000215,Office Supplies,Paper,Eaton Parchment Paper
FUR-FU-10002069,Furniture,Furnishings,Advantus Door Stop
OFF-AR-10002818,Office Supplies,Art,Panasonic KP-310 Heavy-Duty Electric Pencil Sharpener
FUR-ELD-10004515,Furniture,Furnishings,Eldon Door Stop
OFF-LA-10000590,Office Supplies,Labels,Smead Color Coded Labels
OFF-BI-10001460,Office Supplies,Binders,Plastic Binding Combs
OFF-HAM-10001712,Office Supplies,Appliances,Hamilton Beach Blender
OFF-SU-10000198,Office Supplies,Supplies,Fiskars Scissors
OFF-PA-10003969,Office Supplies,Paper,Green Bar Note Cards
OFF-EN-10002263,Office Supplies,Envelopes,GlobeWeis Interoffice Envelope
OFF-EN-10003040,Office Supplies,Envelopes,Quality Park Security Envelopes
OFF-ST-10004050,Office Supplies,Storage,Fellowes Folders
OFF-EN-10000142,Office Supplies,Envelopes,Ames Business Envelopes
OFF-GLO-10004610,Office Supplies,Envelopes,GlobeWeis Peel and Seal
OFF-EN-10003352,Office Supplies,Envelopes,Kraft Manila Envelope
OFF-ST-10003331,Office Supplies,Storage,Rogers File Cart
OFF-PA-10002372,Office Supplies,Paper,SanDisk Computer Printout Paper
FUR-FU-10000163,Furniture,Furnishings,Deflect-O Frame
FUR-BO-10004312,Furniture,Bookcases,Bush Floating Shelf Set
OFF-XER-10000566,Office Supplies,Paper,Xerox Note Cards
TEC-CO-10002681,Technology,Copiers,HP Personal Copier
OFF-LA-10002295,Office Supplies,Labels,Novimex Shipping Labels
FUR-FU-10000975,Furniture,Furnishings,Eldon Clock
OFF-FA-10000401,Office Supplies,Fasteners,Advantus Paper Clips
OFF-SU-10001831,Office Supplies,Supplies,Stiletto Scissors
TEC-AC-10002458,Technology,Accessories,Logitech Mouse
OFF-ST-10001325,Office Supplies,Storage,Sterilite Officeware Hinged File Box
OFF-ST-10003572,Office Supplies,Storage,Portfile Personal File Boxes
OFF-BI-10002414,Office Supplies,Binders,Ibico Index Tab
OFF-FA-10001051,Office Supplies,Fasteners,OIC Rubber Bands
OFF-LA-10004744,Office Supplies,Labels,Smead Shipping Labels
OFF-LA-10000760,Office Supplies,Labels,Smead Shipping Labels
OFF-EN-10002490,Office Supplies,Envelopes,Kraft Peel and Seal
TEC-PAN-10004279,Technology,Machines,Panasonic Phone
OFF-HOO-10001987,Office Supplies,Appliances,Hoover Coffee Grinder
OFF-SU-10000047,Office Supplies,Supplies,Kleencut Box Cutter
OFF-AR-10003450,Office Supplies,Art,BIC Markers
OFF-LA-10004285,Office Supplies,Labels,Smead Legal Exhibit Labels
OFF-LA-10001169,Office Supplies,Labels,Harbour Creations Round Labels
OFF-LA-10000668,Office Supplies,Labels,Smead Removable Labels
OFF-SU-10003544,Office Supplies,Supplies,Kleencut Scissors
FUR-HON-10003653,Furniture,Chairs,Hon Steel Folding Chair
OFF-AR-10003897,Office Supplies,Art,Stanley Pencil Sharpener
OFF-SU-10000776,Office Supplies,Supplies,Elite Letter Opener
FUR-FU-10000023,Furniture,Furnishings,Eldon Wave Desk Accessories
OFF-BI-10001305,Office Supplies,Binders,Cardinal Binder
OFF-LA-10000414,Office Supplies,Labels,Avery 503
OFF-BOS-10000350,Office Supplies,Art,Boston Pens
OFF-NOV-10004680,Office Supplies,Labels,Novimex Shipping Labels
FUR-CH-10001278,Furniture,Chairs,SAFCO Chairmat
OFF-ST-10004382,Office Supplies,Storage,Tenex Folders
OFF-ST-10001073,Office Supplies,Storage,Eldon File Cart
OFF-PA-10002930,Office Supplies,Paper,SanDisk Cards & Envelopes
FUR-FU-10003420,Furniture,Furnishings,Deflect-O Door Stop
TEC-OKI-10004199,Technology,Machines,Okidata Receipt Printer
FUR-DEF-10000349,Furniture,Furnishings,Deflect-O Stacking Tray
TEC-CAN-10001256,Technology,Copiers,Canon Wireless Fax
OFF-FA-10001530,Office Supplies,Fasteners,Accos Paper Clips
OFF-LA-10004122,Office Supplies,Labels,Avery Color Coded Labels
OFF-AR-10002392,Office Supplies,Art,Binney & Smith Highlighters
OFF-ST-10001776,Office Supplies,Storage,Eldon Trays
OFF-WIL-10000390,Office Supplies,Binders,Wilson Jones Binder
FUR-DEF-10000639,Furniture,Furnishings,Deflect-O Photo Frame
OFF-PA-10000694,Office Supplies,Paper,Green Bar Message Books
OFF-FA-10001375,Office Supplies,Fasteners,Accos Clamps
OFF-LA-10002107,Office Supplies,Labels,Harbour Creations Removable Labels
OFF-AP-10000692,Office Supplies,Appliances,Fellowes Mighty 8 Compact Surge Protector
OFF-EN-10004183,Office Supplies,Envelopes,Jiffy Business Envelopes
FUR-CH-10004736,Furniture,Chairs,Novimex Bag Chairs
OFF-FA-10002308,Office Supplies,Fasteners,Accos Push Pins
OFF-ST-10002301,Office Supplies,Storage,Tennsco Commercial Shelving
TEC-EPS-10001323,Technology,Machines,Epson Calculator
OFF-FA-10001427,Office Supplies,Fasteners,Stockwell Paper Clips
OFF-BI-10002080,Office Supplies,Binders,Acco Binder
OFF-BI-10003582,Office Supplies,Binders,Cardinal Index Tab
TEC-AC-10002130,Technology,Accessories,Logitech Flash Drive
OFF-FA-10003505,Office Supplies,Fasteners,OIC Thumb Tacks
TEC-PH-10001183,Technology,Phones,Samsung Office Telephone
OFF-BI-10001362,Office Supplies,Binders,Avery Binder
TEC-LOG-10001434,Technology,Accessories,Logitech Keyboard
FUR-CH-10002574,Furniture,Chairs,Office Star Chairmat
OFF-PA-10004100,Office Supplies,Paper,Xerox 216
FUR-FU-10001057,Furniture,Furnishings,Tensor Track Tree Floor Lamp
TEC-CO-10004191,Technology,Copiers,HP Ink
OFF-LA-10003210,Office Supplies,Labels,Harbour Creations File Folder Labels
OFF-LA-10001474,Office Supplies,Labels,Avery 477
OFF-SU-10000378,Office Supplies,Supplies,Kleencut Scissors
OFF-PA-10004994,Office Supplies,Paper,Green Bar Parchment Paper
OFF-BI-10004828,Office Supplies,Binders,GBC Poly Designer Binding Covers
OFF-ACC-10003909,Office Supplies,Fasteners,Accos Push Pins
OFF-AR-10004594,Office Supplies,Art,Sanford Canvas
TEC-SAM-10004851,Technology,Phones,Samsung Office Telephone
OFF-SU-10001868,Office Supplies,Supplies,Elite Box Cutter
OFF-SU-10001442,Office Supplies,Supplies,Acme Scissors
OFF-AR-10000588,Office Supplies,Art,Newell 345
FUR-FU-10001591,Furniture,Furnishings,Advantus Panel Wall Certificate Holder - 8.5x11
FUR-FU-10001934,Furniture,Furnishings,Magnifier Swing Arm Lamp
OFF-ACM-10001704,Office Supplies,Supplies,Acme Letter Opener
FUR-CH-10002693,Furniture,Chairs,Harbour Creations Swivel Stool
OFF-BI-10000490,Office Supplies,Binders,Cardinal Binder
OFF-BI-10002364,Office Supplies,Binders,Acco Binder
FUR-FU-10002553,Furniture,Furnishings,Electrix Incandescent Magnifying Lamp
OFF-SU-10002537,Office Supplies,Supplies,Acme Box Cutter Scissors
OFF-FA-10003123,Office Supplies,Fasteners,Stockwell Staples
TEC-APP-10001851,Technology,Phones,Apple Headset
OFF-FA-10001957,Office Supplies,Fasteners,OIC Push Pins
OFF-PA-10004156,Office Supplies,Paper,Xerox 188
OFF-AVE-10000608,Office Supplies,Binders,Avery Index Tab
OFF-FA-10002120,Office Supplies,Fasteners,Advantus Paper Clips
TEC-PH-10001651,Technology,Phones,Samsung Speaker Phone
OFF-BI-10003018,Office Supplies,Binders,Avery Binder
OFF-AR-10000814,Office Supplies,Art,Binney & Smith Canvas
FUR-RUB-10004420,Furniture,Furnishings,Rubbermaid Door Stop
OFF-FA-10004899,Office Supplies,Fasteners,OIC Clamps
OFF-BI-10001036,Office Supplies,Binders,Cardinal EasyOpen D-Ring Binders
OFF-ST-10004857,Office Supplies,Storage,Smead Folders
TEC-AC-10000151,Technology,Accessories,SanDisk Flash Drive
OFF-ST-10000806,Office Supplies,Storage,Fellowes Shelving
OFF-BIC-10003473,Office Supplies,Art,BIC Markers
FUR-FU-10000483,Furniture,Furnishings,Tenex Clock
OFF-LA-10002225,Office Supplies,Labels,Hon Shipping Labels
OFF-PA-10003673,Office Supplies,Paper,Strathmore Photo Mount Cards
OFF-EN-10000224,Office Supplies,Envelopes,Cameo Clasp Envelope
OFF-LA-10001187,Office Supplies,Labels,Smead Color Coded Labels
FUR-FU-10003507,Furniture,Furnishings,Deflect-O Stacking Tray
OFF-SU-10004048,Office Supplies,Supplies,Kleencut Shears
OFF-AP-10003278,Office Supplies,Appliances,Belkin 7-Outlet SurgeMaster Home Series
OFF-EN-10000069,Office Supplies,Envelopes,Ames Mailers
OFF-SU-10003046,Office Supplies,Supplies,Elite Letter Opener
OFF-EN-10003507,Office Supplies,Envelopes,Kraft Business Envelopes
OFF-FA-10002071,Office Supplies,Fasteners,Accos Thumb Tacks
OFF-FA-10001339,Office Supplies,Fasteners,Accos Thumb Tacks
TEC-AC-10004633,Technology,Accessories,Verbatim 25 GB 6x Blu-ray Single Layer Recordable Disc
OFF-EN-10001047,Office Supplies,Envelopes,Jiffy Manila Envelope
OFF-JIF-10000981,Office Supplies,Envelopes,Jiffy Peel and Seal
TEC-CIS-10002814,Technology,Phones,Cisco Headset
OFF-AP-10000825,Office Supplies,Appliances,KitchenAid Coffee Grinder
OFF-PA-10003320,Office Supplies,Paper,Green Bar Parchment Paper
TEC-SHA-10001976,Technology,Copiers,Sharp Ink
TEC-BEL-10002178,Technology,Accessories,Belkin Flash Drive
OFF-BI-10003694,Office Supplies,Binders,"Avery 3 1/2"" Diskette Storage Pages"
OFF-PA-10004381,Office Supplies,Paper,14-7/8 x 11 Blue Bar Computer Printout Paper
OFF-PA-10002160,Office Supplies,Paper,Xerox 1978
FUR-SAF-10001870,Furniture,Chairs,SAFCO Chairmat
OFF-AR-10004348,Office Supplies,Art,Boston Sketch Pad
OFF-SU-10000954,Office Supplies,Supplies,Acme Scissors
TEC-PH-10004774,Technology,Phones,Gear Head AU3700S Headset
OFF-FA-10002066,Office Supplies,Fasteners,OIC Clamps
OFF-PA-10004337,Office Supplies,Paper,Eaton Computer Printout Paper
OFF-BI-10004826,Office Supplies,Binders,JM Magazine Binder
OFF-ST-10001034,Office Supplies,Storage,Eldon File Chest Portable File
OFF-AR-10002055,Office Supplies,Art,Binney & Smith Markers
TEC-MA-10004902,Technology,Machines,Konica Phone
OFF-JIF-10004450,Office Supplies,Envelopes,Jiffy Mailers
FUR-CH-10002817,Furniture,Chairs,Harbour Creations Chairmat
TEC-AC-10002815,Technology,Accessories,SanDisk Keyboard
OFF-EN-10004486,Office Supplies,Envelopes,GlobeWeis Business Envelopes
OFF-CAR-10004293,Office Supplies,Binders,Cardinal Binding Machine
OFF-SU-10004771,Office Supplies,Supplies,Elite Ruler
TEC-AC-10002881,Technology,Accessories,Belkin Numeric Keypad
OFF-PA-10001892,Office Supplies,Paper,"Rediform Wirebound ""Phone Memo"" Message Book"
OFF-AP-10001303,Office Supplies,Appliances,Holmes Cool Mist Humidifier for the Whole House with 8-Gallon Output per Day
FUR-FU-10003799,Furniture,Furnishings,"Seth Thomas 13 1/2"" Wall Clock"
OFF-LA-10004749,Office Supplies,Labels,Novimex Removable Labels
OFF-LA-10001194,Office Supplies,Labels,Novimex Removable Labels
OFF-SU-10002135,Office Supplies,Supplies,Fiskars Shears
OFF-SAN-10002441,Office Supplies,Art,Sanford Highlighters
FUR-FU-10000010,Furniture,Furnishings,DAX Value U-Channel Document Frames
OFF-PA-10004444,Office Supplies,Paper,SanDisk Note Cards
TEC-KON-10001519,Technology,Machines,Konica Calculator
OFF-SU-10004650,Office Supplies,Supplies,Acme Scissors
OFF-FA-10003139,Office Supplies,Fasteners,Advantus Push Pins
OFF-FIS-10003463,Office Supplies,Supplies,Fiskars Letter Opener
OFF-LA-10001541,Office Supplies,Labels,Avery Removable Labels
TEC-MA-10000423,Technology,Machines,Texas Instruments TI-34 Scientific Calculator
OFF-PA-10001461,Office Supplies,Paper,HP Office Paper (20Lb. and 87 Bright)
OFF-SU-10001750,Office Supplies,Supplies,Stiletto Trimmer
OFF-BI-10000871,Office Supplies,Binders,Wilson Jones Binder Covers
OFF-BI-10003725,Office Supplies,Binders,Cardinal 3-Hole Punch
FUR-ELD-10004994,Furniture,Furnishings,Eldon Clock
OFF-SU-10000969,Office Supplies,Supplies,Fiskars Box Cutter
OFF-ST-10000123,Office Supplies,Storage,Fellowes Folders
OFF-HAM-10000430,Office Supplies,Appliances,Hamilton Beach Blender
OFF-JIF-10002621,Office Supplies,Envelopes,Jiffy Business Envelopes
FUR-BUS-10004622,Furniture,Bookcases,Bush Corner Shelving
FUR-CH-10002924,Furniture,Chairs,Novimex Steel Folding Chair
OFF-EN-10003850,Office Supplies,Envelopes,GlobeWeis Clasp Envelope
OFF-FA-10003819,Office Supplies,Fasteners,Advantus Paper Clips
OFF-LA-10002544,Office Supplies,Labels,Novimex Color Coded Labels
OFF-SU-10004481,Office Supplies,Supplies,Stiletto Shears
OFF-AP-10002041,Office Supplies,Appliances,Cuisinart Toaster
FUR-HAR-10001144,Furniture,Chairs,Harbour Creations Bag Chairs
OFF-SU-10002227,Office Supplies,Supplies,Elite Letter Opener
OFF-BI-10003277,Office Supplies,Binders,Ibico Binder Covers
OFF-LA-10004400,Office Supplies,Labels,Hon Legal Exhibit Labels
OFF-IBI-10001494,Office Supplies,Binders,Ibico Index Tab
OFF-PA-10003020,Office Supplies,Paper,Xerox Message Books
OFF-STO-10001142,Office Supplies,Fasteners,Stockwell Push Pins
OFF-KLE-10000466,Office Supplies,Supplies,Kleencut Letter Opener
OFF-SAN-10004602,Office Supplies,Paper,SanDisk Parchment Paper
OFF-LA-10004034,Office Supplies,Labels,Harbour Creations Color Coded Labels
OFF-AR-10000681,Office Supplies,Art,Binney & Smith Sketch Pad
OFF-BI-10001124,Office Supplies,Binders,Ibico Binder Covers
OFF-FA-10000131,Office Supplies,Fasteners,Accos Clamps
OFF-BI-10000777,Office Supplies,Binders,Ibico Binder Covers
OFF-PA-10002764,Office Supplies,Paper,Staples
FUR-ELD-10003828,Furniture,Furnishings,Eldon Light Bulb
OFF-AP-10001565,Office Supplies,Appliances,Cuisinart Coffee Grinder
TEC-AC-10004195,Technology,Accessories,Memorex Numeric Keypad
OFF-BI-10000725,Office Supplies,Binders,Wilson Jones Binding Machine
OFF-TEN-10003948,Office Supplies,Storage,Tenex Box
TEC-MA-10004684,Technology,Machines,StarTech Phone
OFF-PA-10001685,Office Supplies,Paper,Eaton Parchment Paper
OFF-FA-10000411,Office Supplies,Fasteners,Accos Clamps
OFF-CAR-10001428,Office Supplies,Binders,Cardinal Index Tab
OFF-PA-10001301,Office Supplies,Paper,SanDisk Computer Printout Paper
OFF-LA-10003084,Office Supplies,Labels,Avery File Folder Labels
OFF-EN-10003632,Office Supplies,Envelopes,Jiffy Mailers
OFF-KIT-10003938,Office Supplies,Appliances,KitchenAid Toaster
TEC-PH-10003535,Technology,Phones,RCA ViSYS 25423RE1 Corded phone
OFF-LA-10002945,Office Supplies,Labels,Permanent Self-Adhesive File Folder Labels for Typewriters
OFF-EAT-10000522,Office Supplies,Paper,Eaton Computer Printout Paper
OFF-HAR-10003659,Office Supplies,Labels,Harbour Creations Color Coded Labels
OFF-EN-10004775,Office Supplies,Envelopes,Kraft Manila Envelope
OFF-LA-10004058,Office Supplies,Labels,Hon Legal Exhibit Labels
OFF-BI-10000282,Office Supplies,Binders,Ibico Binder
TEC-AC-10000218,Technology,Accessories,SanDisk Numeric Keypad
OFF-SU-10004249,Office Supplies,Supplies,Stiletto Shears
TEC-NOK-10003341,Technology,Phones,Nokia Headset
OFF-BIN-10004512,Office Supplies,Art,Binney & Smith Pens
OFF-ELD-10001037,Office Supplies,Storage,Eldon Trays
OFF-PA-10004261,Office Supplies,Paper,Green Bar Memo Slips
FUR-CH-10004943,Furniture,Chairs,Office Star Bag Chairs
FUR-FU-10003247,Furniture,Furnishings,36X48 HARDFLOOR CHAIRMAT
OFF-SU-10004283,Office Supplies,Supplies,Elite Shears
OFF-SU-10000175,Office Supplies,Supplies,Elite Scissors
OFF-AR-10000719,Office Supplies,Art,Boston Pencil Sharpener
TEC-LOG-10003995,Technology,Accessories,Logitech Numeric Keypad
FUR-FU-10004778,Furniture,Furnishings,Deflect-O Light Bulb
OFF-ST-10000242,Office Supplies,Storage,Fellowes Folders
OFF-ST-10000485,Office Supplies,Storage,Fellowes Folders
FUR-FU-10004450,Furniture,Furnishings,Eldon Light Bulb
OFF-PA-10001708,Office Supplies,Paper,Green Bar Note Cards
OFF-SU-10004661,Office Supplies,Supplies,Acme Titanium Bonded Scissors
TEC-MOT-10001178,Technology,Phones,Motorola Signal Booster
TEC-MA-10004249,Technology,Machines,Epson Calculator
TEC-MA-10003361,Technology,Machines,Konica Printer
OFF-FA-10001761,Office Supplies,Fasteners,OIC Thumb Tacks
OFF-PA-10002563,Office Supplies,Paper,Enermax Memo Slips
TEC-PH-10001071,Technology,Phones,Nokia Headset
OFF-FA-10003499,Office Supplies,Fasteners,Stockwell Paper Clips
OFF-ST-10003147,Office Supplies,Storage,Tenex Box
OFF-BI-10002627,Office Supplies,Binders,Avery Binder Covers
FUR-NOV-10004003,Furniture,Chairs,Novimex Steel Folding Chair
OFF-ST-10003810,Office Supplies,Storage,Tenex Box
TEC-MA-10001832,Technology,Machines,Okidata Card Printer
OFF-ST-10004660,Office Supplies,Storage,Fellowes Box
OFF-EN-10003080,Office Supplies,Envelopes,Kraft Peel and Seal
OFF-PA-10000098,Office Supplies,Paper,Xerox Parchment Paper
OFF-AR-10002236,Office Supplies,Art,Stanley Pencil Sharpener
TEC-AC-10003499,Technology,Accessories,Memorex Mini Travel Drive 8 GB USB 2.0 Flash Drive
OFF-GLO-10003463,Office Supplies,Envelopes,GlobeWeis Peel and Seal
OFF-PA-10003380,Office Supplies,Paper,Green Bar Memo Slips
OFF-PA-10001456,Office Supplies,Paper,Eaton Memo Slips
FUR-BAR-10000831,Furniture,Tables,Barricks Training Table
OFF-PA-10003664,Office Supplies,Paper,Enermax Computer Printout Paper
OFF-BI-10002824,Office Supplies,Binders,Recycled Easel Ring Binders
TEC-MEM-10000723,Technology,Accessories,Memorex Mouse
OFF-ADV-10004875,Office Supplies,Fasteners,Advantus Staples
OFF-BI-10000051,Office Supplies,Binders,Ibico Binding Machine
OFF-SU-10000914,Office Supplies,Supplies,Kleencut Scissors
OFF-PA-10002968,Office Supplies,Paper,Xerox 1973
OFF-SU-10001889,Office Supplies,Supplies,Kleencut Letter Opener
FUR-FU-10000567,Furniture,Furnishings,Rubbermaid Light Bulb
TEC-BRO-10001852,Technology,Copiers,Brother Fax and Copier
OFF-SME-10004160,Office Supplies,Storage,Smead Folders
OFF-PA-10002514,Office Supplies,Paper,Xerox Memo Slips
TEC-SAN-10002254,Technology,Accessories,SanDisk Mouse
TEC-PH-10000373,Technology,Phones,Motorola Speaker Phone
OFF-FA-10003817,Office Supplies,Fasteners,Stockwell Clamps
FUR-FU-10000556,Furniture,Furnishings,Tenex Light Bulb
TEC-AC-10000303,Technology,Accessories,Logitech M510 Wireless Mouse
OFF-BI-10000962,Office Supplies,Binders,Acco Flexible ACCOHIDE Square Ring Data Binder
OFF-NOV-10002258,Office Supplies,Labels,Novimex Legal Exhibit Labels
OFF-PA-10000935,Office Supplies,Paper,SanDisk Computer Printout Paper
TEC-AC-10000271,Technology,Accessories,Enermax Router
FUR-HON-10000339,Furniture,Chairs,Hon Bag Chairs
OFF-PA-10000362,Office Supplies,Paper,Xerox Parchment Paper
FUR-CH-10002152,Furniture,Chairs,Hon Bag Chairs
OFF-PA-10003441,Office Supplies,Paper,Xerox 226
OFF-LA-10003437,Office Supplies,Labels,Hon Color Coded Labels
OFF-EN-10003435,Office Supplies,Envelopes,GlobeWeis Business Envelopes
OFF-BI-10000285,Office Supplies,Binders,XtraLife ClearVue Slant-D Ring Binders by Cardinal
OFF-AP-10003281,Office Supplies,Appliances,Acco 6 Outlet Guardian Standard Surge Suppressor
FUR-FU-10001487,Furniture,Furnishings,Eldon Expressions Wood and Plastic Desk Accessories
OFF-BI-10001628,Office Supplies,Binders,Acco Data Flex Cable Posts For Top & Bottom Load Binders
OFF-AR-10004148,Office Supplies,Art,Sanford Pens
OFF-ST-10001031,Office Supplies,Storage,Adjustable Personal File Tote
OFF-ADV-10004030,Office Supplies,Fasteners,Advantus Push Pins
OFF-FA-10004298,Office Supplies,Fasteners,Stockwell Staples
OFF-FA-10000353,Office Supplies,Fasteners,Stockwell Clamps
OFF-LA-10002123,Office Supplies,Labels,Smead Legal Exhibit Labels
TEC-PH-10000072,Technology,Phones,Cisco Speaker Phone
FUR-FU-10004963,Furniture,Furnishings,Eldon 400 Class Desk Accessories
OFF-EAT-10002789,Office Supplies,Paper,Eaton Computer Printout Paper
OFF-LA-10001915,Office Supplies,Labels,Avery Legal Exhibit Labels
OFF-EN-10002891,Office Supplies,Envelopes,GlobeWeis Mailers
OFF-PA-10001295,Office Supplies,Paper,Computer Printout Paper with Letter-Trim Perforations
TEC-AC-10004518,Technology,Accessories,Memorex Mini Travel Drive 32 GB USB 2.0 Flash Drive
OFF-BI-10002852,Office Supplies,Binders,Ibico Standard Transparent Covers
OFF-SU-10001133,Office Supplies,Supplies,Acme Box Cutter
OFF-EN-10000251,Office Supplies,Envelopes,Jiffy Clasp Envelope
OFF-LA-10001184,Office Supplies,Labels,Novimex Legal Exhibit Labels
OFF-KRA-10002094,Office Supplies,Envelopes,Kraft Clasp Envelope
OFF-BI-10001200,Office Supplies,Binders,Avery Binder
OFF-AVE-10002311,Office Supplies,Binders,Avery Binder Covers
OFF-BI-10003903,Office Supplies,Binders,Cardinal Binder
TEC-AC-10002048,Technology,Accessories,Enermax Flash Drive
TEC-AC-10004801,Technology,Accessories,Logitech Mouse
TEC-MA-10002694,Technology,Machines,Hewlett-Packard Deskjet F4180 All-in-One Color Ink-jet - Printer / copier / scanner
OFF-ENE-10001906,Office Supplies,Paper,Enermax Message Books
OFF-PA-10000575,Office Supplies,Paper,Wirebound Message Books
OFF-CAM-10003605,Office Supplies,Envelopes,Cameo Peel and Seal
OFF-STA-10001791,Office Supplies,Art,Stanley Highlighters
OFF-PA-10004761,Office Supplies,Paper,Green Bar Memo Slips
OFF-AR-10002400,Office Supplies,Art,Boston Highlighters
OFF-SU-10002002,Office Supplies,Supplies,Fiskars Scissors
OFF-FIS-10001797,Office Supplies,Supplies,Fiskars Trimmer
OFF-BI-10000756,Office Supplies,Binders,Storex DuraTech Recycled Plastic Frosted Binders
TEC-AC-10004094,Technology,Accessories,SanDisk Keyboard
OFF-EN-10004100,Office Supplies,Envelopes,Kraft Mailers
OFF-FA-10000256,Office Supplies,Fasteners,Advantus Clamps
OFF-SU-10003624,Office Supplies,Supplies,Stiletto Scissors
OFF-AR-10002096,Office Supplies,Art,Binney & Smith Markers
FUR-FU-10000936,Furniture,Furnishings,Eldon Photo Frame
OFF-BI-10003340,Office Supplies,Binders,Acco Index Tab
OFF-ST-10001458,Office Supplies,Storage,Rogers Folders
FUR-FU-10000672,Furniture,Furnishings,"Executive Impressions 10"" Spectator Wall Clock"
OFF-SU-10004884,Office Supplies,Supplies,Acme Galleria Hot Forged Steel Scissors with Colored Handles
TEC-AC-10002795,Technology,Accessories,Memorex Mouse
FUR-BO-10004032,Furniture,Bookcases,Bush Corner Shelving
OFF-PA-10004429,Office Supplies,Paper,Xerox Memo Slips
OFF-AP-10003210,Office Supplies,Appliances,Cuisinart Toaster
OFF-AP-10004274,Office Supplies,Appliances,Hamilton Beach Blender
OFF-BI-10001097,Office Supplies,Binders,Ibico 3-Hole Punch
OFF-AP-10004859,Office Supplies,Appliances,Acco 6 Outlet Guardian Premium Surge Suppressor
OFF-AVE-10004404,Office Supplies,Labels,Avery Shipping Labels
OFF-BI-10002674,Office Supplies,Binders,Cardinal Binder Covers
OFF-IBI-10004959,Office Supplies,Binders,Ibico Binder
OFF-FA-10000194,Office Supplies,Fasteners,OIC Push Pins
OFF-LA-10001778,Office Supplies,Labels,Smead Color Coded Labels
OFF-SU-10003697,Office Supplies,Supplies,Elite Scissors
OFF-BI-10000506,Office Supplies,Binders,Ibico Binder
TEC-MEM-10000263,Technology,Accessories,Memorex Flash Drive
OFF-HAR-10003043,Office Supplies,Labels,Harbour Creations Shipping Labels
OFF-AR-10003752,Office Supplies,Art,Deluxe Chalkboard Eraser Cleaner
OFF-AR-10003913,Office Supplies,Art,Binney & Smith Highlighters
OFF-ACC-10000233,Office Supplies,Binders,Acco Binder
TEC-MA-10004842,Technology,Machines,Konica Calculator
OFF-LA-10000039,Office Supplies,Labels,Smead Legal Exhibit Labels
OFF-EN-10003601,Office Supplies,Envelopes,GlobeWeis Clasp Envelope
OFF-BI-10001922,Office Supplies,Binders,Storex Dura Pro Binders
OFF-AR-10001468,Office Supplies,Art,Sanford Prismacolor Professional Thick Lead Art Pencils
OFF-PA-10004746,Office Supplies,Paper,SanDisk Memo Slips
OFF-AR-10000387,Office Supplies,Art,Sanford Highlighters
OFF-EN-10003316,Office Supplies,Envelopes,Jiffy Business Envelopes
OFF-PA-10004640,Office Supplies,Paper,Eaton Message Books
TEC-MA-10000122,Technology,Machines,Okidata Calculator
TEC-MA-10001731,Technology,Machines,Okidata Card Printer
FUR-FU-10004689,Furniture,Furnishings,Advantus Light Bulb
OFF-FA-10001082,Office Supplies,Fasteners,OIC Staples
OFF-EN-10000938,Office Supplies,Envelopes,Jiffy Business Envelopes
FUR-RUB-10004285,Furniture,Furnishings,Rubbermaid Clock
OFF-SME-10000335,Office Supplies,Storage,Smead Box
OFF-AR-10000227,Office Supplies,Art,BIC Sketch Pad
OFF-BI-10004868,Office Supplies,Binders,Wilson Jones Hole Reinforcements
OFF-SU-10000452,Office Supplies,Supplies,Fiskars Letter Opener
FUR-CH-10002226,Furniture,Chairs,Hon Steel Folding Chair
OFF-LA-10000633,Office Supplies,Labels,Novimex File Folder Labels
OFF-SU-10002131,Office Supplies,Supplies,Elite Scissors
OFF-LA-10001669,Office Supplies,Labels,Smead Color Coded Labels
FUR-BO-10003589,Furniture,Bookcases,Dania Floating Shelf Set
OFF-PA-10001725,Office Supplies,Paper,Xerox 1892
OFF-EN-10000353,Office Supplies,Envelopes,Jiffy Mailers
OFF-ST-10004702,Office Supplies,Storage,Eldon Box
OFF-FA-10002353,Office Supplies,Fasteners,Accos Paper Clips
OFF-EN-10001202,Office Supplies,Envelopes,Kraft Clasp Envelope
OFF-LA-10002493,Office Supplies,Labels,Hon Color Coded Labels
TEC-MA-10003682,Technology,Machines,Panasonic Phone
OFF-EN-10004784,Office Supplies,Envelopes,Kraft Business Envelopes
OFF-EN-10004938,Office Supplies,Envelopes,Ames Business Envelopes
OFF-AR-10004587,Office Supplies,Art,Boston 1827 Commercial Additional Cutter
TEC-ENE-10003125,Technology,Accessories,Enermax Flash Drive
OFF-BI-10004597,Office Supplies,Binders,Avery Binding Machine
OFF-PA-10000091,Office Supplies,Paper,Xerox Message Books
OFF-ST-10004236,Office Supplies,Storage,Eldon Folders
TEC-AC-10001106,Technology,Accessories,Belkin Numeric Keypad
OFF-FA-10000429,Office Supplies,Fasteners,Stockwell Push Pins
OFF-BI-10004369,Office Supplies,Binders,Ibico Hole Reinforcements
OFF-LA-10002703,Office Supplies,Labels,Novimex Removable Labels
OFF-BI-10003281,Office Supplies,Binders,Ibico Binder
FUR-FU-10003878,Furniture,Furnishings,"Linden 10"" Round Wall Clock"
OFF-PA-10000595,Office Supplies,Paper,Xerox 1929
OFF-ST-10004634,Office Supplies,Storage,Personal Folder Holder
OFF-SU-10000979,Office Supplies,Supplies,Acme Letter Opener
OFF-LA-10001484,Office Supplies,Labels,Harbour Creations Legal Exhibit Labels
OFF-PA-10003407,Office Supplies,Paper,Enermax Memo Slips
OFF-FA-10002617,Office Supplies,Fasteners,Advantus Clamps
OFF-FA-10000263,Office Supplies,Fasteners,Stockwell Thumb Tacks
OFF-AR-10003514,Office Supplies,Art,4009 Highlighters by Sanford
OFF-GRE-10001774,Office Supplies,Paper,Green Bar Note Cards
OFF-FA-10001711,Office Supplies,Fasteners,Accos Rubber Bands
OFF-LA-10004488,Office Supplies,Labels,Novimex Color Coded Labels
TEC-AC-10000086,Technology,Accessories,Logitech Mouse
OFF-SU-10004008,Office Supplies,Supplies,Kleencut Letter Opener
OFF-PA-10003784,Office Supplies,Paper,Eaton Note Cards
OFF-AR-10003592,Office Supplies,Art,Sanford Pencil Sharpener
OFF-PA-10001457,Office Supplies,Paper,White GlueTop Scratch Pads
FUR-DEF-10000810,Furniture,Furnishings,Deflect-O Stacking Tray
OFF-EN-10004211,Office Supplies,Envelopes,GlobeWeis Business Envelopes
OFF-BI-10000854,Office Supplies,Binders,Acco Binder Covers
OFF-ST-10002505,Office Supplies,Storage,Tenex Box
OFF-FA-10003779,Office Supplies,Fasteners,Stockwell Paper Clips
FUR-CH-10003808,Furniture,Chairs,Harbour Creations Steel Folding Chair
OFF-ST-10003335,Office Supplies,Storage,Smead Box
OFF-LA-10004519,Office Supplies,Labels,Avery Legal Exhibit Labels
OFF-EN-10003962,Office Supplies,Envelopes,GlobeWeis Clasp Envelope
TEC-AC-10003422,Technology,Accessories,Enermax Keyboard
OFF-FA-10004946,Office Supplies,Fasteners,Advantus Staples
OFF-ST-10001214,Office Supplies,Storage,Smead Box
OFF-SU-10000817,Office Supplies,Supplies,Acme Box Cutter
OFF-AR-10003674,Office Supplies,Art,BIC Pencil Sharpener
OFF-FA-10003604,Office Supplies,Fasteners,Stockwell Paper Clips
OFF-FA-10001883,Office Supplies,Fasteners,Alliance Super-Size Bands
OFF-FA-10000475,Office Supplies,Fasteners,OIC Paper Clips
FUR-FU-10004313,Furniture,Furnishings,Eldon Light Bulb
OFF-BI-10001973,Office Supplies,Binders,Wilson Jones 3-Hole Punch
FUR-FU-10002508,Furniture,Furnishings,Document Clip Frames
OFF-BI-10000309,Office Supplies,Binders,GBC Twin Loop Wire Binding Elements
OFF-EAT-10001303,Office Supplies,Paper,Eaton Message Books
OFF-ST-10000290,Office Supplies,Storage,Rogers Folders
OFF-PA-10002295,Office Supplies,Paper,Xerox Cards & Envelopes
OFF-BI-10000280,Office Supplies,Binders,Ibico Hole Reinforcements
OFF-ST-10001426,Office Supplies,Storage,Eldon Folders
OFF-PA-10001085,Office Supplies,Paper,Eaton Computer Printout Paper
OFF-FA-10000455,Office Supplies,Fasteners,Stockwell Thumb Tacks
OFF-FA-10002526,Office Supplies,Fasteners,Accos Staples
OFF-AR-10000823,Office Supplies,Art,Stanley Pens
OFF-PA-10002921,Office Supplies,Paper,Eaton Message Books
OFF-FA-10000248,Office Supplies,Fasteners,Stockwell Rubber Bands
OFF-BI-10003719,Office Supplies,Binders,Large Capacity Hanging Post Binders
OFF-ELI-10004427,Office Supplies,Supplies,Elite Box Cutter
OFF-SU-10000496,Office Supplies,Supplies,Fiskars Scissors
OFF-LA-10000950,Office Supplies,Labels,Avery Color Coded Labels
OFF-BI-10001119,Office Supplies,Binders,Wilson Jones Index Tab
FUR-TEN-10000002,Furniture,Furnishings,Tenex Stacking Tray
TEC-MA-10001302,Technology,Machines,Panasonic Calculator
OFF-FA-10004665,Office Supplies,Fasteners,Stockwell Paper Clips
FUR-FU-10000755,Furniture,Furnishings,Eldon Expressions Mahogany Wood Desk Collection
OFF-AR-10000543,Office Supplies,Art,BIC Pencil Sharpener
OFF-PA-10004386,Office Supplies,Paper,Green Bar Note Cards
OFF-AVE-10000357,Office Supplies,Binders,Avery Binder Covers
OFF-LA-10000134,Office Supplies,Labels,Harbour Creations Removable Labels
OFF-EN-10001789,Office Supplies,Envelopes,Kraft Peel and Seal
OFF-SU-10003527,Office Supplies,Supplies,Elite Ruler
OFF-FA-10003897,Office Supplies,Fasteners,Stockwell Push Pins
FUR-CH-10000790,Furniture,Chairs,Hon Chairmat
OFF-PA-10002292,Office Supplies,Paper,SanDisk Computer Printout Paper
OFF-AP-10002413,Office Supplies,Appliances,Breville Coffee Grinder
OFF-GRE-10000328,Office Supplies,Paper,Green Bar Parchment Paper
OFF-FA-10000447,Office Supplies,Fasteners,Accos Paper Clips
FUR-FU-10001063,Furniture,Furnishings,Eldon Light Bulb
TEC-AC-10002145,Technology,Accessories,Belkin Memory Card
FUR-ADV-10000188,Furniture,Furnishings,Advantus Stacking Tray
OFF-SU-10004780,Office Supplies,Supplies,Fiskars Box Cutter
OFF-OIC-10003879,Office Supplies,Fasteners,OIC Clamps
OFF-FA-10004734,Office Supplies,Fasteners,Advantus Rubber Bands
OFF-AVE-10000909,Office Supplies,Labels,Avery Shipping Labels
OFF-FA-10001086,Office Supplies,Fasteners,Accos Rubber Bands
TEC-AC-10004396,Technology,Accessories,Logitech Keyboard K120
OFF-PA-10002787,Office Supplies,Paper,Xerox 227
OFF-BI-10002853,Office Supplies,Binders,Avery Binder Covers
OFF-FA-10004839,Office Supplies,Fasteners,Accos Clamps
OFF-EN-10004892,Office Supplies,Envelopes,Ames Manila Envelope
TEC-PH-10003988,Technology,Phones,LF Elite 3D Dazzle Designer Hard Case Cover
TEC-AC-10001608,Technology,Accessories,Memorex Flash Drive
OFF-SU-10001848,Office Supplies,Supplies,Kleencut Ruler
FUR-HAR-10000870,Furniture,Chairs,Harbour Creations Bag Chairs
FUR-BO-10003668,Furniture,Bookcases,Sauder Floating Shelf Set
OFF-PA-10001471,Office Supplies,Paper,Strathmore Photo Frame Cards
OFF-SME-10001667,Office Supplies,Labels,Smead Shipping Labels
OFF-LA-10004137,Office Supplies,Labels,Harbour Creations Legal Exhibit Labels
FUR-FU-10002614,Furniture,Furnishings,Tenex Door Stop
OFF-PA-10000423,Office Supplies,Paper,Enermax Computer Printout Paper
OFF-SU-10002934,Office Supplies,Supplies,Elite Shears
OFF-AP-10002765,Office Supplies,Appliances,Fellowes Advanced Computer Series Surge Protectors
OFF-STI-10002245,Office Supplies,Supplies,Stiletto Shears
FUR-ADV-10004499,Furniture,Furnishings,Advantus Photo Frame
OFF-GLO-10000617,Office Supplies,Envelopes,GlobeWeis Peel and Seal
OFF-PA-10004910,Office Supplies,Paper,Eaton Message Books
TEC-AC-10003614,Technology,Accessories,Verbatim 25 GB 6x Blu-ray Single Layer Recordable Disc
OFF-LA-10001548,Office Supplies,Labels,Avery Shipping Labels
OFF-ST-10000464,Office Supplies,Storage,Multi-Use Personal File Cart and Caster Set
OFF-WIL-10002947,Office Supplies,Binders,Wilson Jones Index Tab
TEC-AC-10003105,Technology,Accessories,Memorex Numeric Keypad
OFF-LA-10000861,Office Supplies,Labels,Avery Color Coded Labels
OFF-BIN-10001274,Office Supplies,Art,Binney & Smith Pens
FUR-BO-10001452,Furniture,Bookcases,Dania Stackable Bookrack
FUR-FU-10004281,Furniture,Furnishings,Eldon Light Bulb
OFF-SU-10002363,Office Supplies,Supplies,Fiskars Letter Opener
TEC-MA-10003329,Technology,Machines,Vtech AT&T CL2940 Corded Speakerphone
OFF-HON-10000278,Office Supplies,Labels,Hon Shipping Labels
OFF-AVE-10004310,Office Supplies,Labels,Avery File Folder Labels
OFF-LA-10001942,Office Supplies,Labels,Novimex Shipping Labels
FUR-CH-10000666,Furniture,Chairs,SAFCO Chairmat
OFF-TEN-10001585,Office Supplies,Storage,Tenex Box
TEC-AC-10000171,Technology,Accessories,Verbatim 25 GB 6x Blu-ray Single Layer Recordable Disc
OFF-SU-10001992,Office Supplies,Supplies,Stiletto Ruler
OFF-PA-10003591,Office Supplies,Paper,Southworth 100% Cotton The Best Paper
FUR-FU-10004888,Furniture,Furnishings,Tenex Stacking Tray
OFF-FA-10003929,Office Supplies,Fasteners,Accos Rubber Bands
TEC-PH-10004503,Technology,Phones,Apple Audio Dock
OFF-LA-10002325,Office Supplies,Labels,Smead Removable Labels
OFF-LA-10001839,Office Supplies,Labels,Smead Shipping Labels
OFF-ST-10000352,Office Supplies,Storage,Acco Perma 2700 Stacking Storage Drawers
OFF-SU-10004192,Office Supplies,Supplies,Fiskars Ruler
FUR-FU-10000816,Furniture,Furnishings,Tenex Clock
OFF-ST-10003811,Office Supplies,Storage,Smead Lockers
OFF-PA-10003956,Office Supplies,Paper,SanDisk Parchment Paper
OFF-FA-10003318,Office Supplies,Fasteners,Stockwell Clamps
OFF-STO-10003329,Office Supplies,Fasteners,Stockwell Thumb Tacks
OFF-PA-10000781,Office Supplies,Paper,Eaton Message Books
FUR-FU-10003512,Furniture,Furnishings,Eldon Stacking Tray
FUR-FU-10001194,Furniture,Furnishings,Rubbermaid Light Bulb
OFF-EN-10004212,Office Supplies,Envelopes,Kraft Manila Envelope
OFF-BI-10002446,Office Supplies,Binders,Wilson Jones Binder
OFF-EN-10001712,Office Supplies,Envelopes,Kraft Interoffice Envelope
OFF-BI-10002432,Office Supplies,Binders,Ibico Binder
OFF-PA-10002862,Office Supplies,Paper,Green Bar Message Books
OFF-ACC-10003265,Office Supplies,Fasteners,Accos Rubber Bands
OFF-LA-10002964,Office Supplies,Labels,Harbour Creations Shipping Labels
OFF-AR-10003727,Office Supplies,Art,Berol Giant Pencil Sharpener
OFF-LA-10003337,Office Supplies,Labels,Harbour Creations Removable Labels
OFF-NOV-10000141,Office Supplies,Labels,Novimex Round Labels
OFF-EN-10003560,Office Supplies,Envelopes,Kraft Clasp Envelope
OFF-ST-10000917,Office Supplies,Storage,Fellowes File Cart
OFF-SU-10004904,Office Supplies,Supplies,Fiskars Scissors
OFF-AR-10000845,Office Supplies,Art,Binney & Smith Pens
OFF-AR-10001626,Office Supplies,Art,BIC Pens
OFF-ST-10004019,Office Supplies,Storage,Rogers Folders
OFF-IBI-10003422,Office Supplies,Binders,Ibico Binder
OFF-OIC-10004536,Office Supplies,Fasteners,OIC Thumb Tacks
OFF-PA-10003556,Office Supplies,Paper,Eaton Computer Printout Paper
OFF-AP-10000027,Office Supplies,Appliances,Hoover Commercial SteamVac
OFF-LA-10004832,Office Supplies,Labels,Novimex Legal Exhibit Labels
OFF-STO-10001671,Office Supplies,Fasteners,Stockwell Staples
OFF-FA-10001113,Office Supplies,Fasteners,OIC Push Pins
OFF-AR-10000503,Office Supplies,Art,Stanley Pens
OFF-BI-10003320,Office Supplies,Binders,Cardinal Hole Reinforcements
OFF-FA-10000197,Office Supplies,Fasteners,Stockwell Push Pins
OFF-AR-10004062,Office Supplies,Art,Staples
FUR-ELD-10002511,Furniture,Furnishings,Eldon Photo Frame
OFF-BI-10001658,Office Supplies,Binders,GBC Standard Therm-A-Bind Covers
OFF-EN-10002736,Office Supplies,Envelopes,Cameo Clasp Envelope
OFF-LA-10004918,Office Supplies,Labels,Harbour Creations Round Labels
FUR-CH-10001317,Furniture,Chairs,Harbour Creations Rocking Chair
OFF-PA-10003256,Office Supplies,Paper,Avery Personal Creations Heavyweight Cards
OFF-AME-10002956,Office Supplies,Envelopes,Ames Business Envelopes
FUR-FU-10002456,Furniture,Furnishings,Master Caster Door Stop
OFF-ST-10003722,Office Supplies,Storage,Project Tote Personal File
OFF-AME-10000360,Office Supplies,Envelopes,Ames Interoffice Envelope
OFF-EN-10003425,Office Supplies,Envelopes,Cameo Mailers
OFF-BI-10001685,Office Supplies,Binders,Avery Index Tab
OFF-EN-10004120,Office Supplies,Envelopes,Jiffy Peel and Seal
FUR-SAF-10002529,Furniture,Chairs,SAFCO Chairmat
OFF-AP-10001366,Office Supplies,Appliances,Staples
OFF-KIT-10001609,Office Supplies,Appliances,KitchenAid Coffee Grinder
OFF-LA-10002139,Office Supplies,Labels,Novimex Color Coded Labels
FUR-FU-10003622,Furniture,Furnishings,Tenex Light Bulb
OFF-AME-10001641,Office Supplies,Envelopes,Ames Interoffice Envelope
OFF-KLE-10000552,Office Supplies,Supplies,Kleencut Shears
OFF-PA-10003492,Office Supplies,Paper,Green Bar Computer Printout Paper
OFF-BI-10004491,Office Supplies,Binders,Avery Binder Covers
FUR-CH-10001191,Furniture,Chairs,Office Star Steel Folding Chair
OFF-EN-10001832,Office Supplies,Envelopes,Ames Mailers
OFF-SU-10004691,Office Supplies,Supplies,Fiskars Scissors
OFF-LA-10000425,Office Supplies,Labels,Smead Legal Exhibit Labels
OFF-EN-10001975,Office Supplies,Envelopes,Kraft Business Envelopes
OFF-FA-10003257,Office Supplies,Fasteners,Accos Thumb Tacks
OFF-EN-10000561,Office Supplies,Envelopes,Ames Business Envelopes
OFF-SME-10004518,Office Supplies,Labels,Smead Legal Exhibit Labels
OFF-SU-10000256,Office Supplies,Supplies,Acme Scissors
OFF-BI-10004233,Office Supplies,Binders,GBC Pre-Punched Binding Paper
OFF-BI-10004908,Office Supplies,Binders,Avery Binder Covers
OFF-PA-10003338,Office Supplies,Paper,Enermax Parchment Paper
OFF-AR-10004077,Office Supplies,Art,Binney & Smith Pencil Sharpener
OFF-SAN-10004746,Office Supplies,Art,Sanford Highlighters
OFF-OIC-10002161,Office Supplies,Fasteners,OIC Push Pins
OFF-AP-10000390,Office Supplies,Appliances,Euro Pro Shark Stick Mini Vacuum
OFF-AR-10004511,Office Supplies,Art,Sanford Colorific Scented Colored Pencils
OFF-PA-10002689,Office Supplies,Paper,Weyerhaeuser First Choice Laser/Copy Paper (20Lb. and 88 Bright)
OFF-ACC-10004322,Office Supplies,Binders,Acco Binder
OFF-IBI-10002805,Office Supplies,Binders,Ibico 3-Hole Punch
OFF-PA-10002328,Office Supplies,Paper,Eaton Memo Slips
OFF-ST-10000419,Office Supplies,Storage,Rogers Jumbo File
OFF-EN-10001099,Office Supplies,Envelopes,Staples
OFF-KRA-10001967,Office Supplies,Envelopes,Kraft Business Envelopes
OFF-ST-10000022,Office Supplies,Storage,Eldon Folders
OFF-LA-10001297,Office Supplies,Labels,Avery 473
FUR-TA-10001676,Furniture,Tables,Hon 61000 Series Interactive Training Tables
OFF-STI-10001957,Office Supplies,Supplies,Stiletto Ruler
FUR-FU-10004816,Furniture,Furnishings,Advantus Door Stop
OFF-FA-10004257,Office Supplies,Fasteners,Accos Clamps
OFF-AP-10004249,Office Supplies,Appliances,Staples
OFF-PA-10001745,Office Supplies,Paper,Wirebound Message Books
OFF-FA-10002248,Office Supplies,Fasteners,Stockwell Staples
FUR-CH-10000568,Furniture,Chairs,Hon Bag Chairs
TEC-AC-10000926,Technology,Accessories,NETGEAR RangeMax WNR1000 Wireless Router
OFF-SU-10002547,Office Supplies,Supplies,Acme Ruler
OFF-SAN-10002015,Office Supplies,Art,Sanford Pens
TEC-SAN-10003336,Technology,Accessories,SanDisk Numeric Keypad
FUR-HON-10003137,Furniture,Chairs,Hon Steel Folding Chair
OFF-STO-10001916,Office Supplies,Fasteners,Stockwell Clamps
OFF-AR-10001462,Office Supplies,Art,Stanley Highlighters
OFF-ST-10003121,Office Supplies,Storage,Rogers Box
OFF-EN-10000824,Office Supplies,Envelopes,GlobeWeis Manila Envelope
OFF-EN-10000890,Office Supplies,Envelopes,Ames Peel and Seal
OFF-SU-10004498,Office Supplies,Supplies,Martin-Yale Premier Letter Opener
FUR-HON-10004632,Furniture,Chairs,Hon Chairmat
OFF-NOV-10000512,Office Supplies,Labels,Novimex Color Coded Labels
OFF-ELI-10003911,Office Supplies,Supplies,Elite Shears
OFF-ENE-10001291,Office Supplies,Paper,Enermax Computer Printout Paper
TEC-PAN-10000131,Technology,Machines,Panasonic Receipt Printer
OFF-WIL-10004697,Office Supplies,Binders,Wilson Jones Binder
OFF-PA-10004385,Office Supplies,Paper,Eaton Parchment Paper
OFF-PA-10004531,Office Supplies,Paper,SanDisk Note Cards
OFF-AR-10004986,Office Supplies,Art,Boston Pens
OFF-BI-10004644,Office Supplies,Binders,Cardinal Index Tab
OFF-BI-10003265,Office Supplies,Binders,Wilson Jones Binder
OFF-FA-10002481,Office Supplies,Fasteners,OIC Rubber Bands
OFF-KRA-10000534,Office Supplies,Envelopes,Kraft Interoffice Envelope
TEC-MOT-10004682,Technology,Phones,Motorola Office Telephone
OFF-PA-10001516,Office Supplies,Paper,Xerox Note Cards
OFF-BI-10000070,Office Supplies,Binders,Wilson Jones 3-Hole Punch
OFF-PA-10002461,Office Supplies,Paper,Eaton Parchment Paper
OFF-FA-10003213,Office Supplies,Fasteners,Stockwell Paper Clips
OFF-LA-10001982,Office Supplies,Labels,Smead Alpha-Z Color-Coded Name Labels First Letter Starter Set
OFF-ELD-10002240,Office Supplies,Storage,Eldon Shelving
FUR-FU-10000794,Furniture,Furnishings,Eldon Stackable Tray
OFF-ELI-10001176,Office Supplies,Supplies,Elite Box Cutter
OFF-SU-10001980,Office Supplies,Supplies,Acme Letter Opener
OFF-BI-10004628,Office Supplies,Binders,Cardinal Binder
OFF-ST-10001091,Office Supplies,Storage,Smead Box
FUR-FU-10003724,Furniture,Furnishings,Westinghouse Clip-On Gooseneck Lamps
OFF-BI-10004140,Office Supplies,Binders,Cardinal Index Tab
OFF-EN-10003049,Office Supplies,Envelopes,GlobeWeis Clasp Envelope
OFF-LA-10002974,Office Supplies,Labels,Avery File Folder Labels
OFF-EN-10002986,Office Supplies,Envelopes,"#10-4 1/8"" x 9 1/2"" Premium Diagonal Seam Envelopes"
OFF-BI-10001308,Office Supplies,Binders,GBC Standard Plastic Binding Systems' Combs
OFF-FA-10004410,Office Supplies,Fasteners,Stockwell Staples
OFF-FA-10002163,Office Supplies,Fasteners,Stockwell Rubber Bands
OFF-ST-10002151,Office Supplies,Storage,Eldon Box
OFF-PA-10002713,Office Supplies,Paper,Adams Phone Message Book
OFF-ST-10003327,Office Supplies,Storage,Akro-Mils 12-Gallon Tote
OFF-BI-10004308,Office Supplies,Binders,Avery Legal 4-Ring Binder
OFF-PA-10002488,Office Supplies,Paper,Xerox Message Books
OFF-BI-10001717,Office Supplies,Binders,Avery Hole Reinforcements
OFF-FA-10003990,Office Supplies,Fasteners,Stockwell Clamps
TEC-AC-10000588,Technology,Accessories,SanDisk Flash Drive
FUR-ADV-10001283,Furniture,Furnishings,Advantus Frame
OFF-ADV-10004241,Office Supplies,Fasteners,Advantus Thumb Tacks
OFF-ST-10001694,Office Supplies,Storage,Smead Folders
TEC-AC-10002295,Technology,Accessories,Logitech Flash Drive
OFF-BI-10004738,Office Supplies,Binders,Flexible Leather- Look Classic Collection Ring Binder
OFF-AR-10004691,Office Supplies,Art,Boston 1730 StandUp Electric Pencil Sharpener
OFF-BI-10002047,Office Supplies,Binders,Acco Index Tab
OFF-EN-10002090,Office Supplies,Envelopes,Kraft Peel and Seal
OFF-LA-10000658,Office Supplies,Labels,Avery Shipping Labels
OFF-SU-10004434,Office Supplies,Supplies,Kleencut Box Cutter
OFF-JIF-10002184,Office Supplies,Envelopes,Jiffy Business Envelopes
FUR-FU-10004823,Furniture,Furnishings,Advantus Clock
FUR-FU-10002445,Furniture,Furnishings,DAX Two-Tone Rosewood/Black Document Frame
OFF-CUI-10002314,Office Supplies,Appliances,Cuisinart Coffee Grinder
OFF-JIF-10002275,Office Supplies,Envelopes,Jiffy Clasp Envelope
TEC-MA-10003816,Technology,Machines,Epson Calculator
OFF-LA-10004738,Office Supplies,Labels,Harbour Creations Legal Exhibit Labels
OFF-PA-10003573,Office Supplies,Paper,Enermax Parchment Paper
OFF-FA-10000631,Office Supplies,Fasteners,Accos Rubber Bands
OFF-PA-10004856,Office Supplies,Paper,Xerox Memo Slips
OFF-LA-10001731,Office Supplies,Labels,Avery Removable Labels
OFF-ST-10000661,Office Supplies,Storage,Tenex Box
OFF-EN-10000461,Office Supplies,Envelopes,"#10- 4 1/8"" x 9 1/2"" Recycled Envelopes"
FUR-LES-10003538,Furniture,Tables,Lesro Coffee Table
OFF-SU-10001709,Office Supplies,Supplies,Kleencut Scissors
OFF-EN-10004521,Office Supplies,Envelopes,Ames Manila Envelope
OFF-AP-10004052,Office Supplies,Appliances,Hoover Replacement Belts For Soft Guard & Commercial Ltweight Upright Vacs
TEC-AC-10001998,Technology,Accessories,Logitech LS21 Speaker System - PC Multimedia - 2.1-CH - Wired
OFF-SU-10001455,Office Supplies,Supplies,Acme Box Cutter
TEC-MA-10003066,Technology,Machines,Wasp CCD Handheld Bar Code Reader
FUR-FU-10001889,Furniture,Furnishings,Ultra Door Pull Handle
TEC-BEL-10001391,Technology,Accessories,Belkin Numeric Keypad
OFF-EN-10003689,Office Supplies,Envelopes,Kraft Business Envelopes
OFF-PA-10003832,Office Supplies,Paper,Xerox Message Books
OFF-LA-10000688,Office Supplies,Labels,Harbour Creations Shipping Labels
OFF-LA-10004756,Office Supplies,Labels,Avery Removable Labels
FUR-BO-10001746,Furniture,Bookcases,Dania 3-Shelf Cabinet
FUR-FU-10003832,Furniture,Furnishings,Eldon Expressions Punched Metal & Wood Desk Accessories
OFF-BI-10001617,Office Supplies,Binders,GBC Wire Binding Combs
OFF-ACC-10001703,Office Supplies,Binders,Acco Binder
OFF-EN-10000358,Office Supplies,Envelopes,Cameo Business Envelopes
OFF-AR-10000255,Office Supplies,Art,Newell 328
OFF-STO-10001150,Office Supplies,Fasteners,Stockwell Rubber Bands
OFF-LA-10002883,Office Supplies,Labels,Avery Removable Labels
OFF-FIS-10002759,Office Supplies,Supplies,Fiskars Letter Opener
FUR-ADV-10001659,Furniture,Furnishings,Advantus Light Bulb
OFF-LA-10002633,Office Supplies,Labels,Novimex Shipping Labels
OFF-AR-10003179,Office Supplies,Art,Dixon Ticonderoga Core-Lock Colored Pencils
OFF-ACC-10004910,Office Supplies,Fasteners,Accos Rubber Bands
OFF-EN-10003999,Office Supplies,Envelopes,Cameo Peel and Seal
OFF-PA-10000108,Office Supplies,Paper,Green Bar Parchment Paper
OFF-SU-10003040,Office Supplies,Supplies,Stiletto Box Cutter
OFF-LA-10004648,Office Supplies,Labels,Avery Color Coded Labels
OFF-BI-10003324,Office Supplies,Binders,Acco Hole Reinforcements
OFF-LA-10001830,Office Supplies,Labels,Hon Round Labels
OFF-FA-10001187,Office Supplies,Fasteners,Stockwell Paper Clips
OFF-PA-10000380,Office Supplies,Paper,REDIFORM Incoming/Outgoing Call Register
OFF-LA-10003396,Office Supplies,Labels,Avery Color Coded Labels
FUR-FU-10002506,Furniture,Furnishings,"Tensor ""Hersey Kiss"" Styled Floor Lamp"
OFF-STO-10000923,Office Supplies,Fasteners,Stockwell Staples
OFF-EN-10004404,Office Supplies,Envelopes,Jiffy Manila Envelope
OFF-STI-10000388,Office Supplies,Supplies,Stiletto Scissors
OFF-EN-10003628,Office Supplies,Envelopes,GlobeWeis Manila Envelope
OFF-BI-10000325,Office Supplies,Binders,Wilson Jones Binder Covers
OFF-AR-10001336,Office Supplies,Art,Binney & Smith Pens
OFF-BI-10001078,Office Supplies,Binders,Acco PRESSTEX Data Binder with Storage Hooks
TEC-MOT-10001535,Technology,Phones,Motorola Headset
OFF-HON-10004698,Office Supplies,Labels,Hon File Folder Labels
OFF-LA-10001154,Office Supplies,Labels,Hon Shipping Labels
OFF-FA-10004339,Office Supplies,Fasteners,Stockwell Staples
OFF-ST-10004507,Office Supplies,Storage,Advantus Rolling Storage Box
OFF-LA-10003591,Office Supplies,Labels,Smead Removable Labels
OFF-FA-10000059,Office Supplies,Fasteners,Stockwell Clamps
OFF-BI-10004781,Office Supplies,Binders,GBC Wire Binding Strips
OFF-ACM-10002713,Office Supplies,Supplies,Acme Box Cutter
FUR-FU-10000790,Furniture,Furnishings,Rubbermaid Light Bulb
OFF-BI-10003879,Office Supplies,Binders,Ibico Binder Covers
OFF-BI-10004965,Office Supplies,Binders,Ibico Covers for Plastic or Wire Binding Elements
OFF-EN-10000532,Office Supplies,Envelopes,Cameo Clasp Envelope
OFF-FA-10002964,Office Supplies,Fasteners,Accos Clamps
TEC-AC-10000873,Technology,Accessories,Belkin Mouse
FUR-FU-10004497,Furniture,Furnishings,Tenex Door Stop
OFF-BI-10003856,Office Supplies,Binders,Ibico Index Tab
OFF-EN-10003630,Office Supplies,Envelopes,GlobeWeis Business Envelopes
OFF-PA-10001952,Office Supplies,Paper,Xerox 1902
OFF-FA-10002459,Office Supplies,Fasteners,Advantus Clamps
FUR-CH-10003874,Furniture,Chairs,Hon Chairmat
OFF-FA-10003411,Office Supplies,Fasteners,OIC Staples
FUR-DEF-10003140,Furniture,Furnishings,Deflect-O Light Bulb
FUR-FU-10004236,Furniture,Furnishings,Deflect-O Light Bulb
OFF-EN-10003520,Office Supplies,Envelopes,Kraft Mailers
OFF-SAN-10001862,Office Supplies,Art,Sanford Highlighters
OFF-PA-10003365,Office Supplies,Paper,Eaton Cards & Envelopes
FUR-CH-10004992,Furniture,Chairs,Hon Bag Chairs
FUR-FU-10004096,Furniture,Furnishings,Deflect-O Light Bulb
OFF-PA-10004020,Office Supplies,Paper,SanDisk Message Books
OFF-BOS-10003113,Office Supplies,Art,Boston Pens
OFF-FA-10001152,Office Supplies,Fasteners,Stockwell Clamps
TEC-AC-10004406,Technology,Accessories,Memorex Keyboard
OFF-FA-10000099,Office Supplies,Fasteners,Stockwell Paper Clips
OFF-BI-10003870,Office Supplies,Binders,Wilson Jones Binder Covers
OFF-AR-10000314,Office Supplies,Art,BIC Highlighters
FUR-BUS-10002192,Furniture,Bookcases,Bush 3-Shelf Cabinet
OFF-FA-10001401,Office Supplies,Fasteners,OIC Staples
OFF-CAM-10002611,Office Supplies,Envelopes,Cameo Interoffice Envelope
OFF-FIS-10004721,Office Supplies,Supplies,Fiskars Box Cutter
OFF-PA-10003518,Office Supplies,Paper,Enermax Computer Printout Paper
FUR-CH-10000689,Furniture,Chairs,SAFCO Chairmat
FUR-FU-10001015,Furniture,Furnishings,Eldon Stacking Tray
TEC-PH-10001536,Technology,Phones,Spigen Samsung Galaxy S5 Case Wallet
OFF-HAR-10003580,Office Supplies,Labels,Harbour Creations Legal Exhibit Labels
OFF-AR-10002535,Office Supplies,Art,Stanley Markers
OFF-PA-10001275,Office Supplies,Paper,Xerox Note Cards
OFF-PA-10004438,Office Supplies,Paper,Xerox 1907
OFF-FA-10004239,Office Supplies,Fasteners,Advantus Staples
OFF-PA-10004621,Office Supplies,Paper,Xerox 212
OFF-ST-10003648,Office Supplies,Storage,Smead Folders
OFF-PA-10000705,Office Supplies,Paper,Eaton Note Cards
FUR-FU-10000548,Furniture,Furnishings,Tenex Stacking Tray
OFF-EN-10002081,Office Supplies,Envelopes,Jiffy Mailers
TEC-NOK-10001058,Technology,Phones,Nokia Office Telephone
FUR-IKE-10003576,Furniture,Bookcases,Ikea Floating Shelf Set
OFF-SU-10003082,Office Supplies,Supplies,Acme Box Cutter
OFF-AR-10003989,Office Supplies,Art,Sanford Pencil Sharpener
OFF-SU-10004727,Office Supplies,Supplies,Stiletto Letter Opener
FUR-FU-10002972,Furniture,Furnishings,Advantus Light Bulb
OFF-PA-10000655,Office Supplies,Paper,Enermax Parchment Paper
OFF-BI-10002982,Office Supplies,Binders,Avery Self-Adhesive Photo Pockets for Polaroid Photos
OFF-ST-10001291,Office Supplies,Storage,Tenex Personal Self-Stacking Standard File Box
TEC-AC-10003038,Technology,Accessories,Kingston Digital DataTraveler 16GB USB 2.0
OFF-FA-10003587,Office Supplies,Fasteners,Advantus Push Pins
OFF-SU-10000180,Office Supplies,Supplies,Acme Shears
TEC-PH-10000148,Technology,Phones,Cyber Acoustics AC-202b Speech Recognition Stereo Headset
TEC-MA-10000711,Technology,Machines,StarTech Receipt Printer
OFF-LA-10002733,Office Supplies,Labels,Novimex File Folder Labels
OFF-ROG-10002682,Office Supplies,Storage,Rogers Box
TEC-MA-10001447,Technology,Machines,Konica Phone
TEC-SAN-10002684,Technology,Accessories,SanDisk Flash Drive
OFF-AME-10001587,Office Supplies,Envelopes,Ames Peel and Seal
OFF-LA-10003140,Office Supplies,Labels,Harbour Creations Round Labels
OFF-LA-10001413,Office Supplies,Labels,Hon Shipping Labels
OFF-PA-10000143,Office Supplies,Paper,Astroparche Fine Business Paper
TEC-MOT-10004111,Technology,Phones,Motorola Office Telephone
OFF-LA-10002180,Office Supplies,Labels,Hon Color Coded Labels
OFF-BI-10000404,Office Supplies,Binders,Avery Printable Repositionable Plastic Tabs
TEC-AC-10001590,Technology,Accessories,Dell Slim USB Multimedia Keyboard
OFF-ST-10001576,Office Supplies,Storage,Tenex Folders
OFF-FA-10002350,Office Supplies,Fasteners,OIC Staples
OFF-PA-10000344,Office Supplies,Paper,SanDisk Memo Slips
TEC-PH-10003875,Technology,Phones,KLD Oscar II Style Snap-on Ultra Thin Side Flip Synthetic Leather Cover Case for HTC One HTC M7
OFF-ST-10000268,Office Supplies,Storage,Smead Box
OFF-BI-10004541,Office Supplies,Binders,Wilson Jones Binder
OFF-EN-10004503,Office Supplies,Envelopes,GlobeWeis Peel and Seal
OFF-FA-10004664,Office Supplies,Fasteners,Advantus Push Pins
OFF-SU-10004873,Office Supplies,Supplies,Fiskars Box Cutter
OFF-AME-10002949,Office Supplies,Envelopes,Ames Clasp Envelope
FUR-SAF-10000565,Furniture,Chairs,SAFCO Bag Chairs
OFF-BI-10004470,Office Supplies,Binders,Wilson Jones Index Tab
OFF-PA-10002371,Office Supplies,Paper,Green Bar Message Books
OFF-BI-10000348,Office Supplies,Binders,Cardinal Index Tab
OFF-LA-10003444,Office Supplies,Labels,Smead Legal Exhibit Labels
OFF-FA-10002683,Office Supplies,Fasteners,Stockwell Staples
OFF-LA-10003644,Office Supplies,Labels,Novimex Removable Labels
OFF-GLO-10003639,Office Supplies,Envelopes,GlobeWeis Interoffice Envelope
OFF-EN-10004956,Office Supplies,Envelopes,Jiffy Interoffice Envelope
OFF-EN-10000872,Office Supplies,Envelopes,Ames Business Envelopes
OFF-AR-10003466,Office Supplies,Art,Binney & Smith Highlighters
FUR-FU-10000647,Furniture,Furnishings,Tenex Door Stop
OFF-AR-10001525,Office Supplies,Art,Stanley Highlighters
OFF-FA-10001815,Office Supplies,Fasteners,Advantus Push Pins
OFF-FA-10004606,Office Supplies,Fasteners,Stockwell Staples
OFF-AR-10001860,Office Supplies,Art,BIC Liqua Brite Liner
OFF-FA-10004637,Office Supplies,Fasteners,Accos Thumb Tacks
OFF-LA-10000413,Office Supplies,Labels,Hon Legal Exhibit Labels
OFF-EN-10003511,Office Supplies,Envelopes,Jiffy Interoffice Envelope
OFF-EN-10002630,Office Supplies,Envelopes,Ames Business Envelopes
OFF-EN-10004547,Office Supplies,Envelopes,Ames Business Envelopes
OFF-PA-10002356,Office Supplies,Paper,Xerox Parchment Paper
OFF-SU-10002362,Office Supplies,Supplies,Acme Ruler
OFF-EN-10001977,Office Supplies,Envelopes,Cameo Business Envelopes
OFF-FA-10001764,Office Supplies,Fasteners,OIC Staples
FUR-FU-10000142,Furniture,Furnishings,Tenex Stacking Tray
FUR-FU-10004730,Furniture,Furnishings,Rubbermaid Light Bulb
OFF-AP-10001606,Office Supplies,Appliances,KitchenAid Toaster
OFF-ST-10002486,Office Supplies,Storage,Eldon Shelf Savers Cubes and Bins
TEC-MA-10003630,Technology,Machines,Epson Calculator
OFF-PA-10002245,Office Supplies,Paper,Xerox 1895
OFF-EN-10001028,Office Supplies,Envelopes,Staples
OFF-FA-10004587,Office Supplies,Fasteners,Advantus Rubber Bands
OFF-FA-10002491,Office Supplies,Fasteners,Stockwell Rubber Bands
OFF-AR-10000540,Office Supplies,Art,Binney & Smith Markers
FUR-BO-10001699,Furniture,Bookcases,Ikea 3-Shelf Cabinet
OFF-LA-10000879,Office Supplies,Labels,Hon File Folder Labels
OFF-BI-10004795,Office Supplies,Binders,Avery Binding Machine
OFF-BIN-10004569,Office Supplies,Art,Binney & Smith Highlighters
OFF-ST-10002546,Office Supplies,Storage,Eldon Folders
FUR-FU-10000585,Furniture,Furnishings,Deflect-O Light Bulb
OFF-ROG-10000332,Office Supplies,Storage,Rogers Box
OFF-LA-10001075,Office Supplies,Labels,Hon Removable Labels
OFF-BI-10002103,Office Supplies,Binders,Cardinal Slant-D Ring Binder
FUR-FU-10001037,Furniture,Furnishings,DAX Charcoal/Nickel-Tone Document Frame
OFF-FA-10001115,Office Supplies,Fasteners,Accos Push Pins
OFF-SU-10000079,Office Supplies,Supplies,Fiskars Trimmer
FUR-ADV-10004718,Furniture,Furnishings,Advantus Light Bulb
OFF-BI-10004146,Office Supplies,Binders,Acco Binding Machine
OFF-SU-10000926,Office Supplies,Supplies,Acme Trimmer
OFF-PA-10001858,Office Supplies,Paper,SanDisk Message Books
OFF-PA-10002751,Office Supplies,Paper,Xerox 1920
OFF-AR-10003521,Office Supplies,Art,Stanley Highlighters
OFF-AVE-10004308,Office Supplies,Binders,Avery Binder
OFF-XER-10001513,Office Supplies,Paper,Xerox Message Books
OFF-FA-10003879,Office Supplies,Fasteners,Stockwell Thumb Tacks
OFF-FA-10004942,Office Supplies,Fasteners,OIC Clamps
OFF-EN-10002896,Office Supplies,Envelopes,Jiffy Business Envelopes
OFF-SU-10000216,Office Supplies,Supplies,Stiletto Ruler
OFF-JIF-10002454,Office Supplies,Envelopes,Jiffy Manila Envelope
OFF-IBI-10000440,Office Supplies,Binders,Ibico Binder Covers
OFF-EN-10002725,Office Supplies,Envelopes,Ames Manila Envelope
OFF-LA-10003390,Office Supplies,Labels,Harbour Creations File Folder Labels
OFF-OIC-10000492,Office Supplies,Fasteners,OIC Push Pins
OFF-SME-10003033,Office Supplies,Storage,Smead Trays
TEC-STA-10004927,Technology,Machines,StarTech Receipt Printer
OFF-FA-10001613,Office Supplies,Fasteners,OIC Thumb Tacks
OFF-SU-10004737,Office Supplies,Supplies,Acme Design Stainless Steel Bent Scissors
OFF-AVE-10004828,Office Supplies,Labels,Avery Removable Labels
OFF-EN-10002613,Office Supplies,Envelopes,Ames Clasp Envelope
OFF-ADV-10003369,Office Supplies,Fasteners,Advantus Thumb Tacks
FUR-FU-10000605,Furniture,Furnishings,Rubbermaid Light Bulb
FUR-FU-10002671,Furniture,Furnishings,Electrix 20W Halogen Replacement Bulb for Zoom-In Desk Lamp
FUR-FU-10004909,Furniture,Furnishings,Contemporary Wood/Metal Frame
OFF-KRA-10002406,Office Supplies,Envelopes,Kraft Interoffice Envelope
TEC-PH-10001602,Technology,Phones,Samsung Office Telephone
OFF-PA-10004296,Office Supplies,Paper,Enermax Note Cards
OFF-FA-10000563,Office Supplies,Fasteners,Accos Push Pins
OFF-BI-10003166,Office Supplies,Binders,Cardinal Hole Reinforcements
OFF-FA-10001045,Office Supplies,Fasteners,Stockwell Staples
OFF-EN-10002911,Office Supplies,Envelopes,Ames Manila Envelope
OFF-SU-10002032,Office Supplies,Supplies,Stiletto Scissors
OFF-FA-10003994,Office Supplies,Fasteners,Stockwell Paper Clips
OFF-EN-10004422,Office Supplies,Envelopes,Cameo Peel and Seal
FUR-TEN-10004549,Furniture,Furnishings,Tenex Light Bulb
OFF-AR-10004884,Office Supplies,Art,Sanford Pens
OFF-FA-10000046,Office Supplies,Fasteners,Advantus Staples
FUR-FU-10000719,Furniture,Furnishings,DAX Cubicle Frames
OFF-SU-10004888,Office Supplies,Supplies,Stiletto Shears
OFF-AR-10003338,Office Supplies,Art,"Eberhard Faber 3 1/2"" Golf Pencils"
OFF-KRA-10004892,Office Supplies,Envelopes,Kraft Clasp Envelope
OFF-GRE-10000320,Office Supplies,Paper,Green Bar Computer Printout Paper
OFF-OIC-10000189,Office Supplies,Fasteners,OIC Clamps
OFF-KLE-10004543,Office Supplies,Supplies,Kleencut Ruler
OFF-SU-10003879,Office Supplies,Supplies,Kleencut Shears
OFF-LA-10001833,Office Supplies,Labels,Hon Shipping Labels
OFF-LA-10002939,Office Supplies,Labels,Harbour Creations Legal Exhibit Labels
TEC-AC-10001406,Technology,Accessories,Enermax Memory Card
OFF-AR-10000914,Office Supplies,Art,Boston 16765 Mini Stand Up Battery Pencil Sharpener
OFF-FA-10002782,Office Supplies,Fasteners,Accos Thumb Tacks
OFF-LA-10001471,Office Supplies,Labels,Harbour Creations File Folder Labels
OFF-BI-10002558,Office Supplies,Binders,Cardinal Binder Covers
OFF-STI-10001136,Office Supplies,Supplies,Stiletto Letter Opener
OFF-AR-10003680,Office Supplies,Art,BIC Markers
OFF-BI-10003152,Office Supplies,Binders,Avery Hole Reinforcements
OFF-HAR-10001714,Office Supplies,Labels,Harbour Creations Legal Exhibit Labels
OFF-EN-10004935,Office Supplies,Envelopes,Cameo Clasp Envelope
OFF-EN-10001711,Office Supplies,Envelopes,Ames Clasp Envelope
OFF-LA-10000624,Office Supplies,Labels,Hon File Folder Labels
OFF-EN-10002434,Office Supplies,Envelopes,Kraft Manila Envelope
OFF-EN-10004568,Office Supplies,Envelopes,Kraft Business Envelopes
FUR-CH-10001414,Furniture,Chairs,Hon Chairmat
FUR-FU-10003546,Furniture,Furnishings,Advantus Clock
OFF-FA-10004186,Office Supplies,Fasteners,Advantus Thumb Tacks
OFF-FA-10002539,Office Supplies,Fasteners,Stockwell Rubber Bands
OFF-PA-10000477,Office Supplies,Paper,Xerox 1952
OFF-PA-10004996,Office Supplies,Paper,"Speediset Carbonless Redi-Letter 7"" x 8 1/2"""
TEC-AC-10004227,Technology,Accessories,SanDisk Ultra 16 GB MicroSDHC Class 10 Memory Card
FUR-OFF-10003019,Furniture,Chairs,Office Star Steel Folding Chair
OFF-IBI-10000099,Office Supplies,Binders,Ibico Binder
OFF-BI-10003503,Office Supplies,Binders,Cardinal Index Tab
FUR-DEF-10002774,Furniture,Furnishings,Deflect-O Clock
OFF-LA-10003285,Office Supplies,Labels,Avery Removable Labels
FUR-BO-10004238,Furniture,Bookcases,Ikea Corner Shelving
OFF-PA-10000116,Office Supplies,Paper,Xerox Parchment Paper
OFF-PA-10000743,Office Supplies,Paper,Xerox 1977
OFF-FIS-10004155,Office Supplies,Supplies,Fiskars Letter Opener
OFF-SU-10003719,Office Supplies,Supplies,Stiletto Scissors
OFF-AR-10001402,Office Supplies,Art,Sanford Highlighters
OFF-BI-10000050,Office Supplies,Binders,Angle-D Binders with Locking Rings
OFF-EN-10003160,Office Supplies,Envelopes,Pastel Pink Envelopes
OFF-LA-10002895,Office Supplies,Labels,Avery Legal Exhibit Labels
OFF-AR-10003461,Office Supplies,Art,Stanley Pencil Sharpener
OFF-PA-10000520,Office Supplies,Paper,Xerox 201
OFF-BI-10000088,Office Supplies,Binders,GBC Imprintable Covers
FUR-RUB-10001796,Furniture,Furnishings,Rubbermaid Light Bulb
OFF-AP-10002497,Office Supplies,Appliances,Hamilton Beach Coffee Grinder
OFF-PA-10000295,Office Supplies,Paper,Xerox 229
OFF-GRE-10000492,Office Supplies,Paper,Green Bar Memo Slips
FUR-FU-10004842,Furniture,Furnishings,Advantus Light Bulb
OFF-PA-10003499,Office Supplies,Paper,Xerox Parchment Paper
FUR-DEF-10000622,Furniture,Furnishings,Deflect-O Light Bulb
OFF-PA-10000277,Office Supplies,Paper,SanDisk Computer Printout Paper
OFF-LA-10003971,Office Supplies,Labels,Novimex Color Coded Labels
OFF-BI-10002412,Office Supplies,Binders,Wilson Jones Snap Scratch Pad Binder Tool for Ring Binders
OFF-EN-10002624,Office Supplies,Envelopes,Jiffy Clasp Envelope
OFF-SU-10001683,Office Supplies,Supplies,Kleencut Ruler
OFF-EN-10000053,Office Supplies,Envelopes,Ames Business Envelopes
FUR-FU-10001760,Furniture,Furnishings,Tenex Light Bulb
TEC-AC-10004811,Technology,Accessories,Memorex Flash Drive
TEC-PH-10002365,Technology,Phones,Belkin Grip Candy Sheer Case / Cover for iPhone 5 and 5S
OFF-SU-10004802,Office Supplies,Supplies,Stiletto Shears
FUR-FU-10000320,Furniture,Furnishings,OIC Stacking Trays
FUR-FU-10000012,Furniture,Furnishings,Tenex Stacking Tray
OFF-LA-10000370,Office Supplies,Labels,Hon Color Coded Labels
OFF-PA-10000944,Office Supplies,Paper,Enermax Computer Printout Paper
OFF-FA-10001419,Office Supplies,Fasteners,Stockwell Rubber Bands
OFF-FA-10004854,Office Supplies,Fasteners,Vinyl Coated Wire Paper Clips in Organizer Box
FUR-FU-10002045,Furniture,Furnishings,"Executive Impressions 14"""
OFF-PA-10001526,Office Supplies,Paper,Xerox 1949
OFF-SU-10000946,Office Supplies,Supplies,Staples
OFF-LA-10003583,Office Supplies,Labels,Hon File Folder Labels
OFF-FA-10004140,Office Supplies,Fasteners,Accos Push Pins
OFF-FA-10000038,Office Supplies,Fasteners,Stockwell Clamps
OFF-BI-10000698,Office Supplies,Binders,Wilson Jones Hole Reinforcements
OFF-ENE-10003274,Office Supplies,Paper,Enermax Memo Slips
OFF-FA-10003022,Office Supplies,Fasteners,Stockwell Clamps
OFF-FA-10001348,Office Supplies,Fasteners,Accos Thumb Tacks
OFF-LA-10000296,Office Supplies,Labels,Hon Color Coded Labels
OFF-FA-10000154,Office Supplies,Fasteners,OIC Paper Clips
OFF-LA-10004799,Office Supplies,Labels,Hon Legal Exhibit Labels
OFF-AR-10003056,Office Supplies,Art,Newell 341
FUR-FU-10003489,Furniture,Furnishings,Contemporary Borderless Frame
OFF-LA-10003505,Office Supplies,Labels,Avery Legal Exhibit Labels
OFF-BRE-10004359,Office Supplies,Appliances,Breville Coffee Grinder
OFF-ST-10003729,Office Supplies,Storage,Tenex Box
OFF-LA-10004916,Office Supplies,Labels,Harbour Creations Shipping Labels
OFF-ELI-10003277,Office Supplies,Supplies,Elite Letter Opener
OFF-PA-10001283,Office Supplies,Paper,Green Bar Parchment Paper
OFF-PA-10003875,Office Supplies,Paper,Enermax Memo Slips
OFF-AR-10000203,Office Supplies,Art,Newell 336
OFF-PA-10001184,Office Supplies,Paper,Xerox 1903
OFF-AVE-10002014,Office Supplies,Labels,Avery Shipping Labels
OFF-FA-10002177,Office Supplies,Fasteners,OIC Clamps
OFF-LA-10000244,Office Supplies,Labels,Hon Legal Exhibit Labels
OFF-BI-10001636,Office Supplies,Binders,Ibico Plastic and Wire Spiral Binding Combs
OFF-BI-10002706,Office Supplies,Binders,Avery Premier Heavy-Duty Binder with Round Locking Rings
OFF-EN-10004012,Office Supplies,Envelopes,GlobeWeis Peel and Seal
OFF-PA-10000213,Office Supplies,Paper,Xerox 198
OFF-STO-10001693,Office Supplies,Fasteners,Stockwell Paper Clips
OFF-ACC-10001993,Office Supplies,Binders,Acco Binder Covers
OFF-LA-10002972,Office Supplies,Labels,Avery File Folder Labels
OFF-SU-10002419,Office Supplies,Supplies,Fiskars Letter Opener
OFF-AR-10000347,Office Supplies,Art,Sanford Highlighters
OFF-FA-10004533,Office Supplies,Fasteners,Stockwell Staples
FUR-FU-10001617,Furniture,Furnishings,Eldon Frame
OFF-EN-10001044,Office Supplies,Envelopes,Kraft Manila Envelope
OFF-EN-10003512,Office Supplies,Envelopes,Jiffy Peel and Seal
FUR-FU-10004458,Furniture,Furnishings,Rubbermaid Door Stop
OFF-EN-10002166,Office Supplies,Envelopes,Cameo Manila Envelope
OFF-ST-10003578,Office Supplies,Storage,Smead Box
OFF-PA-10000960,Office Supplies,Paper,Xerox Parchment Paper
TEC-MA-10000755,Technology,Machines,Panasonic Phone
TEC-MA-10003886,Technology,Machines,Panasonic Phone
OFF-LA-10003827,Office Supplies,Labels,Avery Color Coded Labels
OFF-HOO-10002386,Office Supplies,Appliances,Hoover Toaster
OFF-AP-10000569,Office Supplies,Appliances,KitchenAid Coffee Grinder
OFF-LA-10003610,Office Supplies,Labels,Avery Removable Labels
FUR-FU-10003462,Furniture,Furnishings,Rubbermaid Photo Frame
OFF-LA-10004753,Office Supplies,Labels,Novimex Round Labels
OFF-HAR-10000495,Office Supplies,Labels,Harbour Creations Shipping Labels
OFF-IBI-10004074,Office Supplies,Binders,Ibico 3-Hole Punch
OFF-FA-10002085,Office Supplies,Fasteners,Stockwell Clamps
OFF-BI-10003114,Office Supplies,Binders,Ibico Hole Reinforcements
OFF-BRE-10000448,Office Supplies,Appliances,Breville Coffee Grinder
OFF-BI-10000042,Office Supplies,Binders,Cardinal Index Tab
OFF-FA-10000974,Office Supplies,Fasteners,Stockwell Paper Clips
OFF-EN-10004386,Office Supplies,Envelopes,Recycled Interoffice Envelopes with String and Button Closure
OFF-PA-10002666,Office Supplies,Paper,Southworth 25% Cotton Linen-Finish Paper & Envelopes
OFF-SU-10000573,Office Supplies,Supplies,Acme Ruler
OFF-PA-10002363,Office Supplies,Paper,Eaton Message Books
OFF-EN-10003444,Office Supplies,Envelopes,Jiffy Clasp Envelope
OFF-BI-10004364,Office Supplies,Binders,Storex Dura Pro Binders
OFF-ADV-10001451,Office Supplies,Fasteners,Advantus Clamps
TEC-AC-10000815,Technology,Accessories,Enermax Flash Drive
FUR-FU-10002268,Furniture,Furnishings,Ultra Door Push Plate
OFF-ACM-10002131,Office Supplies,Supplies,Acme Ruler
OFF-AR-10001134,Office Supplies,Art,Boston Pens
OFF-PA-10001934,Office Supplies,Paper,Xerox 1993
FUR-FU-10004338,Furniture,Furnishings,Tenex Light Bulb
OFF-FA-10003462,Office Supplies,Fasteners,Stockwell Thumb Tacks
OFF-ELD-10002578,Office Supplies,Storage,Eldon Box
OFF-AR-10001991,Office Supplies,Art,Stanley Markers
OFF-SU-10003211,Office Supplies,Supplies,Acme Ruler
OFF-HAR-10001262,Office Supplies,Labels,Harbour Creations Removable Labels
OFF-AVE-10004148,Office Supplies,Labels,Avery Color Coded Labels
OFF-BI-10000814,Office Supplies,Binders,Wilson Jones Binder
FUR-TA-10003539,Furniture,Tables,Bevis Wood Table
OFF-EN-10004904,Office Supplies,Envelopes,Cameo Manila Envelope
OFF-AP-10003318,Office Supplies,Appliances,Breville Blender
OFF-FA-10004027,Office Supplies,Fasteners,OIC Staples
OFF-AP-10002222,Office Supplies,Appliances,Staples
OFF-PA-10004569,Office Supplies,Paper,Wirebound Message Books
OFF-NOV-10000787,Office Supplies,Labels,Novimex Removable Labels
OFF-KLE-10002340,Office Supplies,Supplies,Kleencut Shears
OFF-FA-10000540,Office Supplies,Fasteners,Stockwell Staples
OFF-ST-10001743,Office Supplies,Storage,Tenex Folders
OFF-FA-10002011,Office Supplies,Fasteners,OIC Push Pins
FUR-BO-10000807,Furniture,Bookcases,Sauder Floating Shelf Set
FUR-FU-10000955,Furniture,Furnishings,Advantus Stacking Tray
OFF-LA-10002312,Office Supplies,Labels,Avery 490
OFF-FA-10002100,Office Supplies,Fasteners,OIC Paper Clips
OFF-SU-10001337,Office Supplies,Supplies,Fiskars Box Cutter
OFF-STO-10004363,Office Supplies,Fasteners,Stockwell Paper Clips
OFF-BI-10001275,Office Supplies,Binders,Avery Index Tab
OFF-PA-10000677,Office Supplies,Paper,Green Bar Memo Slips
OFF-PA-10003937,Office Supplies,Paper,Green Bar Memo Slips
OFF-AR-10001221,Office Supplies,Art,Dixon Ticonderoga Erasable Colored Pencil Set
OFF-AR-10002445,Office Supplies,Art,SANFORD Major Accent Highlighters
TEC-SAN-10001738,Technology,Accessories,SanDisk Mouse
OFF-CAM-10002159,Office Supplies,Envelopes,Cameo Manila Envelope
OFF-ENE-10002470,Office Supplies,Paper,Enermax Cards & Envelopes
OFF-BI-10003588,Office Supplies,Binders,Ibico Binder
OFF-AR-10000974,Office Supplies,Art,Stanley Pens
FUR-FU-10000490,Furniture,Furnishings,Eldon Light Bulb
FUR-FU-10002957,Furniture,Furnishings,Tenex Stacking Tray
OFF-KIT-10000624,Office Supplies,Appliances,KitchenAid Blender
OFF-LA-10000322,Office Supplies,Labels,Smead Round Labels
OFF-LA-10003381,Office Supplies,Labels,Novimex Removable Labels
OFF-BI-10002437,Office Supplies,Binders,Recycled Premium Regency Composition Covers
OFF-SU-10003717,Office Supplies,Supplies,Stiletto Ruler
OFF-LA-10004062,Office Supplies,Labels,Hon Removable Labels
OFF-STA-10001895,Office Supplies,Art,Stanley Pens
OFF-LA-10004538,Office Supplies,Labels,Harbour Creations Legal Exhibit Labels
TEC-PH-10002844,Technology,Phones,Speck Products Candyshell Flip Case
OFF-FA-10000644,Office Supplies,Fasteners,Accos Push Pins
FUR-FU-10000448,Furniture,Furnishings,Tenex Chairmats For Use With Carpeted Floors
OFF-ROG-10003300,Office Supplies,Storage,Rogers Box
OFF-EAT-10004908,Office Supplies,Paper,Eaton Message Books
OFF-EN-10002312,Office Supplies,Envelopes,#10 Self-Seal White Envelopes
OFF-AVE-10004556,Office Supplies,Binders,Avery Hole Reinforcements
TEC-SAN-10002871,Technology,Accessories,SanDisk Numeric Keypad
OFF-FA-10003833,Office Supplies,Fasteners,OIC Thumb Tacks
OFF-GRE-10004359,Office Supplies,Paper,Green Bar Message Books
OFF-AP-10002697,Office Supplies,Appliances,Breville Coffee Grinder
FUR-OFF-10000344,Furniture,Chairs,Office Star Bag Chairs
OFF-EN-10001538,Office Supplies,Envelopes,Jiffy Peel and Seal
OFF-SU-10002498,Office Supplies,Supplies,Stiletto Letter Opener
OFF-PA-10004930,Office Supplies,Paper,Xerox Note Cards
OFF-SU-10004304,Office Supplies,Supplies,Elite Letter Opener
OFF-BI-10002684,Office Supplies,Binders,Avery Hole Reinforcements
OFF-AP-10000124,Office Supplies,Appliances,Acco 6 Outlet Guardian Basic Surge Suppressor
OFF-FA-10003961,Office Supplies,Fasteners,Advantus Rubber Bands
OFF-EN-10001528,Office Supplies,Envelopes,Kraft Business Envelopes
OFF-BI-10001153,Office Supplies,Binders,Ibico Recycled Grain-Textured Covers
OFF-AP-10003610,Office Supplies,Appliances,Hamilton Beach Coffee Grinder
OFF-SU-10002849,Office Supplies,Supplies,Kleencut Ruler
OFF-FA-10003161,Office Supplies,Fasteners,OIC Paper Clips
OFF-PA-10004881,Office Supplies,Paper,Xerox Computer Printout Paper
OFF-AR-10003253,Office Supplies,Art,Boston Pencil Sharpener
OFF-AR-10000740,Office Supplies,Art,Binney & Smith Pens
OFF-ST-10000642,Office Supplies,Storage,Tennsco Lockers
OFF-HOO-10000638,Office Supplies,Appliances,Hoover Toaster
OFF-SU-10000705,Office Supplies,Supplies,Stiletto Shears
OFF-AR-10002105,Office Supplies,Art,Boston Highlighters
OFF-FA-10001246,Office Supplies,Fasteners,OIC Staples
OFF-PA-10000327,Office Supplies,Paper,Xerox 1971
OFF-WIL-10000986,Office Supplies,Binders,Wilson Jones Binder Covers
TEC-MA-10004615,Technology,Machines,Okidata Calculator
OFF-PA-10004923,Office Supplies,Paper,Xerox Memo Slips
OFF-HON-10001508,Office Supplies,Labels,Hon Removable Labels
OFF-FIS-10002949,Office Supplies,Supplies,Fiskars Ruler
OFF-SU-10002215,Office Supplies,Supplies,Elite Ruler
OFF-LA-10000648,Office Supplies,Labels,Harbour Creations Round Labels
OFF-ST-10000884,Office Supplies,Storage,Smead Folders
OFF-EN-10002808,Office Supplies,Envelopes,Cameo Business Envelopes
OFF-PA-10004734,Office Supplies,Paper,Southworth Structures Collection
OFF-BI-10003727,Office Supplies,Binders,Avery Durable Slant Ring Binders With Label Holder
FUR-ELD-10003695,Furniture,Furnishings,Eldon Light Bulb
OFF-AVE-10004412,Office Supplies,Labels,Avery Color Coded Labels
OFF-LA-10000073,Office Supplies,Labels,Novimex Legal Exhibit Labels
FUR-ADV-10000002,Furniture,Furnishings,Advantus Photo Frame
OFF-GRE-10002510,Office Supplies,Paper,Green Bar Computer Printout Paper
OFF-ST-10002459,Office Supplies,Storage,Eldon Trays
OFF-ST-10000794,Office Supplies,Storage,Tenex Trays
OFF-SU-10004589,Office Supplies,Supplies,Elite Shears
FUR-FU-10001867,Furniture,Furnishings,Eldon Expressions Punched Metal & Wood Desk Accessories
TEC-PH-10003764,Technology,Phones,Cisco Office Telephone
OFF-FA-10003266,Office Supplies,Fasteners,Stockwell Clamps
OFF-AR-10002650,Office Supplies,Art,Sanford Markers
OFF-BI-10000517,Office Supplies,Binders,Acco Binder
OFF-BI-10000171,Office Supplies,Binders,Wilson Jones Index Tab
OFF-FA-10004139,Office Supplies,Fasteners,Advantus Thumb Tacks
TEC-PH-10001475,Technology,Phones,Cisco Office Telephone
OFF-LA-10000305,Office Supplies,Labels,Avery 495
OFF-BOS-10004950,Office Supplies,Art,Boston Pens
OFF-XER-10000641,Office Supplies,Paper,Xerox Cards & Envelopes
OFF-AP-10000261,Office Supplies,Appliances,Cuisinart Toaster
OFF-EN-10002406,Office Supplies,Envelopes,Kraft Business Envelopes
OFF-AR-10001922,Office Supplies,Art,Sanford Pens
TEC-PH-10000923,Technology,Phones,Belkin SportFit Armband For iPhone 5s/5c
OFF-FA-10001057,Office Supplies,Fasteners,Accos Clamps
OFF-CUI-10004428,Office Supplies,Appliances,Cuisinart Coffee Grinder
OFF-PA-10000318,Office Supplies,Paper,Enermax Message Books
OFF-LA-10000984,Office Supplies,Labels,Hon Round Labels
OFF-BI-10003291,Office Supplies,Binders,Wilson Jones Leather-Like Binders with DublLock Round Rings
OFF-AR-10001609,Office Supplies,Art,Stanley Highlighters
OFF-EN-10001861,Office Supplies,Envelopes,Kraft Peel and Seal
OFF-PA-10003001,Office Supplies,Paper,Xerox 1986
OFF-BI-10003676,Office Supplies,Binders,GBC Standard Recycled Report Covers
OFF-AR-10004012,Office Supplies,Art,Sanford Highlighters
OFF-EN-10004909,Office Supplies,Envelopes,GlobeWeis Peel and Seal
OFF-AR-10002800,Office Supplies,Art,Binney & Smith Pencil Sharpener
FUR-RUB-10001310,Furniture,Furnishings,Rubbermaid Photo Frame
OFF-WIL-10000979,Office Supplies,Binders,Wilson Jones Hole Reinforcements
OFF-BI-10003112,Office Supplies,Binders,Ibico Binder Covers
OFF-FA-10001072,Office Supplies,Fasteners,Advantus Clamps
OFF-AR-10000390,Office Supplies,Art,Stanley Pencil Sharpener
OFF-OIC-10001155,Office Supplies,Fasteners,OIC Paper Clips
OFF-CAR-10004886,Office Supplies,Binders,Cardinal Binder
OFF-ACC-10003788,Office Supplies,Binders,Acco Hole Reinforcements
OFF-FA-10004523,Office Supplies,Fasteners,OIC Thumb Tacks
OFF-PA-10002259,Office Supplies,Paper,Geographics Note Cards
OFF-LA-10002821,Office Supplies,Labels,Harbour Creations Color Coded Labels
OFF-EN-10000812,Office Supplies,Envelopes,GlobeWeis Clasp Envelope
TEC-MA-10002242,Technology,Machines,StarTech Calculator
OFF-PA-10003724,Office Supplies,Paper,Wirebound Message Book
TEC-AC-10004708,Technology,Accessories,Sony 32GB Class 10 Micro SDHC R40 Memory Card
OFF-HON-10002610,Office Supplies,Labels,Hon Removable Labels
OFF-BI-10000769,Office Supplies,Binders,Ibico Binder Covers
OFF-SU-10004658,Office Supplies,Supplies,Stiletto Letter Opener
OFF-PA-10001776,Office Supplies,Paper,Wirebound Message Books
OFF-FA-10003004,Office Supplies,Fasteners,Advantus Push Pins
OFF-FA-10002600,Office Supplies,Fasteners,Accos Thumb Tacks
OFF-AR-10002897,Office Supplies,Art,BIC Markers
OFF-BI-10000168,Office Supplies,Binders,Cardinal Hole Reinforcements
OFF-LA-10003617,Office Supplies,Labels,Smead Legal Exhibit Labels
TEC-AC-10003987,Technology,Accessories,Logitech Numeric Keypad
FUR-FU-10003919,Furniture,Furnishings,Eldon Executive Woodline II Cherry Finish Desk Accessories
OFF-BI-10002215,Office Supplies,Binders,Wilson Jones Hanging View Binder
OFF-FA-10002752,Office Supplies,Fasteners,Advantus Push Pins
OFF-EN-10002491,Office Supplies,Envelopes,GlobeWeis Mailers
OFF-AP-10003442,Office Supplies,Appliances,Hamilton Beach Coffee Grinder
FUR-BO-10001567,Furniture,Bookcases,Bush Westfield Collection Bookcases
OFF-LA-10001284,Office Supplies,Labels,Smead Round Labels
OFF-EN-10004144,Office Supplies,Envelopes,Cameo Clasp Envelope
OFF-EN-10001539,Office Supplies,Envelopes,Staples
OFF-AR-10004049,Office Supplies,Art,Stanley Sketch Pad
OFF-FA-10000439,Office Supplies,Fasteners,Stockwell Thumb Tacks
TEC-LOG-10003079,Technology,Accessories,Logitech Flash Drive
OFF-ACC-10004281,Office Supplies,Binders,Acco Hole Reinforcements
OFF-PA-10003105,Office Supplies,Paper,SanDisk Parchment Paper
OFF-BI-10004436,Office Supplies,Binders,Acco Hole Reinforcements
OFF-AP-10004036,Office Supplies,Appliances,Bionaire 99.97% HEPA Air Cleaner
OFF-FA-10002759,Office Supplies,Fasteners,Stockwell Clamps
OFF-BI-10000948,Office Supplies,Binders,GBC Laser Imprintable Binding System Covers
OFF-BI-10004040,Office Supplies,Binders,Wilson Jones Impact Binders
OFF-BI-10001544,Office Supplies,Binders,Wilson Jones Hole Reinforcements
OFF-LA-10001831,Office Supplies,Labels,Harbour Creations Shipping Labels
TEC-MA-10003173,Technology,Machines,Hewlett-Packard 300S Scientific Calculator
OFF-BI-10004722,Office Supplies,Binders,Avery Index Tab
OFF-PA-10001537,Office Supplies,Paper,Green Bar Note Cards
OFF-PA-10000301,Office Supplies,Paper,Enermax Parchment Paper
FUR-ADV-10004223,Furniture,Furnishings,Advantus Clock
TEC-AC-10002530,Technology,Accessories,Memorex Numeric Keypad
OFF-LA-10000219,Office Supplies,Labels,Harbour Creations File Folder Labels
OFF-BI-10000636,Office Supplies,Binders,Ibico Hole Reinforcements
FUR-FU-10004671,Furniture,Furnishings,"Executive Impressions 12"" Wall Clock"
OFF-FA-10000091,Office Supplies,Fasteners,Stockwell Push Pins
OFF-LA-10004318,Office Supplies,Labels,Hon Color Coded Labels
OFF-BI-10002859,Office Supplies,Binders,Acco Binder
OFF-PA-10002976,Office Supplies,Paper,Xerox Computer Printout Paper
OFF-PA-10002749,Office Supplies,Paper,Wirebound Message Books
OFF-AR-10003087,Office Supplies,Art,Staples
TEC-MEM-10000312,Technology,Accessories,Memorex Mouse
OFF-BI-10003874,Office Supplies,Binders,Avery Index Tab
OFF-PA-10001667,Office Supplies,Paper,Great White Multi-Use Recycled Paper (20Lb. and 84 Bright)
OFF-SU-10004782,Office Supplies,Supplies,"Elite 5"" Scissors"
TEC-PH-10003187,Technology,Phones,Anker Astro Mini 3000mAh Ultra-Compact Portable Charger
OFF-PA-10001838,Office Supplies,Paper,Adams Telephone Message Book W/Dividers/Space For Phone Numbers
OFF-SAN-10000844,Office Supplies,Paper,SanDisk Parchment Paper
OFF-PA-10002418,Office Supplies,Paper,Green Bar Message Books
OFF-FA-10001104,Office Supplies,Fasteners,Stockwell Paper Clips
OFF-LA-10002183,Office Supplies,Labels,Novimex Legal Exhibit Labels
OFF-PA-10000682,Office Supplies,Paper,Xerox 1924
OFF-SME-10001718,Office Supplies,Storage,Smead Box
OFF-PA-10000194,Office Supplies,Paper,SanDisk Cards & Envelopes
FUR-FU-10001255,Furniture,Furnishings,Advantus Light Bulb
OFF-LA-10000240,Office Supplies,Labels,Self-Adhesive Address Labels for Typewriters by Universal
FUR-FU-10000397,Furniture,Furnishings,Luxo Economy Swing Arm Lamp
OFF-PA-10000791,Office Supplies,Paper,Wirebound Message Books
OFF-STA-10003027,Office Supplies,Art,Stanley Highlighters
FUR-CH-10004652,Furniture,Chairs,Hon Bag Chairs
OFF-PA-10001763,Office Supplies,Paper,Xerox 1896
OFF-AR-10000614,Office Supplies,Art,Sanford Markers
OFF-BI-10001833,Office Supplies,Binders,Ibico Hole Reinforcements
OFF-BI-10002083,Office Supplies,Binders,Acco Hole Reinforcements
OFF-LA-10003807,Office Supplies,Labels,Smead Removable Labels
FUR-FU-10004712,Furniture,Furnishings,Westinghouse Mesh Shade Clip-On Gooseneck Lamp
OFF-STI-10001171,Office Supplies,Supplies,Stiletto Letter Opener
OFF-CAR-10001911,Office Supplies,Binders,Cardinal Binder Covers
OFF-LA-10003551,Office Supplies,Labels,Harbour Creations File Folder Labels
OFF-SU-10000388,Office Supplies,Supplies,Acme Ruler
OFF-BI-10003429,Office Supplies,Binders,Cardinal HOLDit! Binder Insert Strips
OFF-SU-10000429,Office Supplies,Supplies,Elite Ruler
OFF-FA-10002506,Office Supplies,Fasteners,OIC Rubber Bands
OFF-EN-10003904,Office Supplies,Envelopes,Jiffy Business Envelopes
OFF-FA-10001297,Office Supplies,Fasteners,OIC Staples
OFF-BI-10002977,Office Supplies,Binders,Wilson Jones Binder
OFF-SU-10003509,Office Supplies,Supplies,Stiletto Ruler
TEC-AC-10000510,Technology,Accessories,SanDisk Flash Drive
OFF-LA-10000901,Office Supplies,Labels,Smead File Folder Labels
OFF-BI-10000829,Office Supplies,Binders,Avery Non-Stick Binders
OFF-BI-10000844,Office Supplies,Binders,Wilson Jones Hole Reinforcements
OFF-LA-10003376,Office Supplies,Labels,Hon Shipping Labels
FUR-FU-10003691,Furniture,Furnishings,Eldon Image Series Desk Accessories
OFF-LA-10002323,Office Supplies,Labels,Harbour Creations Shipping Labels
OFF-LA-10002086,Office Supplies,Labels,Hon Shipping Labels
OFF-BIC-10000041,Office Supplies,Art,BIC Markers
OFF-LA-10001701,Office Supplies,Labels,Novimex File Folder Labels
OFF-FA-10000067,Office Supplies,Fasteners,Stockwell Staples
OFF-LA-10003699,Office Supplies,Labels,Smead File Folder Labels
OFF-LA-10003969,Office Supplies,Labels,Novimex Legal Exhibit Labels
OFF-FIS-10004183,Office Supplies,Supplies,Fiskars Scissors
OFF-FA-10002991,Office Supplies,Fasteners,Stockwell Thumb Tacks
OFF-AR-10003085,Office Supplies,Art,Stanley Markers
OFF-OIC-10000121,Office Supplies,Fasteners,OIC Paper Clips
OFF-ST-10002122,Office Supplies,Storage,Smead Box
FUR-CH-10000690,Furniture,Chairs,Novimex Bag Chairs
OFF-FA-10000585,Office Supplies,Fasteners,OIC Bulk Pack Metal Binder Clips
OFF-LA-10001265,Office Supplies,Labels,Hon File Folder Labels
OFF-ST-10002605,Office Supplies,Storage,Smead Box
TEC-AC-10002025,Technology,Accessories,Memorex Flash Drive
OFF-LA-10000709,Office Supplies,Labels,Avery Color Coded Labels
OFF-BOS-10004262,Office Supplies,Art,Boston Highlighters
OFF-BI-10002937,Office Supplies,Binders,Wilson Jones Binder Covers
TEC-AC-10001831,Technology,Accessories,Memorex Keyboard
TEC-PH-10000376,Technology,Phones,Square Credit Card Reader
OFF-PA-10004255,Office Supplies,Paper,Xerox 219
OFF-LA-10003973,Office Supplies,Labels,Hon Removable Labels
OFF-LA-10001383,Office Supplies,Labels,Smead Shipping Labels
OFF-FIS-10004067,Office Supplies,Supplies,Fiskars Ruler
OFF-SU-10001624,Office Supplies,Supplies,Kleencut Ruler
OFF-EN-10003455,Office Supplies,Envelopes,Cameo Manila Envelope
OFF-IBI-10001951,Office Supplies,Binders,Ibico Hole Reinforcements
TEC-AC-10003920,Technology,Accessories,Belkin Keyboard
OFF-SU-10002550,Office Supplies,Supplies,Kleencut Scissors
OFF-ST-10002444,Office Supplies,Storage,Recycled Eldon Regeneration Jumbo File
OFF-FA-10003659,Office Supplies,Fasteners,Accos Paper Clips
OFF-AR-10000034,Office Supplies,Art,BIC Brite Liner Grip Highlighters
OFF-BI-10003784,Office Supplies,Binders,Ibico Index Tab
OFF-SU-10003671,Office Supplies,Supplies,Fiskars Scissors
OFF-EAT-10004051,Office Supplies,Paper,Eaton Memo Slips
OFF-AR-10000812,Office Supplies,Art,Binney & Smith Pens
OFF-FA-10001175,Office Supplies,Fasteners,OIC Staples
OFF-LA-10000519,Office Supplies,Labels,Novimex File Folder Labels
OFF-BI-10000320,Office Supplies,Binders,GBC Plastic Binding Combs
FUR-FU-10003829,Furniture,Furnishings,Stackable Trays
OFF-EN-10002816,Office Supplies,Envelopes,Kraft Peel and Seal
OFF-LA-10004623,Office Supplies,Labels,Smead Removable Labels
FUR-FU-10003142,Furniture,Furnishings,Master Big Foot Doorstop
OFF-ACM-10001112,Office Supplies,Supplies,Acme Shears
OFF-LA-10002469,Office Supplies,Labels,Harbour Creations Shipping Labels
OFF-AR-10001271,Office Supplies,Art,Sanford Markers
OFF-FA-10004175,Office Supplies,Fasteners,Stockwell Push Pins
OFF-WIL-10001069,Office Supplies,Binders,Wilson Jones Hole Reinforcements
OFF-PA-10001801,Office Supplies,Paper,Xerox Memo Slips
OFF-FA-10000659,Office Supplies,Fasteners,Stockwell Clamps
OFF-PA-10003994,Office Supplies,Paper,Eaton Note Cards
TEC-CO-10003568,Technology,Copiers,HP Copy Machine
OFF-ST-10004190,Office Supplies,Storage,Smead Box
OFF-PA-10004111,Office Supplies,Paper,Enermax Parchment Paper
OFF-EN-10003817,Office Supplies,Envelopes,Jiffy Business Envelopes
OFF-AP-10000039,Office Supplies,Appliances,Breville Coffee Grinder
OFF-SU-10000952,Office Supplies,Supplies,Fiskars Home & Office Scissors
OFF-SME-10004740,Office Supplies,Labels,Smead Shipping Labels
OFF-CUI-10003923,Office Supplies,Appliances,Cuisinart Coffee Grinder
OFF-JIF-10000556,Office Supplies,Envelopes,Jiffy Interoffice Envelope
OFF-FA-10004527,Office Supplies,Fasteners,Advantus Thumb Tacks
OFF-BI-10002571,Office Supplies,Binders,Avery Framed View Binder
OFF-BI-10000185,Office Supplies,Binders,Cardinal Binder Covers
OFF-PA-10004326,Office Supplies,Paper,Enermax Parchment Paper
OFF-AR-10004116,Office Supplies,Art,Sanford Sketch Pad
OFF-PA-10000130,Office Supplies,Paper,Xerox 199
OFF-LA-10002199,Office Supplies,Labels,Harbour Creations Removable Labels
OFF-FA-10001199,Office Supplies,Fasteners,Advantus Thumb Tacks
OFF-LA-10004709,Office Supplies,Labels,Avery Round Labels
OFF-SU-10000304,Office Supplies,Supplies,Kleencut Ruler
FUR-FU-10002685,Furniture,Furnishings,"Executive Impressions 13-1/2"" Indoor/Outdoor Wall Clock"
OFF-LA-10000540,Office Supplies,Labels,Harbour Creations Round Labels
OFF-AR-10000676,Office Supplies,Art,Sanford Markers
OFF-PA-10000726,Office Supplies,Paper,Black Print Carbonless Snap-Off Rapid Letter
OFF-GRE-10002555,Office Supplies,Paper,Green Bar Memo Slips
OFF-BI-10001397,Office Supplies,Binders,Ibico Binder
OFF-AR-10000411,Office Supplies,Art,Boston 16701 Slimline Battery Pencil Sharpener
FUR-FU-10003731,Furniture,Furnishings,Eldon Expressions Wood and Plastic Desk Accessories
OFF-SU-10003567,Office Supplies,Supplies,Stiletto Hand Letter Openers
OFF-STO-10003605,Office Supplies,Fasteners,Stockwell Paper Clips
OFF-BI-10003400,Office Supplies,Binders,Cardinal Binder Covers
OFF-STO-10001239,Office Supplies,Fasteners,Stockwell Clamps
FUR-CH-10004448,Furniture,Chairs,Hon Chairmat
OFF-EAT-10004696,Office Supplies,Paper,Eaton Note Cards
OFF-EN-10001727,Office Supplies,Envelopes,Jiffy Business Envelopes
OFF-FIS-10000628,Office Supplies,Supplies,Fiskars Ruler
TEC-MEM-10000178,Technology,Accessories,Memorex Keyboard
OFF-LA-10000738,Office Supplies,Labels,Avery File Folder Labels
OFF-LA-10001658,Office Supplies,Labels,Avery Round Labels
OFF-XER-10003104,Office Supplies,Paper,Xerox Memo Slips
OFF-AR-10000150,Office Supplies,Art,Boston Pens
OFF-AR-10001752,Office Supplies,Art,Binney & Smith Pens
FUR-FU-10000260,Furniture,Furnishings,"6"" Cubicle Wall Clock"
OFF-CAR-10002031,Office Supplies,Binders,Cardinal 3-Hole Punch
OFF-FA-10002226,Office Supplies,Fasteners,Stockwell Thumb Tacks
OFF-FA-10001727,Office Supplies,Fasteners,Advantus Thumb Tacks
OFF-FA-10004344,Office Supplies,Fasteners,Advantus Thumb Tacks
OFF-LA-10004132,Office Supplies,Labels,Smead Color Coded Labels
OFF-PA-10003808,Office Supplies,Paper,SanDisk Note Cards
OFF-LA-10004745,Office Supplies,Labels,Harbour Creations Shipping Labels
OFF-AR-10003631,Office Supplies,Art,Staples
TEC-PAN-10002583,Technology,Machines,Panasonic Calculator
OFF-LA-10001677,Office Supplies,Labels,Avery Color Coded Labels
FUR-FU-10000287,Furniture,Furnishings,Eldon Stacking Tray
OFF-LA-10000869,Office Supplies,Labels,Harbour Creations Removable Labels
OFF-BI-10000305,Office Supplies,Binders,Cardinal 3-Hole Punch
OFF-PA-10003936,Office Supplies,Paper,Xerox 1994
OFF-AP-10004868,Office Supplies,Appliances,Hoover Commercial Soft Guard Upright Vacuum And Disposable Filtration Bags
OFF-ELD-10003181,Office Supplies,Storage,Eldon Box
OFF-KRA-10003816,Office Supplies,Envelopes,Kraft Mailers
OFF-LA-10004164,Office Supplies,Labels,Smead Color Coded Labels
OFF-FA-10002280,Office Supplies,Fasteners,Advantus Plastic Paper Clips
OFF-BI-10004728,Office Supplies,Binders,Wilson Jones Turn Tabs Binder Tool for Ring Binders
OFF-LA-10001175,Office Supplies,Labels,Avery 514
OFF-AME-10002081,Office Supplies,Envelopes,Ames Peel and Seal
OFF-FA-10003496,Office Supplies,Fasteners,Stockwell Push Pins
OFF-LA-10001549,Office Supplies,Labels,Harbour Creations Removable Labels
OFF-FA-10001052,Office Supplies,Fasteners,Stockwell Paper Clips
TEC-KON-10003077,Technology,Machines,Konica Calculator
OFF-SU-10004110,Office Supplies,Supplies,Stiletto Scissors
OFF-BI-10004624,Office Supplies,Binders,Wilson Jones Binder
OFF-FA-10001520,Office Supplies,Fasteners,Stockwell Thumb Tacks
OFF-EN-10004590,Office Supplies,Envelopes,Ames Peel and Seal
OFF-SU-10002909,Office Supplies,Supplies,Fiskars Ruler
OFF-AP-10003884,Office Supplies,Appliances,Fellowes Smart Surge Ten-Outlet Protector
OFF-PA-10004041,Office Supplies,Paper,It's Hot Message Books with Stickers
OFF-BIC-10001632,Office Supplies,Art,BIC Pens
OFF-PA-10000304,Office Supplies,Paper,Xerox 1995
OFF-LA-10000471,Office Supplies,Labels,Smead Shipping Labels
OFF-GLO-10002315,Office Supplies,Envelopes,GlobeWeis Interoffice Envelope
OFF-SAN-10003318,Office Supplies,Paper,SanDisk Memo Slips
TEC-MEM-10001732,Technology,Accessories,Memorex Numeric Keypad
OFF-PA-10003943,Office Supplies,Paper,Green Bar Computer Printout Paper
OFF-LA-10001191,Office Supplies,Labels,Harbour Creations File Folder Labels
OFF-BI-10000174,Office Supplies,Binders,Wilson Jones Clip & Carry Folder Binder Tool for Ring Binders
FUR-FU-10002088,Furniture,Furnishings,Nu-Dell Float Frame 11 x 14 1/2
OFF-FA-10000801,Office Supplies,Fasteners,Advantus Paper Clips
FUR-CH-10004642,Furniture,Chairs,Hon Steel Folding Chair
OFF-ST-10000650,Office Supplies,Storage,Rogers Box
OFF-BI-10004099,Office Supplies,Binders,GBC VeloBinder Strips
OFF-ROG-10002866,Office Supplies,Storage,Rogers Folders
OFF-ST-10004325,Office Supplies,Storage,Eldon Box
OFF-BI-10000188,Office Supplies,Binders,Cardinal Hole Reinforcements
OFF-EN-10003887,Office Supplies,Envelopes,Cameo Interoffice Envelope
OFF-BI-10003012,Office Supplies,Binders,Wilson Jones Hole Reinforcements
OFF-AP-10003266,Office Supplies,Appliances,Holmes Replacement Filter for HEPA Air Cleaner
OFF-BI-10000232,Office Supplies,Binders,Ibico 3-Hole Punch
OFF-BI-10004142,Office Supplies,Binders,Acco Index Tab
OFF-SU-10000480,Office Supplies,Supplies,Elite Box Cutter
OFF-BI-10004185,Office Supplies,Binders,Cardinal Binder
FUR-FU-10004020,Furniture,Furnishings,Advantus Panel Wall Acrylic Frame
OFF-LA-10004425,Office Supplies,Labels,Staples
FUR-ADV-10004159,Furniture,Furnishings,Advantus Frame
OFF-ST-10000876,Office Supplies,Storage,Eldon Simplefile Box Office
OFF-HAR-10003514,Office Supplies,Labels,Harbour Creations Removable Labels
OFF-LA-10000765,Office Supplies,Labels,Smead Legal Exhibit Labels
OFF-FA-10004310,Office Supplies,Fasteners,Advantus Staples
FUR-CH-10000373,Furniture,Chairs,Hon Steel Folding Chair
OFF-NOV-10004968,Office Supplies,Labels,Novimex Removable Labels
OFF-FA-10003838,Office Supplies,Fasteners,Stockwell Rubber Bands
OFF-ENE-10004401,Office Supplies,Paper,Enermax Parchment Paper
OFF-EN-10002749,Office Supplies,Envelopes,Kraft Mailers
OFF-LA-10003503,Office Supplies,Labels,Smead Legal Exhibit Labels
OFF-PA-10002005,Office Supplies,Paper,Xerox 225
OFF-IBI-10001640,Office Supplies,Binders,Ibico Hole Reinforcements
FUR-FU-10004421,Furniture,Furnishings,Tenex Clock
OFF-AR-10001862,Office Supplies,Art,Boston Pens
OFF-ADV-10000551,Office Supplies,Fasteners,Advantus Thumb Tacks
OFF-BRE-10000493,Office Supplies,Appliances,Breville Coffee Grinder
OFF-SU-10001891,Office Supplies,Supplies,Acme Ruler
OFF-FA-10001650,Office Supplies,Fasteners,OIC Push Pins
OFF-BI-10000928,Office Supplies,Binders,Ibico Binder
OFF-FA-10003962,Office Supplies,Fasteners,Accos Thumb Tacks
OFF-EN-10002592,Office Supplies,Envelopes,Cameo Interoffice Envelope
OFF-JIF-10003677,Office Supplies,Envelopes,Jiffy Peel and Seal
FUR-CH-10003155,Furniture,Chairs,Harbour Creations Bag Chairs
OFF-LA-10000757,Office Supplies,Labels,Harbour Creations Removable Labels
OFF-PA-10001351,Office Supplies,Paper,Enermax Message Books
OFF-AME-10002652,Office Supplies,Envelopes,Ames Peel and Seal
OFF-LA-10000356,Office Supplies,Labels,Novimex Round Labels
OFF-FA-10004705,Office Supplies,Fasteners,OIC Thumb Tacks
OFF-BI-10003475,Office Supplies,Binders,Wilson Jones Index Tab
FUR-BO-10003181,Furniture,Bookcases,Safco Corner Shelving
FUR-FU-10003096,Furniture,Furnishings,Master Giant Foot Doorstop
OFF-IBI-10001772,Office Supplies,Binders,Ibico Index Tab
OFF-ST-10003606,Office Supplies,Storage,Smead Box
OFF-EN-10003567,Office Supplies,Envelopes,Inter-Office Recycled Envelopes
OFF-FA-10003931,Office Supplies,Fasteners,Stockwell Push Pins
OFF-PA-10001166,Office Supplies,Paper,Xerox 2
FUR-FU-10000246,Furniture,Furnishings,Aluminum Document Frame
OFF-FIS-10002784,Office Supplies,Supplies,Fiskars Box Cutter
OFF-BI-10003472,Office Supplies,Binders,Cardinal Index Tab
OFF-FA-10000621,Office Supplies,Fasteners,OIC Colored Binder Clips
TEC-LOG-10002218,Technology,Accessories,Logitech Numeric Keypad
FUR-FU-10004597,Furniture,Furnishings,Eldon Cleatmat Chair Mats for Medium Pile Carpets
OFF-EN-10001616,Office Supplies,Envelopes,GlobeWeis Business Envelopes
OFF-BI-10000765,Office Supplies,Binders,Avery Hole Reinforcements
FUR-TA-10000855,Furniture,Tables,Chromcraft Training Table
OFF-LA-10001546,Office Supplies,Labels,Avery Shipping Labels
OFF-SU-10001165,Office Supplies,Supplies,Acme Elite Stainless Steel Scissors
OFF-AR-10000634,Office Supplies,Art,Newell 320
OFF-LA-10002927,Office Supplies,Labels,Avery File Folder Labels
OFF-BI-10002907,Office Supplies,Binders,Wilson Jones 3-Hole Punch
OFF-FA-10004910,Office Supplies,Fasteners,Advantus Staples
OFF-BI-10004209,Office Supplies,Binders,Fellowes Twister Kit
OFF-BIC-10003575,Office Supplies,Art,BIC Markers
OFF-EN-10001979,Office Supplies,Envelopes,Cameo Clasp Envelope
OFF-ST-10000378,Office Supplies,Storage,Tenex Box
OFF-PA-10004040,Office Supplies,Paper,Universal Premium White Copier/Laser Paper (20Lb. and 87 Bright)
OFF-PA-10004888,Office Supplies,Paper,Xerox 217
OFF-ACM-10000570,Office Supplies,Supplies,Acme Letter Opener
OFF-FA-10003985,Office Supplies,Fasteners,Accos Staples
OFF-BI-10001927,Office Supplies,Binders,Ibico Binding Machine
OFF-LA-10001738,Office Supplies,Labels,Novimex Color Coded Labels
OFF-PA-10000048,Office Supplies,Paper,Xerox Memo Slips
OFF-LA-10000635,Office Supplies,Labels,Harbour Creations Shipping Labels
OFF-PA-10001849,Office Supplies,Paper,SanDisk Cards & Envelopes
OFF-BI-10003919,Office Supplies,Binders,Ibico 3-Hole Punch
OFF-FA-10002047,Office Supplies,Fasteners,Stockwell Push Pins
OFF-PA-10004609,Office Supplies,Paper,Xerox 221
OFF-SU-10000113,Office Supplies,Supplies,Acme Shears
OFF-FA-10004739,Office Supplies,Fasteners,Accos Rubber Bands
OFF-EN-10004305,Office Supplies,Envelopes,Jiffy Manila Envelope
OFF-STO-10003082,Office Supplies,Fasteners,Stockwell Staples
OFF-EN-10003111,Office Supplies,Envelopes,GlobeWeis Clasp Envelope
OFF-BI-10004054,Office Supplies,Binders,Cardinal Hole Reinforcements
OFF-EN-10000232,Office Supplies,Envelopes,Kraft Peel and Seal
OFF-FA-10002763,Office Supplies,Fasteners,Advantus Map Pennant Flags and Round Head Tacks
OFF-FA-10002453,Office Supplies,Fasteners,Stockwell Thumb Tacks
OFF-FA-10003930,Office Supplies,Fasteners,Stockwell Push Pins
OFF-EN-10000454,Office Supplies,Envelopes,GlobeWeis Business Envelopes
OFF-EN-10000507,Office Supplies,Envelopes,GlobeWeis Peel and Seal
OFF-ST-10004479,Office Supplies,Storage,Eldon Shelving
OFF-LA-10003077,Office Supplies,Labels,Avery 500
OFF-SU-10004919,Office Supplies,Supplies,Acme Letter Opener
FUR-FU-10000073,Furniture,Furnishings,Deflect-O Glasstique Clear Desk Accessories
OFF-ST-10004258,Office Supplies,Storage,Portable Personal File Box
OFF-ACC-10002772,Office Supplies,Binders,Acco Index Tab
OFF-FA-10003749,Office Supplies,Fasteners,Advantus Rubber Bands
OFF-PA-10000827,Office Supplies,Paper,Enermax Message Books
OFF-HAR-10000187,Office Supplies,Labels,Harbour Creations Color Coded Labels
OFF-STO-10003342,Office Supplies,Fasteners,Stockwell Rubber Bands
OFF-CAR-10001746,Office Supplies,Binders,Cardinal Index Tab
OFF-LA-10002868,Office Supplies,Labels,Hon Removable Labels
TEC-MA-10001296,Technology,Machines,Epson Calculator
OFF-PA-10003072,Office Supplies,Paper,"Eureka Recycled Copy Paper 8 1/2"" x 11"""
OFF-PA-10003232,Office Supplies,Paper,Eaton Parchment Paper
OFF-PA-10001800,Office Supplies,Paper,Xerox 220
OFF-ST-10001513,Office Supplies,Storage,Fellowes Folders
OFF-EN-10002621,Office Supplies,Envelopes,Staples
OFF-PA-10001937,Office Supplies,Paper,Xerox 21
OFF-ST-10001869,Office Supplies,Storage,Eldon Box
OFF-FA-10002015,Office Supplies,Fasteners,Stockwell Push Pins
OFF-PA-10001259,Office Supplies,Paper,Green Bar Note Cards
FUR-FU-10004666,Furniture,Furnishings,DAX Clear Channel Poster Frame
OFF-GRE-10003334,Office Supplies,Paper,Green Bar Parchment Paper
OFF-GRE-10002109,Office Supplies,Paper,Green Bar Note Cards
TEC-CO-10003597,Technology,Copiers,Brother Copy Machine
OFF-LA-10000404,Office Supplies,Labels,Smead Shipping Labels
OFF-LA-10002289,Office Supplies,Labels,Hon Shipping Labels
OFF-IBI-10004916,Office Supplies,Binders,Ibico Binder Covers
OFF-LA-10001676,Office Supplies,Labels,Hon Removable Labels
OFF-ACC-10002425,Office Supplies,Fasteners,Accos Thumb Tacks
OFF-SU-10001794,Office Supplies,Supplies,Elite Ruler
OFF-FA-10001030,Office Supplies,Fasteners,Stockwell Paper Clips
OFF-FA-10004781,Office Supplies,Fasteners,Stockwell Thumb Tacks
OFF-BI-10003713,Office Supplies,Binders,Wilson Jones Index Tab
OFF-SU-10004902,Office Supplies,Supplies,Fiskars Ruler
OFF-BI-10000439,Office Supplies,Binders,Acco Hole Reinforcements
OFF-WIL-10001979,Office Supplies,Binders,Wilson Jones Binder Covers
OFF-EN-10003559,Office Supplies,Envelopes,Jiffy Clasp Envelope
OFF-SU-10002230,Office Supplies,Supplies,Fiskars Trimmer
FUR-FU-10004800,Furniture,Furnishings,Eldon Stacking Tray
OFF-EN-10003834,Office Supplies,Envelopes,Cameo Business Envelopes
OFF-BI-10003031,Office Supplies,Binders,Acco Index Tab
FUR-FU-10002597,Furniture,Furnishings,C-Line Magnetic Cubicle Keepers
OFF-PA-10004285,Office Supplies,Paper,Xerox 1959
OFF-STO-10000924,Office Supplies,Fasteners,Stockwell Rubber Bands
OFF-ACC-10002834,Office Supplies,Fasteners,Accos Thumb Tacks
OFF-EN-10000694,Office Supplies,Envelopes,GlobeWeis Business Envelopes
OFF-AR-10000513,Office Supplies,Art,BIC Pencil Sharpener
OFF-SU-10001225,Office Supplies,Supplies,Staples
OFF-BI-10000115,Office Supplies,Binders,Acco Hole Reinforcements
OFF-PA-10000210,Office Supplies,Paper,Xerox Blank Computer Paper
OFF-CAR-10002054,Office Supplies,Binders,Cardinal Hole Reinforcements
OFF-SU-10002342,Office Supplies,Supplies,Kleencut Scissors
OFF-LA-10003297,Office Supplies,Labels,Avery Removable Labels
OFF-PA-10002036,Office Supplies,Paper,Xerox 1930
OFF-FA-10000624,Office Supplies,Fasteners,OIC Binder Clips
OFF-ELI-10003179,Office Supplies,Supplies,Elite Scissors
FUR-CH-10000182,Furniture,Chairs,Office Star Bag Chairs
OFF-PA-10000745,Office Supplies,Paper,Green Bar Memo Slips
OFF-BI-10001892,Office Supplies,Binders,Ibico Hole Reinforcements
OFF-PA-10003893,Office Supplies,Paper,Xerox 1962
OFF-NOV-10000986,Office Supplies,Labels,Novimex File Folder Labels
OFF-BI-10003646,Office Supplies,Binders,Avery Index Tab
FUR-FU-10002185,Furniture,Furnishings,Eldon Photo Frame
OFF-AME-10000440,Office Supplies,Envelopes,Ames Interoffice Envelope
OFF-FA-10002101,Office Supplies,Fasteners,OIC Thumb Tacks
OFF-KLE-10002118,Office Supplies,Supplies,Kleencut Ruler
OFF-ACM-10003591,Office Supplies,Supplies,Acme Trimmer
OFF-AVE-10003465,Office Supplies,Binders,Avery Binder
OFF-PA-10002944,Office Supplies,Paper,SanDisk Parchment Paper
OFF-FA-10004449,Office Supplies,Fasteners,OIC Clamps
OFF-BI-10001199,Office Supplies,Binders,Acco Index Tab
OFF-PA-10003718,Office Supplies,Paper,Xerox Memo Slips
OFF-LA-10000508,Office Supplies,Labels,Harbour Creations Round Labels
OFF-AME-10002557,Office Supplies,Envelopes,Ames Business Envelopes
OFF-BI-10001430,Office Supplies,Binders,Cardinal Index Tab
OFF-LA-10001375,Office Supplies,Labels,Smead Removable Labels
OFF-SU-10004705,Office Supplies,Supplies,Fiskars Ruler
OFF-AR-10001612,Office Supplies,Art,Boston Pens
OFF-LA-10002354,Office Supplies,Labels,Novimex Color Coded Labels
OFF-PA-10002941,Office Supplies,Paper,Green Bar Computer Printout Paper
OFF-SAN-10003152,Office Supplies,Paper,SanDisk Memo Slips
OFF-LA-10002650,Office Supplies,Labels,Novimex Removable Labels
FUR-FU-10000444,Furniture,Furnishings,Advantus Stacking Tray
OFF-BI-10002287,Office Supplies,Binders,Acco Index Tab
OFF-FA-10003007,Office Supplies,Fasteners,OIC Rubber Bands
OFF-FA-10001126,Office Supplies,Fasteners,Accos Paper Clips
TEC-AC-10000025,Technology,Accessories,SanDisk Memory Card
OFF-PA-10001534,Office Supplies,Paper,Xerox 230
FUR-CH-10002017,Furniture,Chairs,SAFCO Optional Arm Kit for Workspace Cribbage Stacking Chair
OFF-PA-10000552,Office Supplies,Paper,Xerox 200
OFF-BI-10003124,Office Supplies,Binders,Cardinal Hole Reinforcements
OFF-FA-10001551,Office Supplies,Fasteners,Stockwell Thumb Tacks
OFF-BI-10004002,Office Supplies,Binders,Wilson Jones International Size A4 Ring Binders
OFF-STI-10001162,Office Supplies,Supplies,Stiletto Letter Opener
FUR-IKE-10003251,Furniture,Bookcases,Ikea Floating Shelf Set
OFF-LA-10002805,Office Supplies,Labels,Hon Color Coded Labels
OFF-FA-10004684,Office Supplies,Fasteners,Advantus Thumb Tacks
OFF-TEN-10003211,Office Supplies,Storage,Tenex Box
OFF-SU-10001595,Office Supplies,Supplies,Kleencut Shears
OFF-AP-10000653,Office Supplies,Appliances,Cuisinart Blender
FUR-CH-10002362,Furniture,Chairs,Hon Bag Chairs
OFF-AR-10001479,Office Supplies,Art,Binney & Smith Pencil Sharpener
OFF-FA-10003112,Office Supplies,Fasteners,Staples
OFF-EN-10004007,Office Supplies,Envelopes,Park Ridge Embossed Executive Business Envelopes
OFF-EAT-10004979,Office Supplies,Paper,Eaton Cards & Envelopes
OFF-STO-10003604,Office Supplies,Fasteners,Stockwell Staples
OFF-LA-10003236,Office Supplies,Labels,Hon Round Labels
OFF-LA-10002741,Office Supplies,Labels,Avery Color Coded Labels
OFF-AVE-10004159,Office Supplies,Labels,Avery File Folder Labels
OFF-EN-10000543,Office Supplies,Envelopes,Ames Clasp Envelope
OFF-ST-10000136,Office Supplies,Storage,Letter Size File
TEC-MA-10002525,Technology,Machines,StarTech Phone
OFF-PA-10001761,Office Supplies,Paper,Eaton Message Books
OFF-SU-10001476,Office Supplies,Supplies,Fiskars Scissors
FUR-FU-10002030,Furniture,Furnishings,"Executive Impressions 14"" Contract Wall Clock with Quartz Movement"
OFF-FA-10002268,Office Supplies,Fasteners,OIC Clamps
OFF-FA-10001680,Office Supplies,Fasteners,OIC Push Pins
OFF-LA-10001312,Office Supplies,Labels,Hon File Folder Labels
OFF-AR-10003806,Office Supplies,Art,Stanley Sketch Pad
OFF-AR-10003249,Office Supplies,Art,Sanford Canvas
OFF-AR-10000821,Office Supplies,Art,Sanford Highlighters
OFF-PA-10003296,Office Supplies,Paper,Xerox Message Books
OFF-LA-10001292,Office Supplies,Labels,Smead File Folder Labels
OFF-FA-10001228,Office Supplies,Fasteners,Accos Clamps
OFF-BI-10002792,Office Supplies,Binders,Ibico Index Tab
OFF-PA-10002606,Office Supplies,Paper,Xerox 1928
TEC-AC-10003237,Technology,Accessories,Memorex Micro Travel Drive 4 GB
OFF-LA-10002731,Office Supplies,Labels,Smead Removable Labels
OFF-AR-10001072,Office Supplies,Art,Sanford Pens
OFF-SU-10001343,Office Supplies,Supplies,Elite Scissors
OFF-AR-10003156,Office Supplies,Art,50 Colored Long Pencils
OFF-FA-10003495,Office Supplies,Fasteners,Staples
OFF-CAR-10002931,Office Supplies,Binders,Cardinal Hole Reinforcements
OFF-CAM-10001191,Office Supplies,Envelopes,Cameo Peel and Seal
OFF-BI-10004581,Office Supplies,Binders,Cardinal Binding Machine
OFF-FA-10003885,Office Supplies,Fasteners,Stockwell Rubber Bands
OFF-ST-10002608,Office Supplies,Storage,Eldon Box
OFF-FA-10002569,Office Supplies,Fasteners,Stockwell Staples
OFF-AR-10004454,Office Supplies,Art,BIC Pens
OFF-PA-10000019,Office Supplies,Paper,Xerox 1931
OFF-STO-10003802,Office Supplies,Fasteners,Stockwell Rubber Bands
OFF-IBI-10003732,Office Supplies,Binders,Ibico Hole Reinforcements
OFF-BI-10004148,Office Supplies,Binders,Avery Binder
TEC-MA-10002268,Technology,Machines,StarTech Receipt Printer
OFF-PA-10002101,Office Supplies,Paper,Xerox Parchment Paper
OFF-ENE-10002784,Office Supplies,Paper,Enermax Parchment Paper
OFF-CAM-10002734,Office Supplies,Envelopes,Cameo Clasp Envelope
OFF-BRE-10004310,Office Supplies,Appliances,Breville Blender
OFF-PA-10001215,Office Supplies,Paper,Xerox 1963
OFF-BI-10002557,Office Supplies,Binders,Presstex Flexible Ring Binders
OFF-PA-10002246,Office Supplies,Paper,Wirebound Four 2-3/4 x 5 Forms per Page
OFF-ENE-10001117,Office Supplies,Paper,Enermax Message Books
OFF-GLO-10000201,Office Supplies,Envelopes,GlobeWeis Clasp Envelope
OFF-ENE-10003549,Office Supplies,Paper,Enermax Cards & Envelopes
OFF-FA-10003605,Office Supplies,Fasteners,Accos Push Pins
FUR-ELD-10004559,Furniture,Furnishings,Eldon Stacking Tray
OFF-STI-10000286,Office Supplies,Supplies,Stiletto Ruler
OFF-BI-10004510,Office Supplies,Binders,Avery 3-Hole Punch
FUR-FU-10000221,Furniture,Furnishings,Master Caster Door Stop
OFF-STO-10001310,Office Supplies,Fasteners,Stockwell Rubber Bands
OFF-AME-10001489,Office Supplies,Envelopes,Ames Manila Envelope
OFF-BI-10000501,Office Supplies,Binders,Cardinal Binder
OFF-FA-10004447,Office Supplies,Fasteners,Advantus Rubber Bands
OFF-FA-10004993,Office Supplies,Fasteners,OIC Paper Clips
OFF-AR-10004153,Office Supplies,Art,Binney & Smith Highlighters
OFF-EN-10004254,Office Supplies,Envelopes,Ames Interoffice Envelope
OFF-BI-10003981,Office Supplies,Binders,"Avery Durable Plastic 1"" Binders"
OFF-WIL-10000604,Office Supplies,Binders,Wilson Jones Binder
OFF-PA-10001495,Office Supplies,Paper,Xerox Parchment Paper
OFF-LA-10001038,Office Supplies,Labels,Smead Legal Exhibit Labels
OFF-ELI-10000044,Office Supplies,Supplies,Elite Ruler
OFF-CAR-10004229,Office Supplies,Binders,Cardinal Index Tab
FUR-BO-10004098,Furniture,Bookcases,Ikea Stackable Bookrack
FUR-TA-10004468,Furniture,Tables,Lesro Training Table
OFF-ST-10000016,Office Supplies,Storage,Eldon Folders
OFF-PA-10000527,Office Supplies,Paper,Enermax Note Cards
OFF-BI-10001267,Office Supplies,Binders,Universal Recycled Hanging Pressboard Report Binders
OFF-LA-10003717,Office Supplies,Labels,Harbour Creations Legal Exhibit Labels
OFF-EN-10001311,Office Supplies,Envelopes,GlobeWeis Business Envelopes
OFF-BI-10001249,Office Supplies,Binders,Acco Hole Reinforcements
OFF-SU-10000148,Office Supplies,Supplies,Stiletto Ruler
TEC-AC-10004877,Technology,Accessories,Imation 30456 USB Flash Drive 8GB
OFF-XER-10004042,Office Supplies,Paper,Xerox Parchment Paper
OFF-AR-10000249,Office Supplies,Art,Sanford Highlighters
OFF-OIC-10003028,Office Supplies,Fasteners,OIC Staples
OFF-LA-10002401,Office Supplies,Labels,Avery Shipping Labels
OFF-BI-10000963,Office Supplies,Binders,Acco Index Tab
OFF-EN-10000387,Office Supplies,Envelopes,Kraft Clasp Envelope
OFF-LA-10000438,Office Supplies,Labels,Novimex Legal Exhibit Labels
OFF-KIT-10004732,Office Supplies,Appliances,KitchenAid Blender
OFF-AR-10001029,Office Supplies,Art,Stanley Sketch Pad
OFF-LA-10000108,Office Supplies,Labels,Harbour Creations Color Coded Labels
OFF-LA-10002475,Office Supplies,Labels,Avery 519
FUR-HON-10000191,Furniture,Chairs,Hon Bag Chairs
OFF-BI-10000136,Office Supplies,Binders,Ibico Index Tab
OFF-AR-10004132,Office Supplies,Art,Boston Pens
OFF-LA-10001800,Office Supplies,Labels,Hon Shipping Labels
OFF-AR-10000431,Office Supplies,Art,Sanford Pens
OFF-HON-10001204,Office Supplies,Labels,Hon Color Coded Labels
OFF-SME-10001149,Office Supplies,Storage,Smead Folders
OFF-CAR-10003373,Office Supplies,Binders,Cardinal Hole Reinforcements
OFF-EN-10003977,Office Supplies,Envelopes,Cameo Clasp Envelope
OFF-LA-10002159,Office Supplies,Labels,Hon Removable Labels
FUR-FU-10000820,Furniture,Furnishings,Tensor Brushed Steel Torchiere Floor Lamp
OFF-AVE-10000894,Office Supplies,Labels,Avery Color Coded Labels
OFF-SU-10000178,Office Supplies,Supplies,Acme Ruler
OFF-GLO-10001233,Office Supplies,Envelopes,GlobeWeis Clasp Envelope
OFF-ACM-10003278,Office Supplies,Supplies,Acme Trimmer
OFF-LA-10000598,Office Supplies,Labels,Novimex File Folder Labels
OFF-PA-10004082,Office Supplies,Paper,Adams Telephone Message Book w/Frequently-Called Numbers Space
OFF-NOV-10003401,Office Supplies,Labels,Novimex Color Coded Labels
OFF-LA-10004777,Office Supplies,Labels,Smead Shipping Labels
OFF-SU-10002961,Office Supplies,Supplies,Kleencut Ruler
FUR-FU-10001902,Furniture,Furnishings,Deflect-O Stacking Tray
OFF-EN-10001990,Office Supplies,Envelopes,Staples
OFF-STO-10004503,Office Supplies,Fasteners,Stockwell Paper Clips
OFF-EN-10004525,Office Supplies,Envelopes,GlobeWeis Peel and Seal
OFF-BI-10000106,Office Supplies,Binders,Cardinal Hole Reinforcements
OFF-STI-10000937,Office Supplies,Supplies,Stiletto Scissors
OFF-AVE-10004312,Office Supplies,Binders,Avery Index Tab
OFF-PA-10003681,Office Supplies,Paper,Green Bar Message Books
OFF-AR-10002346,Office Supplies,Art,Binney & Smith Pencil Sharpener
OFF-FA-10001871,Office Supplies,Fasteners,Stockwell Rubber Bands
OFF-LA-10000880,Office Supplies,Labels,Novimex Removable Labels
OFF-BIN-10001385,Office Supplies,Art,Binney & Smith Pens
OFF-BI-10003392,Office Supplies,Binders,Acco Binder Covers
OFF-FA-10004968,Office Supplies,Fasteners,Rubber Band Ball
FUR-FU-10003464,Furniture,Furnishings,"Seth Thomas 8 1/2"" Cubicle Clock"
OFF-ST-10003426,Office Supplies,Storage,Tenex Box
OFF-BI-10004028,Office Supplies,Binders,Ibico Index Tab
OFF-LA-10001793,Office Supplies,Labels,Avery Round Labels
OFF-LA-10000818,Office Supplies,Labels,Hon Round Labels
OFF-AVE-10004827,Office Supplies,Binders,Avery Binder Covers
OFF-PA-10002230,Office Supplies,Paper,Xerox 1897
OFF-AR-10004685,Office Supplies,Art,Binney & Smith Crayola Metallic Colored Pencils
OFF-ENE-10000935,Office Supplies,Paper,Enermax Memo Slips
OFF-AR-10003023,Office Supplies,Art,Stanley Highlighters
OFF-FA-10002058,Office Supplies,Fasteners,Stockwell Thumb Tacks
OFF-PA-10001639,Office Supplies,Paper,Xerox 203
OFF-AR-10002847,Office Supplies,Art,Stanley Pens
OFF-BI-10003519,Office Supplies,Binders,Acco 3-Hole Punch
OFF-ENE-10002093,Office Supplies,Paper,Enermax Message Books
OFF-BI-10004145,Office Supplies,Binders,Wilson Jones Hole Reinforcements
OFF-SU-10001397,Office Supplies,Supplies,Acme Box Cutter
OFF-BI-10003309,Office Supplies,Binders,Wilson Jones Binder Covers
OFF-BI-10000822,Office Supplies,Binders,Acco PRESSTEX Data Binder with Storage Hooks
OFF-GLO-10004123,Office Supplies,Envelopes,GlobeWeis Business Envelopes
OFF-PA-10004968,Office Supplies,Paper,Enermax Computer Printout Paper
OFF-PA-10002709,Office Supplies,Paper,Xerox 1956
OFF-PA-10003172,Office Supplies,Paper,Xerox 1996
FUR-ELD-10001413,Furniture,Furnishings,Eldon Light Bulb
OFF-NOV-10003578,Office Supplies,Labels,Novimex Color Coded Labels
OFF-SU-10003209,Office Supplies,Supplies,Elite Scissors
OFF-BI-10004440,Office Supplies,Binders,Cardinal Binder
FUR-FU-10001918,Furniture,Furnishings,C-Line Cubicle Keepers Polyproplyene Holder With Velcro Backings
OFF-PA-10003848,Office Supplies,Paper,Xerox 1997
OFF-LA-10001634,Office Supplies,Labels,Harbour Creations Color Coded Labels
OFF-LA-10000190,Office Supplies,Labels,Harbour Creations Round Labels
OFF-FA-10003891,Office Supplies,Fasteners,Stockwell Push Pins
FUR-FU-10001893,Furniture,Furnishings,Deflect-O Photo Frame
TEC-PH-10002185,Technology,Phones,QVS USB Car Charger 2-Port 2.1Amp for iPod/iPhone/iPad/iPad 2/iPad 3
OFF-AR-10002399,Office Supplies,Art,Dixon Prang Watercolor Pencils
OFF-AVE-10004708,Office Supplies,Binders,Avery Binder
OFF-BI-10004388,Office Supplies,Binders,Acco Hole Reinforcements
OFF-BI-10002072,Office Supplies,Binders,Cardinal Slant-D Ring Binders
OFF-LA-10003148,Office Supplies,Labels,Avery 51
OFF-FA-10003595,Office Supplies,Fasteners,OIC Thumb Tacks
OFF-PA-10000528,Office Supplies,Paper,Xerox 1981
OFF-PA-10001804,Office Supplies,Paper,Xerox 195
OFF-CUI-10003670,Office Supplies,Appliances,Cuisinart Toaster
OFF-FA-10004233,Office Supplies,Fasteners,Stockwell Paper Clips
OFF-PA-10001733,Office Supplies,Paper,Xerox Memo Slips
FUR-CH-10003143,Furniture,Chairs,Harbour Creations Bag Chairs
OFF-AR-10003504,Office Supplies,Art,Newell 347
OFF-EN-10003661,Office Supplies,Envelopes,Cameo Clasp Envelope
OFF-EN-10002849,Office Supplies,Envelopes,Kraft Interoffice Envelope
OFF-AR-10001427,Office Supplies,Art,Newell 330
OFF-FA-10000834,Office Supplies,Fasteners,Advantus Staples
OFF-FA-10000136,Office Supplies,Fasteners,Accos Paper Clips
OFF-BIC-10001458,Office Supplies,Art,BIC Highlighters
OFF-LA-10004495,Office Supplies,Labels,Novimex Round Labels
OFF-PA-10003939,Office Supplies,Paper,Enermax Note Cards
OFF-BI-10004376,Office Supplies,Binders,Ibico Index Tab
OFF-LA-10002381,Office Supplies,Labels,Avery 497
OFF-ADV-10002549,Office Supplies,Fasteners,Advantus Rubber Bands
OFF-PA-10002671,Office Supplies,Paper,Enermax Memo Slips
OFF-LA-10002486,Office Supplies,Labels,Harbour Creations Legal Exhibit Labels
OFF-EN-10001154,Office Supplies,Envelopes,Kraft Clasp Envelope
OFF-BIC-10001682,Office Supplies,Art,BIC Pens
OFF-PA-10004519,Office Supplies,Paper,Spiral Phone Message Books with Labels by Adams
FUR-FU-10002396,Furniture,Furnishings,DAX Copper Panel Document Frame
FUR-ADV-10001855,Furniture,Furnishings,Advantus Stacking Tray
OFF-PA-10004835,Office Supplies,Paper,Enermax Computer Printout Paper
OFF-TEN-10002817,Office Supplies,Storage,Tenex Folders
OFF-CAM-10000726,Office Supplies,Envelopes,Cameo Interoffice Envelope
OFF-LA-10003851,Office Supplies,Labels,Smead Removable Labels
OFF-LA-10001873,Office Supplies,Labels,Harbour Creations Color Coded Labels
OFF-PA-10004766,Office Supplies,Paper,Enermax Message Books
OFF-ELI-10002160,Office Supplies,Supplies,Elite Scissors
OFF-CAR-10000150,Office Supplies,Binders,Cardinal Binder
OFF-SU-10003683,Office Supplies,Supplies,Kleencut Ruler
OFF-LA-10001607,Office Supplies,Labels,Novimex Shipping Labels
OFF-FA-10001651,Office Supplies,Fasteners,Stockwell Thumb Tacks
OFF-ACC-10003745,Office Supplies,Fasteners,Accos Paper Clips
FUR-FU-10003901,Furniture,Furnishings,Advantus Stacking Tray
OFF-FA-10003734,Office Supplies,Fasteners,OIC Rubber Bands
OFF-FA-10000207,Office Supplies,Fasteners,OIC Clamps
FUR-FU-10000018,Furniture,Furnishings,Eldon Clock
FUR-FU-10004586,Furniture,Furnishings,G.E. Longer-Life Indoor Recessed Floodlight Bulbs
OFF-EAT-10002674,Office Supplies,Paper,Eaton Memo Slips
OFF-ST-10003172,Office Supplies,Storage,Eldon Box
OFF-SU-10001840,Office Supplies,Supplies,Stiletto Box Cutter
FUR-FU-10004351,Furniture,Furnishings,Staples
OFF-CAM-10000192,Office Supplies,Envelopes,Cameo Interoffice Envelope
OFF-AR-10000401,Office Supplies,Art,Binney & Smith Highlighters
OFF-FA-10002175,Office Supplies,Fasteners,OIC Push Pins
OFF-KRA-10000695,Office Supplies,Envelopes,Kraft Mailers
OFF-FA-10004698,Office Supplies,Fasteners,Stockwell Staples
TEC-PH-10004700,Technology,Phones,PowerGen Dual USB Car Charger
TEC-PH-10003442,Technology,Phones,Samsung Replacement EH64AVFWE Premium Headset
OFF-STO-10003395,Office Supplies,Fasteners,Stockwell Rubber Bands
OFF-SME-10004256,Office Supplies,Labels,Smead Removable Labels
OFF-AR-10004757,Office Supplies,Art,Crayola Colored Pencils
OFF-BI-10002222,Office Supplies,Binders,Cardinal Binder Covers
OFF-LA-10000203,Office Supplies,Labels,Hon Round Labels
OFF-FA-10003546,Office Supplies,Fasteners,Stockwell Thumb Tacks
OFF-EN-10003422,Office Supplies,Envelopes,Kraft Peel and Seal
OFF-PA-10000349,Office Supplies,Paper,Staples
FUR-FU-10001731,Furniture,Furnishings,Acrylic Self-Standing Desk Frames
OFF-ACC-10001285,Office Supplies,Binders,Acco Index Tab
OFF-ADV-10004228,Office Supplies,Fasteners,Advantus Push Pins
OFF-LA-10000989,Office Supplies,Labels,Smead Round Labels
OFF-LA-10000536,Office Supplies,Labels,Smead Color Coded Labels
OFF-FA-10002637,Office Supplies,Fasteners,OIC Clamps
TEC-AC-10002134,Technology,Accessories,Rosewill 107 Normal Keys USB Wired Standard Keyboard
FUR-FU-10001940,Furniture,Furnishings,Staples
OFF-ADV-10001437,Office Supplies,Fasteners,Advantus Paper Clips
OFF-BOS-10002041,Office Supplies,Art,Boston Highlighters
TEC-AC-10000342,Technology,Accessories,Logitech Numeric Keypad
OFF-FA-10003463,Office Supplies,Fasteners,OIC Thumb Tacks
OFF-FA-10000907,Office Supplies,Fasteners,OIC Rubber Bands
OFF-SU-10004664,Office Supplies,Supplies,Acme Softgrip Scissors
OFF-BI-10000279,Office Supplies,Binders,"Acco Recycled 2"" Capacity Laser Printer Hanging Data Binders"
OFF-FA-10001567,Office Supplies,Fasteners,Advantus Paper Clips
OFF-BI-10002976,Office Supplies,Binders,ACCOHIDE Binder by Acco
OFF-EN-10002961,Office Supplies,Envelopes,Kraft Clasp Envelope
OFF-EN-10000428,Office Supplies,Envelopes,Cameo Clasp Envelope
FUR-DEF-10004936,Furniture,Furnishings,Deflect-O Light Bulb
OFF-AR-10001244,Office Supplies,Art,BIC Canvas
OFF-ST-10001227,Office Supplies,Storage,Eldon Folders
OFF-EN-10001669,Office Supplies,Envelopes,Ames Interoffice Envelope
OFF-AR-10003673,Office Supplies,Art,Sanford Markers
OFF-EN-10001680,Office Supplies,Envelopes,Jiffy Clasp Envelope
OFF-KRA-10002170,Office Supplies,Envelopes,Kraft Business Envelopes
OFF-PA-10001595,Office Supplies,Paper,Enermax Memo Slips
OFF-PA-10000501,Office Supplies,Paper,Petty Cash Envelope
OFF-EAT-10003405,Office Supplies,Paper,Eaton Parchment Paper
OFF-KRA-10000492,Office Supplies,Envelopes,Kraft Manila Envelope
TEC-APP-10000530,Technology,Phones,Apple Audio Dock
OFF-ST-10001195,Office Supplies,Storage,Smead Box
OFF-SU-10002611,Office Supplies,Supplies,Fiskars Ruler
OFF-ELI-10000443,Office Supplies,Supplies,Elite Shears
TEC-OKI-10000592,Technology,Machines,Okidata Phone
TEC-LOG-10002262,Technology,Accessories,Logitech Flash Drive
FUR-DEF-10003676,Furniture,Furnishings,Deflect-O Stacking Tray
OFF-LA-10004020,Office Supplies,Labels,Hon Color Coded Labels
OFF-BI-10001456,Office Supplies,Binders,Avery Binder
OFF-ADV-10000308,Office Supplies,Fasteners,Advantus Push Pins
OFF-EN-10003685,Office Supplies,Envelopes,Jiffy Mailers
OFF-EN-10002065,Office Supplies,Envelopes,Ames Clasp Envelope
FUR-FU-10004483,Furniture,Furnishings,Deflect-O Light Bulb
OFF-PA-10000824,Office Supplies,Paper,Enermax Computer Printout Paper
OFF-BI-10003476,Office Supplies,Binders,Avery Metallic Poly Binders
OFF-BI-10002309,Office Supplies,Binders,Avery Heavy-Duty EZD  Binder With Locking Rings
OFF-AR-10002467,Office Supplies,Art,Dixon Ticonderoga Pencils
OFF-ENE-10000516,Office Supplies,Paper,Enermax Note Cards
OFF-LA-10002673,Office Supplies,Labels,Harbour Creations Round Labels
TEC-AC-10004683,Technology,Accessories,Memorex Flash Drive
OFF-BI-10000301,Office Supplies,Binders,GBC Instant Report Kit
OFF-LA-10002271,Office Supplies,Labels,Smead Alpha-Z Color-Coded Second Alphabetical Labels and Starter Set
OFF-LA-10000897,Office Supplies,Labels,Avery Round Labels
OFF-BI-10004352,Office Supplies,Binders,Wilson Jones DublLock D-Ring Binders
OFF-EN-10001443,Office Supplies,Envelopes,Jiffy Business Envelopes
OFF-LA-10003967,Office Supplies,Labels,Smead Color Coded Labels
TEC-MA-10001966,Technology,Machines,Epson Card Printer
OFF-BI-10001634,Office Supplies,Binders,Wilson Jones Active Use Binders
OFF-LA-10004239,Office Supplies,Labels,Smead Color Coded Labels
TEC-PH-10001084,Technology,Phones,Nokia Office Telephone
OFF-SU-10000272,Office Supplies,Supplies,Stiletto Letter Opener
OFF-PA-10003016,Office Supplies,Paper,"Adams ""While You Were Out"" Message Pads"
TEC-LOG-10000546,Technology,Accessories,Logitech Mouse
OFF-SAN-10003368,Office Supplies,Art,Sanford Pens
OFF-KRA-10000113,Office Supplies,Envelopes,Kraft Peel and Seal
OFF-ST-10000918,Office Supplies,Storage,Crate-A-Files
FUR-FU-10000409,Furniture,Furnishings,GE 4 Foot Flourescent Tube
OFF-BI-10000216,Office Supplies,Binders,"Mead 1st Gear 2"" Zipper Binder"
OFF-CUI-10002506,Office Supplies,Appliances,Cuisinart Blender
OFF-BI-10004712,Office Supplies,Binders,Cardinal Hole Reinforcements
OFF-FA-10001526,Office Supplies,Fasteners,Stockwell Rubber Bands
OFF-LA-10002876,Office Supplies,Labels,Hon Legal Exhibit Labels
OFF-BI-10004483,Office Supplies,Binders,Ibico Index Tab
OFF-FA-10001213,Office Supplies,Fasteners,Advantus Push Pins
OFF-NOV-10004048,Office Supplies,Labels,Novimex Legal Exhibit Labels
OFF-AR-10002710,Office Supplies,Art,Sanford Pens
OFF-FA-10003836,Office Supplies,Fasteners,Stockwell Rubber Bands
OFF-BI-10001758,Office Supplies,Binders,Wilson Jones 14 Line Acrylic Coated Pressboard Data Binders
OFF-ST-10001505,Office Supplies,Storage,Perma STOR-ALL Hanging File Box
OFF-HON-10000966,Office Supplies,Labels,Hon Round Labels
OFF-STO-10004302,Office Supplies,Fasteners,Stockwell Paper Clips
OFF-SAN-10001326,Office Supplies,Paper,SanDisk Note Cards
FUR-FU-10002637,Furniture,Furnishings,Deflect-O Stacking Tray
OFF-FA-10000999,Office Supplies,Fasteners,OIC Thumb Tacks
FUR-FU-10002407,Furniture,Furnishings,Deflect-O Light Bulb
OFF-LA-10004677,Office Supplies,Labels,Self-Adhesive Address Labels for Typewriters with Dispenser Box
OFF-ELI-10001685,Office Supplies,Supplies,Elite Ruler
OFF-PA-10002231,Office Supplies,Paper,Green Bar Computer Printout Paper
OFF-AR-10001738,Office Supplies,Art,Binney & Smith Canvas
FUR-FU-10003370,Furniture,Furnishings,Tenex Light Bulb
OFF-EN-10003885,Office Supplies,Envelopes,Ames Interoffice Envelope
OFF-AR-10004485,Office Supplies,Art,Sanford Pens
OFF-ACC-10003806,Office Supplies,Fasteners,Accos Clamps
OFF-FA-10002358,Office Supplies,Fasteners,Accos Push Pins
OFF-FA-10004880,Office Supplies,Fasteners,Accos Rubber Bands
OFF-XER-10000482,Office Supplies,Paper,Xerox Note Cards
OFF-FA-10001684,Office Supplies,Fasteners,Accos Staples
TEC-AC-10001635,Technology,Accessories,KeyTronic KT400U2 - Keyboard - Black
OFF-PA-10003883,Office Supplies,Paper,Message Book
FUR-TEN-10004147,Furniture,Furnishings,Tenex Clock
OFF-PA-10003002,Office Supplies,Paper,Enermax Message Books
OFF-AP-10003079,Office Supplies,Appliances,Cuisinart Coffee Grinder
TEC-AC-10003548,Technology,Accessories,Logitech Flash Drive
OFF-LA-10004614,Office Supplies,Labels,Smead Round Labels
OFF-ST-10002250,Office Supplies,Storage,Smead Folders
TEC-AC-10001542,Technology,Accessories,SanDisk Cruzer 16 GB USB Flash Drive
OFF-ADV-10000177,Office Supplies,Fasteners,Advantus Staples
OFF-EN-10003854,Office Supplies,Envelopes,Jiffy Clasp Envelope
OFF-PA-10000758,Office Supplies,Paper,SanDisk Computer Printout Paper
OFF-PA-10001307,Office Supplies,Paper,Important Message Pads
OFF-FA-10000470,Office Supplies,Fasteners,Stockwell Paper Clips
OFF-FA-10000406,Office Supplies,Fasteners,Advantus Thumb Tacks
OFF-EN-10003094,Office Supplies,Envelopes,Ames Peel and Seal
FUR-FU-10002874,Furniture,Furnishings,Ultra Commercial Grade Dual Valve Door Closer
OFF-LA-10000990,Office Supplies,Labels,Harbour Creations Legal Exhibit Labels
FUR-FU-10002784,Furniture,Furnishings,Advantus Photo Frame
OFF-EN-10002926,Office Supplies,Envelopes,Cameo Mailers
OFF-PA-10003981,Office Supplies,Paper,SanDisk Note Cards
OFF-LA-10001934,Office Supplies,Labels,Avery 516
OFF-CAR-10000319,Office Supplies,Binders,Cardinal Binder Covers
OFF-ACC-10000307,Office Supplies,Binders,Acco Index Tab
OFF-NOV-10001568,Office Supplies,Labels,Novimex Shipping Labels
OFF-FA-10003631,Office Supplies,Fasteners,Advantus Paper Clips
OFF-LA-10001771,Office Supplies,Labels,Avery 513
OFF-LA-10003515,Office Supplies,Labels,Novimex Color Coded Labels
FUR-FU-10001706,Furniture,Furnishings,Longer-Life Soft White Bulbs
OFF-LA-10004795,Office Supplies,Labels,Novimex Shipping Labels
OFF-BI-10003350,Office Supplies,Binders,Acco Expandable Hanging Binders
OFF-BI-10002990,Office Supplies,Binders,Acco Index Tab
OFF-EN-10002806,Office Supplies,Envelopes,GlobeWeis Peel and Seal
FUR-FU-10002885,Furniture,Furnishings,Magna Visual Magnetic Picture Hangers
OFF-PA-10001656,Office Supplies,Paper,SanDisk Parchment Paper
OFF-AP-10003477,Office Supplies,Appliances,Hamilton Beach Blender
OFF-AR-10000817,Office Supplies,Art,Manco Dry-Lighter Erasable Highlighter
OFF-PA-10000007,Office Supplies,Paper,Telephone Message Books with Fax/Mobile Section
OFF-FA-10003464,Office Supplies,Fasteners,Stockwell Rubber Bands
OFF-FA-10001184,Office Supplies,Fasteners,Stockwell Staples
OFF-LA-10003119,Office Supplies,Labels,Hon Color Coded Labels
OFF-AR-10003394,Office Supplies,Art,Newell 332
TEC-PH-10000307,Technology,Phones,Shocksock Galaxy S4 Armband
TEC-PH-10000912,Technology,Phones,Anker 24W Portable Micro USB Car Charger
TEC-STA-10003065,Technology,Machines,StarTech Receipt Printer
OFF-PA-10002250,Office Supplies,Paper,Things To Do Today Pad
OFF-ACC-10000497,Office Supplies,Fasteners,Accos Rubber Bands
OFF-BI-10000206,Office Supplies,Binders,Wilson Jones Binder Covers
OFF-PA-10000919,Office Supplies,Paper,Xerox 1918
OFF-AR-10001374,Office Supplies,Art,BIC Brite Liner Highlighters
OFF-LA-10000081,Office Supplies,Labels,Avery 496
OFF-PA-10001593,Office Supplies,Paper,Xerox 1947
FUR-TEN-10003879,Furniture,Furnishings,Tenex Light Bulb
OFF-ACC-10002167,Office Supplies,Fasteners,Accos Paper Clips
OFF-PA-10004648,Office Supplies,Paper,Xerox Message Books
OFF-PA-10003699,Office Supplies,Paper,SanDisk Parchment Paper
OFF-AR-10003405,Office Supplies,Art,Dixon My First Ticonderoga Pencil
OFF-PA-10003971,Office Supplies,Paper,Xerox 1965
OFF-EN-10001219,Office Supplies,Envelopes,"#10- 4 1/8"" x 9 1/2"" Security-Tint Envelopes"
OFF-FA-10001476,Office Supplies,Fasteners,OIC Paper Clips
OFF-LA-10004727,Office Supplies,Labels,Hon File Folder Labels
OFF-BI-10001116,Office Supplies,Binders,"Wilson Jones 1"" Hanging DublLock Ring Binders"
OFF-BI-10001031,Office Supplies,Binders,Pressboard Data Binders by Wilson Jones
OFF-GLO-10003496,Office Supplies,Envelopes,GlobeWeis Manila Envelope
OFF-FA-10003991,Office Supplies,Fasteners,Stockwell Staples
OFF-LA-10003215,Office Supplies,Labels,Smead File Folder Labels
FUR-SAF-10003402,Furniture,Chairs,SAFCO Bag Chairs
FUR-NOV-10002939,Furniture,Chairs,Novimex Swivel Stool
OFF-ELI-10004597,Office Supplies,Supplies,Elite Box Cutter
OFF-NOV-10000092,Office Supplies,Labels,Novimex Color Coded Labels
OFF-BI-10004428,Office Supplies,Binders,Cardinal Binder
OFF-SU-10000822,Office Supplies,Supplies,Fiskars Letter Opener
FUR-FU-10004245,Furniture,Furnishings,Career Cubicle Clock
OFF-LA-10001026,Office Supplies,Labels,Harbour Creations File Folder Labels
FUR-FU-10001935,Furniture,Furnishings,Eldon Light Bulb
OFF-LA-10004050,Office Supplies,Labels,Hon Color Coded Labels
OFF-PA-10002370,Office Supplies,Paper,Xerox Parchment Paper
OFF-KLE-10001317,Office Supplies,Supplies,Kleencut Ruler
OFF-FIS-10002661,Office Supplies,Supplies,Fiskars Shears
OFF-NOV-10004223,Office Supplies,Labels,Novimex Shipping Labels
OFF-LA-10004114,Office Supplies,Labels,Avery File Folder Labels
OFF-ST-10002957,Office Supplies,Storage,Sterilite Show Offs Storage Containers
TEC-PH-10001329,Technology,Phones,Motorola Headset
OFF-ST-10000711,Office Supplies,Storage,Fellowes Box
OFF-EN-10003858,Office Supplies,Envelopes,Jiffy Manila Envelope
TEC-AC-10000290,Technology,Accessories,Sabrent 4-Port USB 2.0 Hub
OFF-PA-10002960,Office Supplies,Paper,Xerox 1926
OFF-AR-10003876,Office Supplies,Art,Avery Hi-Liter GlideStik Fluorescent Highlighter
OFF-SU-10002412,Office Supplies,Supplies,Stiletto Letter Opener
FUR-CH-10003180,Furniture,Chairs,Novimex Steel Folding Chair
OFF-BI-10004554,Office Supplies,Binders,Avery Index Tab
OFF-BI-10002897,Office Supplies,Binders,Black Avery Memo-Size 3-Ring Binder
OFF-ENE-10000012,Office Supplies,Paper,Enermax Computer Printout Paper
OFF-PA-10000029,Office Supplies,Paper,Xerox 224
OFF-SU-10002557,Office Supplies,Supplies,Fiskars Spring-Action Scissors
OFF-JIF-10000890,Office Supplies,Envelopes,Jiffy Peel and Seal
OFF-LA-10003627,Office Supplies,Labels,Novimex Round Labels
OFF-FA-10002636,Office Supplies,Fasteners,Accos Staples
OFF-BI-10002061,Office Supplies,Binders,Ibico Binder
OFF-BI-10002827,Office Supplies,Binders,Avery Durable Poly Binders
OFF-AVE-10003558,Office Supplies,Labels,Avery Round Labels
OFF-BI-10004334,Office Supplies,Binders,Avery Hole Reinforcements
OFF-PA-10004735,Office Supplies,Paper,Xerox 1905
OFF-SU-10002503,Office Supplies,Supplies,Acme Preferred Stainless Steel Scissors
OFF-LA-10001613,Office Supplies,Labels,Avery File Folder Labels
OFF-HON-10004621,Office Supplies,Labels,Hon Color Coded Labels
OFF-FA-10003797,Office Supplies,Fasteners,Advantus Push Pins
OFF-HAR-10002083,Office Supplies,Labels,Harbour Creations Round Labels
TEC-BEL-10000696,Technology,Accessories,Belkin Mouse
OFF-HON-10004014,Office Supplies,Labels,Hon Shipping Labels
OFF-EN-10002559,Office Supplies,Envelopes,Kraft Clasp Envelope
OFF-AR-10001761,Office Supplies,Art,Avery Hi-Liter Smear-Safe Highlighters
OFF-AR-10001988,Office Supplies,Art,Bulldog Table or Wall-Mount Pencil Sharpener
FUR-FU-10001667,Furniture,Furnishings,Rubbermaid Stacking Tray
OFF-AR-10002564,Office Supplies,Art,Boston Pens
OFF-LA-10003820,Office Supplies,Labels,Novimex Color Coded Labels
OFF-AR-10000283,Office Supplies,Art,Stanley Highlighters
TEC-AC-10002857,Technology,Accessories,Verbatim 25 GB 6x Blu-ray Single Layer Recordable Disc
OFF-PA-10002195,Office Supplies,Paper,RSVP Cards & Envelopes
OFF-SU-10001506,Office Supplies,Supplies,Kleencut Letter Opener
OFF-FA-10000790,Office Supplies,Fasteners,Stockwell Rubber Bands
TEC-MA-10002267,Technology,Machines,Konica Calculator
OFF-LA-10002029,Office Supplies,Labels,Hon Round Labels
OFF-EN-10003798,Office Supplies,Envelopes,Recycled Interoffice Envelopes with Re-Use-A-Seal Closure
OFF-EN-10004955,Office Supplies,Envelopes,Fashion Color Clasp Envelopes
OFF-PA-10000466,Office Supplies,Paper,Memo Book
OFF-EN-10004459,Office Supplies,Envelopes,Security-Tint Envelopes
TEC-AC-10000387,Technology,Accessories,KeyTronic KT800P2 - Keyboard - Black
FUR-FU-10004053,Furniture,Furnishings,DAX Two-Tone Silver Metal Document Frame
OFF-PA-10001583,Office Supplies,Paper,1/4 Fold Party Design Invitations & White Envelopes
OFF-PA-10000476,Office Supplies,Paper,Eaton Computer Printout Paper
OFF-SU-10004784,Office Supplies,Supplies,Elite Trimmer
OFF-GLO-10003650,Office Supplies,Envelopes,GlobeWeis Mailers
OFF-FA-10002427,Office Supplies,Fasteners,Stockwell Push Pins
OFF-LA-10004964,Office Supplies,Labels,Smead Shipping Labels
OFF-EN-10000539,Office Supplies,Envelopes,Ames Clasp Envelope
OFF-ST-10002074,Office Supplies,Storage,Tenex Box
OFF-BI-10004410,Office Supplies,Binders,C-Line Peel & Stick Add-On Filing Pockets
OFF-BI-10001098,Office Supplies,Binders,Acco D-Ring Binder w/DublLock
OFF-AR-10002364,Office Supplies,Art,BIC Pens
OFF-BI-10001089,Office Supplies,Binders,Acco Binding Machine
OFF-LA-10000700,Office Supplies,Labels,Avery Legal Exhibit Labels
OFF-LA-10000157,Office Supplies,Labels,Novimex Shipping Labels
OFF-SME-10002250,Office Supplies,Labels,Smead File Folder Labels
OFF-AR-10000716,Office Supplies,Art,DIXON Ticonderoga Erasable Checking Pencils
OFF-SU-10003173,Office Supplies,Supplies,Acme Ruler
TEC-AC-10003052,Technology,Accessories,SanDisk Mouse
OFF-LA-10000436,Office Supplies,Labels,Novimex File Folder Labels
OFF-LA-10003121,Office Supplies,Labels,Avery 506
OFF-ADV-10003125,Office Supplies,Fasteners,Advantus Paper Clips
OFF-EN-10000219,Office Supplies,Envelopes,Jiffy Clasp Envelope
OFF-LA-10004894,Office Supplies,Labels,Hon Shipping Labels
OFF-PA-10003845,Office Supplies,Paper,Xerox 1987
OFF-HAR-10000501,Office Supplies,Labels,Harbour Creations File Folder Labels
OFF-PA-10004411,Office Supplies,Paper,Xerox Memo Slips
OFF-FA-10001700,Office Supplies,Fasteners,Accos Rubber Bands
OFF-FA-10002975,Office Supplies,Fasteners,Staples
OFF-AVE-10003279,Office Supplies,Binders,Avery Hole Reinforcements
OFF-EN-10003673,Office Supplies,Envelopes,GlobeWeis Business Envelopes
FUR-FU-10000657,Furniture,Furnishings,Eldon Door Stop
OFF-SU-10000289,Office Supplies,Supplies,Kleencut Ruler
OFF-PA-10004983,Office Supplies,Paper,Xerox 23
OFF-EN-10002959,Office Supplies,Envelopes,GlobeWeis Mailers
OFF-FA-10001718,Office Supplies,Fasteners,Accos Staples
OFF-EN-10000835,Office Supplies,Envelopes,GlobeWeis Clasp Envelope
OFF-LA-10002043,Office Supplies,Labels,Avery 489
OFF-BI-10000930,Office Supplies,Binders,Avery Hole Reinforcements
OFF-FA-10003744,Office Supplies,Fasteners,Stockwell Thumb Tacks
OFF-PA-10000788,Office Supplies,Paper,Xerox 210
OFF-BI-10000138,Office Supplies,Binders,Acco Translucent Poly Ring Binders
OFF-AR-10003560,Office Supplies,Art,Zebra Zazzle Fluorescent Highlighters
OFF-AVE-10002024,Office Supplies,Binders,Avery Index Tab
OFF-XER-10002982,Office Supplies,Paper,Xerox Memo Slips
OFF-NOV-10002952,Office Supplies,Labels,Novimex Round Labels
OFF-LA-10000407,Office Supplies,Labels,Avery White Multi-Purpose Labels
OFF-OIC-10001477,Office Supplies,Fasteners,OIC Push Pins
OFF-EN-10002936,Office Supplies,Envelopes,GlobeWeis Business Envelopes
TEC-AC-10004604,Technology,Accessories,SanDisk Mouse
OFF-BI-10004141,Office Supplies,Binders,Insertable Tab Indexes For Data Binders
OFF-PA-10000551,Office Supplies,Paper,Array Memo Cubes
OFF-STI-10000697,Office Supplies,Supplies,Stiletto Ruler
FUR-FU-10003336,Furniture,Furnishings,Eldon Door Stop
OFF-FA-10000053,Office Supplies,Fasteners,Revere Boxed Rubber Bands by Revere
OFF-AR-10004999,Office Supplies,Art,Newell 315
OFF-PA-10001560,Office Supplies,Paper,Adams Telephone Message Books
OFF-STO-10003878,Office Supplies,Fasteners,Stockwell Clamps
OFF-LA-10000095,Office Supplies,Labels,Avery Round Labels
OFF-LA-10003594,Office Supplies,Labels,Hon Removable Labels
OFF-EN-10001958,Office Supplies,Envelopes,GlobeWeis Clasp Envelope
FUR-FU-10002960,Furniture,Furnishings,Eldon 200 Class Desk Accessories
OFF-BI-10004830,Office Supplies,Binders,Ibico Index Tab
OFF-PA-10001870,Office Supplies,Paper,Xerox 202
OFF-SME-10004926,Office Supplies,Labels,Smead File Folder Labels
OFF-BI-10004716,Office Supplies,Binders,Wilson Jones Hanging Recycled Pressboard Data Binders
TEC-PH-10004924,Technology,Phones,SKILCRAFT Telephone Shoulder Rest
OFF-LA-10003720,Office Supplies,Labels,Avery 487
OFF-LA-10003435,Office Supplies,Labels,Harbour Creations File Folder Labels
OFF-PA-10004965,Office Supplies,Paper,Xerox 1921
OFF-AP-10000252,Office Supplies,Appliances,Harmony HEPA Quiet Air Purifiers
OFF-EN-10003544,Office Supplies,Envelopes,Ames Peel and Seal
OFF-LA-10002063,Office Supplies,Labels,Hon Round Labels
OFF-PA-10004355,Office Supplies,Paper,Xerox 231
OFF-SME-10002467,Office Supplies,Labels,Smead Round Labels
OFF-BI-10004809,Office Supplies,Binders,Acco Binder Covers
OFF-PA-10001947,Office Supplies,Paper,Xerox 1974
OFF-AR-10001683,Office Supplies,Art,Lumber Crayons
OFF-PA-10001001,Office Supplies,Paper,Snap-A-Way Black Print Carbonless Speed Message
FUR-ADV-10002632,Furniture,Furnishings,Advantus Door Stop
OFF-LA-10001170,Office Supplies,Labels,Harbour Creations Color Coded Labels
TEC-MA-10002981,Technology,Machines,I.R.I.S IRISCard Anywhere 5 Card Scanner
OFF-PA-10003270,Office Supplies,Paper,Xerox 1954
OFF-GRE-10001521,Office Supplies,Paper,Green Bar Message Books
FUR-FU-10004995,Furniture,Furnishings,Deflect-O Light Bulb
OFF-BI-10002734,Office Supplies,Binders,Wilson Jones Binder Covers
OFF-EN-10002002,Office Supplies,Envelopes,Cameo Peel and Seal
OFF-HAR-10001913,Office Supplies,Labels,Harbour Creations Legal Exhibit Labels
OFF-HAR-10004099,Office Supplies,Labels,Harbour Creations Removable Labels
OFF-FIS-10001549,Office Supplies,Supplies,Fiskars Shears
OFF-EN-10003721,Office Supplies,Envelopes,Jiffy Business Envelopes
OFF-ST-10003319,Office Supplies,Storage,Rogers Box
OFF-AR-10004552,Office Supplies,Art,Boston Markers
OFF-ADV-10000331,Office Supplies,Fasteners,Advantus Paper Clips
OFF-SAN-10004633,Office Supplies,Paper,SanDisk Message Books
OFF-KRA-10004192,Office Supplies,Envelopes,Kraft Manila Envelope
OFF-LA-10001867,Office Supplies,Labels,Avery Shipping Labels
OFF-FA-10001128,Office Supplies,Fasteners,Stockwell Clamps
OFF-EN-10000122,Office Supplies,Envelopes,Ames Business Envelopes
TEC-MA-10004975,Technology,Machines,Konica Calculator
OFF-SME-10000018,Office Supplies,Labels,Smead Round Labels
OFF-ST-10003274,Office Supplies,Storage,Eldon Box
OFF-BI-10004506,Office Supplies,Binders,Wilson Jones data.warehouse D-Ring Binders with DublLock
OFF-BI-10004741,Office Supplies,Binders,Acco Binder
OFF-FA-10003668,Office Supplies,Fasteners,Accos Rubber Bands
OFF-AR-10003469,Office Supplies,Art,Nontoxic Chalk
OFF-PA-10000673,Office Supplies,Paper,Post-it Important Message Note Pad
OFF-BI-10003274,Office Supplies,Binders,Avery Durable Slant Ring Binders
OFF-STO-10002803,Office Supplies,Fasteners,Stockwell Clamps
OFF-EN-10003731,Office Supplies,Envelopes,GlobeWeis Mailers
OFF-BI-10001598,Office Supplies,Binders,Avery Hole Reinforcements
OFF-FA-10004545,Office Supplies,Fasteners,Stockwell Push Pins
FUR-FU-10000669,Furniture,Furnishings,Eldon Stacking Tray
OFF-SME-10004110,Office Supplies,Labels,Smead Color Coded Labels
OFF-PA-10001115,Office Supplies,Paper,SanDisk Parchment Paper
OFF-BI-10000267,Office Supplies,Binders,Ibico Hole Reinforcements
OFF-LA-10003795,Office Supplies,Labels,Smead Round Labels
OFF-LA-10003537,Office Supplies,Labels,Avery 515
OFF-FA-10003529,Office Supplies,Fasteners,Stockwell Thumb Tacks
OFF-LA-10004094,Office Supplies,Labels,Avery Removable Labels
OFF-AR-10003281,Office Supplies,Art,Stanley Highlighters
OFF-LA-10000151,Office Supplies,Labels,Novimex Round Labels
OFF-EN-10001147,Office Supplies,Envelopes,Jiffy Clasp Envelope
OFF-PA-10002585,Office Supplies,Paper,Eaton Memo Slips
OFF-PA-10003309,Office Supplies,Paper,Xerox 211
OFF-EN-10002600,Office Supplies,Envelopes,Redi-Strip #10 Envelopes
FUR-FU-10003552,Furniture,Furnishings,Tenex Door Stop
OFF-LA-10004182,Office Supplies,Labels,Hon Color Coded Labels
OFF-EN-10001141,Office Supplies,Envelopes,Manila Recycled Extra-Heavyweight Clasp Envelopes
OFF-EN-10004030,Office Supplies,Envelopes,Convenience Packs of Business Envelopes
OFF-AR-10001645,Office Supplies,Art,Boston Pens
OFF-PA-10000350,Office Supplies,Paper,Message Book
OFF-EN-10002634,Office Supplies,Envelopes,Jiffy Clasp Envelope
OFF-SU-10001406,Office Supplies,Supplies,Fiskars Box Cutter
OFF-BI-10003305,Office Supplies,Binders,Avery Hanging File Binders
OFF-LA-10004332,Office Supplies,Labels,Novimex File Folder Labels
OFF-BI-10000518,Office Supplies,Binders,Wilson Jones Index Tab
OFF-AR-10001149,Office Supplies,Art,Sanford Colorific Colored Pencils
OFF-PA-10004151,Office Supplies,Paper,SanDisk Note Cards
TEC-SAN-10000142,Technology,Accessories,SanDisk Mouse
FUR-FU-10004923,Furniture,Furnishings,Advantus Stacking Tray
OFF-EN-10001647,Office Supplies,Envelopes,GlobeWeis Interoffice Envelope
OFF-BI-10000373,Office Supplies,Binders,Ibico Hole Reinforcements
FUR-FU-10001196,Furniture,Furnishings,DAX Cubicle Frames - 8x10
OFF-LA-10000116,Office Supplies,Labels,Harbour Creations File Folder Labels
OFF-SU-10001664,Office Supplies,Supplies,Acme Office Executive Series Stainless Steel Trimmers
OFF-XER-10001746,Office Supplies,Paper,Xerox Message Books
TEC-AC-10004812,Technology,Accessories,SanDisk Mouse
TEC-MA-10004584,Technology,Machines,Epson Calculator
OFF-LA-10000970,Office Supplies,Labels,Harbour Creations Removable Labels
OFF-LA-10000448,Office Supplies,Labels,Hon File Folder Labels
OFF-FA-10000191,Office Supplies,Fasteners,Stockwell Rubber Bands
OFF-EN-10001991,Office Supplies,Envelopes,Kraft Clasp Envelope
OFF-LA-10003132,Office Supplies,Labels,Smead Round Labels
OFF-FA-10001843,Office Supplies,Fasteners,Staples
OFF-SME-10001761,Office Supplies,Storage,Smead Shelving
OFF-FA-10004920,Office Supplies,Fasteners,Accos Rubber Bands
OFF-PA-10003063,Office Supplies,Paper,EcoTones Memo Sheets
OFF-STO-10003098,Office Supplies,Fasteners,Stockwell Thumb Tacks
OFF-ELI-10003732,Office Supplies,Supplies,Elite Letter Opener
OFF-FA-10000349,Office Supplies,Fasteners,OIC Push Pins
OFF-FA-10001563,Office Supplies,Fasteners,Stockwell Staples
OFF-PA-10002741,Office Supplies,Paper,Xerox 1980
OFF-FA-10004359,Office Supplies,Fasteners,OIC Paper Clips
OFF-LA-10000341,Office Supplies,Labels,Smead Shipping Labels
OFF-ST-10002119,Office Supplies,Storage,Rogers Shelving
OFF-CUI-10000203,Office Supplies,Appliances,Cuisinart Toaster
OFF-LA-10003273,Office Supplies,Labels,Harbour Creations Color Coded Labels
OFF-LA-10003674,Office Supplies,Labels,Hon Legal Exhibit Labels
OFF-FA-10002900,Office Supplies,Fasteners,Stockwell Thumb Tacks
OFF-ACC-10002327,Office Supplies,Fasteners,Accos Thumb Tacks
OFF-SU-10003801,Office Supplies,Supplies,Elite Box Cutter
OFF-PA-10001531,Office Supplies,Paper,Eaton Parchment Paper
OFF-AR-10004918,Office Supplies,Art,Binney & Smith Pens
OFF-HAR-10004816,Office Supplies,Labels,Harbour Creations Shipping Labels
OFF-IBI-10004855,Office Supplies,Binders,Ibico Hole Reinforcements
OFF-FA-10001521,Office Supplies,Fasteners,Stockwell Thumb Tacks
OFF-PA-10000069,Office Supplies,Paper,TOPS 4 x 6 Fluorescent Color Memo Sheets
OFF-HAM-10001387,Office Supplies,Appliances,Hamilton Beach Coffee Grinder
OFF-JIF-10003890,Office Supplies,Envelopes,Jiffy Peel and Seal
OFF-SU-10000130,Office Supplies,Supplies,Fiskars Ruler
OFF-AR-10004360,Office Supplies,Art,Boston Pens
OFF-BI-10001553,Office Supplies,Binders,SpineVue Locking Slant-D Ring Binders by Cardinal
OFF-BI-10000591,Office Supplies,Binders,Avery Binder Labels
OFF-BI-10003975,Office Supplies,Binders,Cardinal Index Tab
OFF-BI-10002075,Office Supplies,Binders,Wilson Jones Hole Reinforcements
OFF-FA-10004374,Office Supplies,Fasteners,Accos Paper Clips
OFF-AR-10004362,Office Supplies,Art,Sanford Canvas
OFF-FA-10000300,Office Supplies,Fasteners,Stockwell Push Pins
TEC-AC-10002581,Technology,Accessories,SanDisk Flash Drive
OFF-OIC-10003518,Office Supplies,Fasteners,OIC Rubber Bands
OFF-PA-10001450,Office Supplies,Paper,Rediform S.O.S. Phone Message Books
OFF-ST-10002562,Office Supplies,Storage,Staples
OFF-PA-10002659,Office Supplies,Paper,Avoid Verbal Orders Carbonless Minifold Book
OFF-BI-10000126,Office Supplies,Binders,Ibico Hole Reinforcements
OFF-FA-10003531,Office Supplies,Fasteners,Accos Thumb Tacks
OFF-STA-10003908,Office Supplies,Art,Stanley Highlighters
OFF-CAR-10003030,Office Supplies,Binders,Cardinal Index Tab
OFF-FA-10003378,Office Supplies,Fasteners,Accos Push Pins
OFF-BI-10000359,Office Supplies,Binders,Ibico Binder Covers
OFF-AVE-10001847,Office Supplies,Binders,Avery Binder
OFF-GLO-10001567,Office Supplies,Envelopes,GlobeWeis Clasp Envelope
FUR-FU-10003276,Furniture,Furnishings,Rubbermaid Light Bulb
OFF-HAR-10004011,Office Supplies,Labels,Harbour Creations File Folder Labels
OFF-STO-10003728,Office Supplies,Fasteners,Stockwell Paper Clips
OFF-BI-10002062,Office Supplies,Binders,Acco Hole Reinforcements
OFF-BI-10001049,Office Supplies,Binders,Ibico Index Tab
TEC-EPS-10001473,Technology,Machines,Epson Calculator
OFF-AVE-10003504,Office Supplies,Labels,Avery Legal Exhibit Labels
OFF-STO-10003021,Office Supplies,Fasteners,Stockwell Thumb Tacks
OFF-FA-10004649,Office Supplies,Fasteners,Advantus Clamps
OFF-AR-10001954,Office Supplies,Art,Newell 331
FUR-NOV-10000669,Furniture,Chairs,Novimex Chairmat
OFF-EN-10000863,Office Supplies,Envelopes,Ames Business Envelopes
OFF-PA-10002947,Office Supplies,Paper,Xerox 1923
OFF-PA-10000533,Office Supplies,Paper,Southworth Parchment Paper & Envelopes
OFF-HAR-10002479,Office Supplies,Labels,Harbour Creations Color Coded Labels
OFF-LA-10004969,Office Supplies,Labels,Novimex Legal Exhibit Labels
OFF-PA-10003657,Office Supplies,Paper,Xerox 1927
OFF-LA-10000934,Office Supplies,Labels,Hon Legal Exhibit Labels
OFF-PA-10000320,Office Supplies,Paper,Enermax Parchment Paper
OFF-PA-10002611,Office Supplies,Paper,Green Bar Parchment Paper
OFF-AR-10004441,Office Supplies,Art,BIC Brite Liner Highlighters
OFF-HON-10000137,Office Supplies,Labels,Hon Round Labels
OFF-AR-10001598,Office Supplies,Art,BIC Highlighters
FUR-TA-10000304,Furniture,Tables,Barricks Training Table
OFF-LA-10004761,Office Supplies,Labels,Avery File Folder Labels
OFF-EN-10004846,Office Supplies,Envelopes,Letter or Legal Size Expandable Poly String Tie Envelopes
OFF-SU-10004514,Office Supplies,Supplies,Elite Letter Opener
OFF-LA-10001569,Office Supplies,Labels,Avery 499
OFF-WIL-10001495,Office Supplies,Binders,Wilson Jones Index Tab
OFF-KLE-10003227,Office Supplies,Supplies,Kleencut Ruler
OFF-FA-10004171,Office Supplies,Fasteners,Accos Paper Clips
OFF-LA-10003678,Office Supplies,Labels,Hon Round Labels
OFF-EAT-10004036,Office Supplies,Paper,Eaton Parchment Paper
TEC-BRO-10002579,Technology,Copiers,Brother Copy Machine
OFF-SME-10003805,Office Supplies,Labels,Smead Color Coded Labels
OFF-BI-10002681,Office Supplies,Binders,Ibico Binder
OFF-OIC-10002266,Office Supplies,Fasteners,OIC Staples
OFF-ST-10001627,Office Supplies,Storage,Eldon Jumbo ProFile Portable File Boxes Graphite/Black
OFF-SME-10003047,Office Supplies,Labels,Smead Color Coded Labels
OFF-LA-10002770,Office Supplies,Labels,Novimex Color Coded Labels
OFF-PA-10004451,Office Supplies,Paper,Xerox 222
OFF-PA-10001260,Office Supplies,Paper,TOPS Money Receipt Book
OFF-BI-10002715,Office Supplies,Binders,Avery Index Tab
OFF-ST-10004793,Office Supplies,Storage,Tenex File Cart
OFF-PA-10000721,Office Supplies,Paper,Enermax Cards & Envelopes
OFF-EN-10003920,Office Supplies,Envelopes,Jiffy Business Envelopes
OFF-BI-10002711,Office Supplies,Binders,Acco Binding Machine
OFF-BI-10000343,Office Supplies,Binders,Pressboard Covers with Storage Hooks
OFF-PA-10004782,Office Supplies,Paper,Xerox 228
FUR-TEN-10000377,Furniture,Furnishings,Tenex Light Bulb
OFF-FA-10004924,Office Supplies,Fasteners,Stockwell Paper Clips
OFF-AR-10002053,Office Supplies,Art,Premium Writing Pencils
OFF-PA-10000697,Office Supplies,Paper,TOPS Voice Message Log Book
OFF-CAR-10003703,Office Supplies,Binders,Cardinal Binder
OFF-LA-10004947,Office Supplies,Labels,Hon Shipping Labels
OFF-LA-10002037,Office Supplies,Labels,Avery Shipping Labels
OFF-PA-10004000,Office Supplies,Paper,While You Were Out Pads
FUR-CH-10000136,Furniture,Chairs,Harbour Creations Steel Folding Chair
OFF-FA-10003058,Office Supplies,Fasteners,Stockwell Rubber Bands
OFF-FA-10000089,Office Supplies,Fasteners,OIC Rubber Bands
OFF-LA-10002319,Office Supplies,Labels,Smead Legal Exhibit Labels
FUR-CH-10002938,Furniture,Chairs,Novimex Chairmat
OFF-SU-10003191,Office Supplies,Supplies,Stiletto Scissors
OFF-AR-10000657,Office Supplies,Art,Binney & Smith inkTank Desk Highlighter
TEC-ENE-10004236,Technology,Accessories,Enermax Flash Drive
FUR-ELD-10000605,Furniture,Furnishings,Eldon Stacking Tray
OFF-LA-10002980,Office Supplies,Labels,Harbour Creations Shipping Labels
OFF-PA-10002842,Office Supplies,Paper,Eaton Parchment Paper
OFF-BI-10000583,Office Supplies,Binders,Wilson Jones Hole Reinforcements
OFF-AR-10001473,Office Supplies,Art,Newell 313
FUR-TEN-10002418,Furniture,Furnishings,Tenex Clock
TEC-PH-10001846,Technology,Phones,Nokia Audio Dock
OFF-CAM-10004002,Office Supplies,Envelopes,Cameo Business Envelopes
OFF-PA-10000644,Office Supplies,Paper,Green Bar Cards & Envelopes
OFF-PA-10002918,Office Supplies,Paper,Eaton Computer Printout Paper
OFF-BI-10004817,Office Supplies,Binders,GBC Personal VeloBind Strips
OFF-ENE-10000199,Office Supplies,Paper,Enermax Computer Printout Paper
OFF-LA-10002827,Office Supplies,Labels,Harbour Creations Round Labels
OFF-PA-10001609,Office Supplies,Paper,Tops Wirebound Message Log Books
OFF-PA-10001246,Office Supplies,Paper,Xerox 215
OFF-NOV-10004585,Office Supplies,Labels,Novimex Legal Exhibit Labels
OFF-AR-10001940,Office Supplies,Art,Sanford Colorific Eraseable Coloring Pencils
OFF-ACC-10001028,Office Supplies,Fasteners,Accos Push Pins
OFF-FA-10003034,Office Supplies,Fasteners,OIC Rubber Bands
OFF-FA-10004516,Office Supplies,Fasteners,Stockwell Push Pins
OFF-PA-10003027,Office Supplies,Paper,Enermax Message Books
OFF-PA-10002365,Office Supplies,Paper,Xerox 1967
OFF-AR-10002766,Office Supplies,Art,Prang Drawing Pencil Set
OFF-EAT-10000854,Office Supplies,Paper,Eaton Parchment Paper
OFF-FA-10002652,Office Supplies,Fasteners,Stockwell Staples
OFF-EN-10004840,Office Supplies,Envelopes,Jiffy Clasp Envelope
OFF-EN-10001509,Office Supplies,Envelopes,Poly String Tie Envelopes
FUR-FU-10000813,Furniture,Furnishings,Tenex Door Stop
TEC-PH-10001845,Technology,Phones,Apple Speaker Phone
OFF-PA-10000587,Office Supplies,Paper,Array Parchment Paper
TEC-PH-10003356,Technology,Phones,SmartStand Mobile Device Holder
OFF-LA-10003372,Office Supplies,Labels,Smead Round Labels
OFF-SU-10004115,Office Supplies,Supplies,Acme Stainless Steel Office Snips
OFF-BI-10000773,Office Supplies,Binders,Insertable Tab Post Binder Dividers
OFF-BI-10000821,Office Supplies,Binders,Acco Hole Reinforcements
OFF-PA-10004405,Office Supplies,Paper,Rediform Voice Mail Log Books
FUR-DEF-10001477,Furniture,Furnishings,Deflect-O Door Stop
OFF-ENE-10003314,Office Supplies,Paper,Enermax Parchment Paper
OFF-LA-10002596,Office Supplies,Labels,Harbour Creations Round Labels
OFF-LA-10001641,Office Supplies,Labels,Avery 518
OFF-PA-10002262,Office Supplies,Paper,Xerox 192
OFF-EN-10003068,Office Supplies,Envelopes,#6 3/4 Gummed Flap White Envelopes
OFF-LA-10003327,Office Supplies,Labels,Hon Legal Exhibit Labels
OFF-LA-10004972,Office Supplies,Labels,Avery File Folder Labels
OFF-LA-10000220,Office Supplies,Labels,Hon Removable Labels
TEC-AC-10003133,Technology,Accessories,Memorex Mini Travel Drive 4 GB USB 2.0 Flash Drive
OFF-LA-10000248,Office Supplies,Labels,Avery 52
FUR-ELD-10003843,Furniture,Furnishings,Eldon Photo Frame
OFF-PA-10000223,Office Supplies,Paper,Xerox 2000
OFF-PA-10004733,Office Supplies,Paper,Things To Do Today Spiral Book
OFF-BI-10004528,Office Supplies,Binders,Cardinal Poly Pocket Divider Pockets for Ring Binders
OFF-AR-10001338,Office Supplies,Art,Boston Canvas
OFF-LA-10002353,Office Supplies,Labels,Harbour Creations Legal Exhibit Labels
OFF-PA-10001421,Office Supplies,Paper,Green Bar Memo Slips
OFF-FA-10001561,Office Supplies,Fasteners,Stockwell Push Pins
OFF-LA-10002625,Office Supplies,Labels,Harbour Creations Round Labels
OFF-LA-10002559,Office Supplies,Labels,Smead File Folder Labels
OFF-FA-10003415,Office Supplies,Fasteners,Stockwell Push Pins
OFF-BI-10001286,Office Supplies,Binders,Ibico Hole Reinforcements
OFF-BI-10000787,Office Supplies,Binders,Acco Hole Reinforcements
OFF-LA-10000483,Office Supplies,Labels,Harbour Creations Shipping Labels
OFF-ACC-10000218,Office Supplies,Binders,Acco Hole Reinforcements
OFF-FA-10001670,Office Supplies,Fasteners,Stockwell Thumb Tacks
OFF-PA-10001293,Office Supplies,Paper,Xerox 1946
OFF-FA-10003021,Office Supplies,Fasteners,Staples
OFF-EN-10004470,Office Supplies,Envelopes,Ames Clasp Envelope
OFF-FA-10003144,Office Supplies,Fasteners,Stockwell Clamps
OFF-LA-10004859,Office Supplies,Labels,Avery Legal Exhibit Labels
OFF-LA-10001045,Office Supplies,Labels,Permanent Self-Adhesive File Folder Labels for Typewriters by Universal
OFF-EN-10003072,Office Supplies,Envelopes,Peel & Seel Envelopes
FUR-FU-10002364,Furniture,Furnishings,Eldon Expressions Wood Desk Accessories
OFF-STO-10004841,Office Supplies,Fasteners,Stockwell Paper Clips
TEC-AC-10003400,Technology,Accessories,Memorex Flash Drive
OFF-ST-10004326,Office Supplies,Storage,Rogers Box
OFF-FA-10002045,Office Supplies,Fasteners,Accos Rubber Bands
OFF-FA-10003615,Office Supplies,Fasteners,Stockwell Staples
OFF-FA-10003685,Office Supplies,Fasteners,Stockwell Rubber Bands
OFF-BI-10001407,Office Supplies,Binders,Acco Binder Covers
OFF-FA-10002890,Office Supplies,Fasteners,Accos Staples
OFF-AR-10001117,Office Supplies,Art,Stanley Pens
FUR-FU-10003194,Furniture,Furnishings,Eldon Expressions Desk Accessory
OFF-KRA-10002085,Office Supplies,Envelopes,Kraft Clasp Envelope
OFF-ELI-10003004,Office Supplies,Supplies,Elite Ruler
OFF-LA-10003090,Office Supplies,Labels,Harbour Creations File Folder Labels
OFF-AVE-10004570,Office Supplies,Binders,Avery Binder Covers
OFF-LA-10004487,Office Supplies,Labels,Harbour Creations Shipping Labels
OFF-BI-10003090,Office Supplies,Binders,Avery Binder Covers
OFF-AR-10002280,Office Supplies,Art,Staples
OFF-EN-10002973,Office Supplies,Envelopes,Ampad #10 Peel & Seel Holiday Envelopes
OFF-JIF-10003842,Office Supplies,Envelopes,Jiffy Clasp Envelope
OFF-BI-10003999,Office Supplies,Binders,Avery Hole Reinforcements
OFF-LA-10003778,Office Supplies,Labels,Novimex File Folder Labels
FUR-TA-10003837,Furniture,Tables,Anderson Hickey Conga Table Tops & Accessories
OFF-AVE-10000065,Office Supplies,Labels,Avery Removable Labels
OFF-FA-10001776,Office Supplies,Fasteners,Stockwell Rubber Bands
OFF-AP-10003914,Office Supplies,Appliances,Sanitaire Vibra Groomer IR Commercial Upright Vacuum
OFF-FA-10000735,Office Supplies,Fasteners,Staples
FUR-FU-10001546,Furniture,Furnishings,Dana Swing-Arm Lamps
OFF-HON-10002456,Office Supplies,Labels,Hon Color Coded Labels
FUR-FU-10001008,Furniture,Furnishings,Rubbermaid Light Bulb
OFF-FA-10003716,Office Supplies,Fasteners,OIC Rubber Bands
OFF-PA-10000030,Office Supplies,Paper,Eaton Parchment Paper
OFF-LA-10004689,Office Supplies,Labels,Avery 512
OFF-LA-10002088,Office Supplies,Labels,Novimex Round Labels
OFF-LA-10001764,Office Supplies,Labels,Avery Round Labels
OFF-AR-10000706,Office Supplies,Art,Sanford Highlighters
OFF-PA-10002615,Office Supplies,Paper,Ampad Gold Fibre Wirebound Steno Books
OFF-NOV-10001753,Office Supplies,Labels,Novimex Round Labels
OFF-EN-10003668,Office Supplies,Envelopes,Ames Business Envelopes
OFF-BI-10004970,Office Supplies,Binders,ACCOHIDE 3-Ring Binder
OFF-BI-10002071,Office Supplies,Binders,Fellowes Black Plastic Comb Bindings
OFF-FA-10004586,Office Supplies,Fasteners,Stockwell Staples
OFF-PA-10000354,Office Supplies,Paper,Xerox Computer Printout Paper
FUR-FU-10003717,Furniture,Furnishings,Deflect-O Light Bulb
OFF-EN-10000096,Office Supplies,Envelopes,Jiffy Clasp Envelope
OFF-LA-10004345,Office Supplies,Labels,Avery 493
OFF-EN-10002226,Office Supplies,Envelopes,Jiffy Clasp Envelope
OFF-AR-10003028,Office Supplies,Art,Binney & Smith Highlighters
OFF-AR-10000127,Office Supplies,Art,Newell 321
OFF-BI-10001890,Office Supplies,Binders,Avery Poly Binder Pockets
OFF-SU-10001574,Office Supplies,Supplies,Acme Value Line Scissors
OFF-ACC-10004713,Office Supplies,Fasteners,Accos Staples
OFF-OIC-10002160,Office Supplies,Fasteners,OIC Rubber Bands
OFF-KRA-10004624,Office Supplies,Envelopes,Kraft Peel and Seal
OFF-LA-10002258,Office Supplies,Labels,Smead File Folder Labels
OFF-LA-10002943,Office Supplies,Labels,Novimex Removable Labels
OFF-PA-10001302,Office Supplies,Paper,Eaton Memo Slips
OFF-EN-10001749,Office Supplies,Envelopes,Jiffy Padded Mailers with Self-Seal Closure
OFF-AR-10003759,Office Supplies,Art,Crayola Anti Dust Chalk
OFF-LA-10003766,Office Supplies,Labels,Self-Adhesive Removable Labels
OFF-ACC-10004430,Office Supplies,Fasteners,Accos Rubber Bands
OFF-FA-10001359,Office Supplies,Fasteners,Stockwell Rubber Bands
OFF-FA-10004243,Office Supplies,Fasteners,OIC Staples
OFF-EN-10004147,Office Supplies,Envelopes,Wausau Papers Astrobrights Colored Envelopes
OFF-HOO-10003246,Office Supplies,Appliances,Hoover Blender
OFF-LA-10000767,Office Supplies,Labels,Hon Legal Exhibit Labels
OFF-FA-10000720,Office Supplies,Fasteners,Advantus Rubber Bands
OFF-BI-10003181,Office Supplies,Binders,Ibico Binder Covers
OFF-HON-10001783,Office Supplies,Labels,Hon Shipping Labels
FUR-FU-10000342,Furniture,Furnishings,Deflect-O Light Bulb
OFF-BI-10002126,Office Supplies,Binders,Wilson Jones Index Tab
OFF-LA-10001803,Office Supplies,Labels,Avery Legal Exhibit Labels
OFF-PA-10000174,Office Supplies,Paper,Message Book
FUR-FU-10001379,Furniture,Furnishings,"Executive Impressions 16-1/2"" Circular Wall Clock"
OFF-LA-10000477,Office Supplies,Labels,Smead Round Labels
OFF-BI-10002949,Office Supplies,Binders,Prestige Round Ring Binders
OFF-ACM-10000671,Office Supplies,Supplies,Acme Ruler
OFF-FA-10001832,Office Supplies,Fasteners,Accos Rubber Bands
FUR-FU-10002111,Furniture,Furnishings,Master Caster Door Stop
OFF-BI-10004275,Office Supplies,Binders,Wilson Jones Index Tab
OFF-LA-10002598,Office Supplies,Labels,Harbour Creations Removable Labels
OFF-LA-10002651,Office Supplies,Labels,Novimex Round Labels
OFF-AVE-10000432,Office Supplies,Binders,Avery Index Tab
OFF-AR-10003551,Office Supplies,Art,Sanford Pens
OFF-LA-10001633,Office Supplies,Labels,Novimex File Folder Labels
OFF-LA-10000634,Office Supplies,Labels,Avery 509
OFF-PA-10004610,Office Supplies,Paper,Xerox 1900
OFF-FA-10003399,Office Supplies,Fasteners,Accos Paper Clips
OFF-FA-10004503,Office Supplies,Fasteners,Accos Staples
OFF-PA-10002352,Office Supplies,Paper,Eaton Parchment Paper
OFF-EN-10002427,Office Supplies,Envelopes,Ames Manila Envelope
OFF-ST-10001832,Office Supplies,Storage,Eldon Box
OFF-AR-10001315,Office Supplies,Art,Newell 310
OFF-AP-10000804,Office Supplies,Appliances,Hoover Portapower Portable Vacuum
FUR-BUS-10001876,Furniture,Bookcases,Bush 3-Shelf Cabinet
OFF-WIL-10002593,Office Supplies,Binders,Wilson Jones Hole Reinforcements
OFF-BI-10002796,Office Supplies,Binders,Wilson Jones Binder Covers
OFF-EN-10002046,Office Supplies,Envelopes,Kraft Manila Envelope
OFF-FA-10001838,Office Supplies,Fasteners,Stockwell Paper Clips
OFF-PA-10004174,Office Supplies,Paper,Enermax Computer Printout Paper
OFF-BI-10001885,Office Supplies,Binders,Avery Binder Covers
OFF-BI-10003712,Office Supplies,Binders,Acco Pressboard Covers with Storage Hooks
OFF-STO-10000128,Office Supplies,Fasteners,Stockwell Push Pins
OFF-KRA-10002441,Office Supplies,Envelopes,Kraft Business Envelopes
OFF-EN-10003071,Office Supplies,Envelopes,Kraft Clasp Envelope
OFF-LA-10000121,Office Supplies,Labels,Avery 48
OFF-LA-10004093,Office Supplies,Labels,Avery 486
OFF-FA-10004248,Office Supplies,Fasteners,Advantus T-Pin Paper Clips
OFF-ELD-10001293,Office Supplies,Storage,Eldon Box
FUR-FU-10002505,Furniture,Furnishings,Eldon 100 Class Desk Accessories
OFF-PA-10003036,Office Supplies,Paper,"Black Print Carbonless 8 1/2"" x 8 1/4"" Rapid Memo Book"
TEC-AC-10002607,Technology,Accessories,Enermax Mouse
OFF-PA-10000420,Office Supplies,Paper,Green Bar Cards & Envelopes
FUR-FU-10004907,Furniture,Furnishings,Advantus Light Bulb
OFF-SU-10004373,Office Supplies,Supplies,Kleencut Scissors
OFF-BI-10001679,Office Supplies,Binders,GBC Instant Index System for Binding Systems
OFF-AP-10001587,Office Supplies,Appliances,Hamilton Beach Coffee Grinder
OFF-BI-10002281,Office Supplies,Binders,Ibico Binder Covers
OFF-LA-10002787,Office Supplies,Labels,Avery 480
OFF-PA-10001826,Office Supplies,Paper,Xerox 207
OFF-OIC-10000855,Office Supplies,Fasteners,OIC Thumb Tacks
FUR-FU-10001324,Furniture,Furnishings,Deflect-O Clock
OFF-FA-10002393,Office Supplies,Fasteners,Accos Push Pins
OFF-LA-10004166,Office Supplies,Labels,Avery Legal Exhibit Labels
OFF-LA-10000443,Office Supplies,Labels,Avery 501
OFF-AR-10003158,Office Supplies,Art,Fluorescent Highlighters by Dixon
OFF-FA-10001337,Office Supplies,Fasteners,Stockwell Staples
OFF-AR-10001696,Office Supplies,Art,Binney & Smith Pens
OFF-LA-10001067,Office Supplies,Labels,Smead Legal Exhibit Labels
OFF-EN-10003853,Office Supplies,Envelopes,Cameo Peel and Seal
OFF-SME-10004519,Office Supplies,Labels,Smead Removable Labels
OFF-KLE-10000527,Office Supplies,Supplies,Kleencut Scissors
OFF-PA-10002586,Office Supplies,Paper,Xerox 1970
OFF-FA-10001332,Office Supplies,Fasteners,Acco Banker's Clasps
OFF-LA-10000927,Office Supplies,Labels,Hon Shipping Labels
OFF-BI-10002523,Office Supplies,Binders,Wilson Jones Index Tab
OFF-BI-10001757,Office Supplies,Binders,Pressboard Hanging Data Binders for Unburst Sheets
OFF-AR-10000246,Office Supplies,Art,Newell 318
OFF-FA-10000134,Office Supplies,Fasteners,Advantus Push Pins
OFF-AR-10004790,Office Supplies,Art,Staples
OFF-STO-10000753,Office Supplies,Fasteners,Stockwell Thumb Tacks
OFF-BI-10002193,Office Supplies,Binders,Wilson Jones Hole Reinforcements
OFF-LA-10003058,Office Supplies,Labels,Novimex Legal Exhibit Labels
OFF-PA-10002105,Office Supplies,Paper,Xerox 223
OFF-EN-10001415,Office Supplies,Envelopes,Staples
OFF-LA-10004484,Office Supplies,Labels,Avery 476
OFF-NOV-10002610,Office Supplies,Labels,Novimex File Folder Labels
OFF-LA-10002015,Office Supplies,Labels,Hon Round Labels
OFF-LA-10000216,Office Supplies,Labels,Novimex Round Labels
FUR-FU-10004164,Furniture,Furnishings,Eldon 300 Class Desk Accessories
OFF-AR-10001246,Office Supplies,Art,Newell 317
OFF-GLO-10001688,Office Supplies,Envelopes,GlobeWeis Manila Envelope
TEC-AC-10002018,Technology,Accessories,AmazonBasics 3-Button USB Wired Mouse
OFF-BI-10001787,Office Supplies,Binders,Wilson Jones Four-Pocket Poly Binders
OFF-PA-10000289,Office Supplies,Paper,Xerox 213
OFF-OIC-10002625,Office Supplies,Fasteners,OIC Thumb Tacks
OFF-AME-10003180,Office Supplies,Envelopes,Ames Business Envelopes
OFF-LA-10001028,Office Supplies,Labels,Hon Removable Labels
OFF-EN-10001621,Office Supplies,Envelopes,GlobeWeis Business Envelopes
OFF-STO-10000631,Office Supplies,Fasteners,Stockwell Push Pins
OFF-FA-10000196,Office Supplies,Fasteners,OIC Paper Clips
OFF-BI-10003655,Office Supplies,Binders,Durable Pressboard Binders
OFF-SME-10000880,Office Supplies,Storage,Smead Box
OFF-ACC-10004748,Office Supplies,Fasteners,Accos Push Pins
OFF-AR-10001662,Office Supplies,Art,Rogers Handheld Barrel Pencil Sharpener
OFF-PA-10001243,Office Supplies,Paper,Xerox 1983
OFF-ST-10004141,Office Supplies,Storage,Rogers Folders
OFF-AR-10003045,Office Supplies,Art,Prang Colored Pencils
OFF-AR-10003532,Office Supplies,Art,BIC Pencil Sharpener
OFF-GRE-10001814,Office Supplies,Paper,Green Bar Computer Printout Paper
OFF-LA-10004933,Office Supplies,Labels,Harbour Creations Shipping Labels
OFF-SU-10003973,Office Supplies,Supplies,Elite Trimmer
OFF-FA-10004108,Office Supplies,Fasteners,Accos Rubber Bands
OFF-LA-10001930,Office Supplies,Labels,Hon Removable Labels
OFF-LA-10004877,Office Supplies,Labels,Hon Legal Exhibit Labels
OFF-BI-10003240,Office Supplies,Binders,Ibico Binding Machine
OFF-HAR-10001531,Office Supplies,Labels,Harbour Creations Removable Labels
OFF-FA-10001577,Office Supplies,Fasteners,Stockwell Staples
TEC-AC-10004209,Technology,Accessories,Memorex Froggy Flash Drive 4 GB
FUR-FU-10000550,Furniture,Furnishings,Stacking Trays by OIC
OFF-BI-10002003,Office Supplies,Binders,Ibico Presentation Index for Binding Systems
OFF-NOV-10003180,Office Supplies,Labels,Novimex Legal Exhibit Labels
OFF-BI-10003009,Office Supplies,Binders,Ibico 3-Hole Punch
OFF-SU-10003277,Office Supplies,Supplies,Elite Ruler
OFF-LA-10001299,Office Supplies,Labels,Avery File Folder Labels
OFF-EN-10000476,Office Supplies,Envelopes,Kraft Clasp Envelope
OFF-FA-10004687,Office Supplies,Fasteners,Advantus Thumb Tacks
OFF-LA-10000114,Office Supplies,Labels,Novimex Removable Labels
OFF-AR-10002257,Office Supplies,Art,Eldon Spacemaker Box
FUR-FU-10001852,Furniture,Furnishings,Eldon Regeneration Recycled Desk Accessories
OFF-STO-10000041,Office Supplies,Fasteners,Stockwell Staples
OFF-EAT-10001137,Office Supplies,Paper,Eaton Parchment Paper
OFF-STO-10004940,Office Supplies,Fasteners,Stockwell Push Pins
OFF-FA-10004563,Office Supplies,Fasteners,Stockwell Clamps
FUR-FU-10002546,Furniture,Furnishings,Deflect-O Light Bulb
OFF-ST-10003221,Office Supplies,Storage,Staples
OFF-BI-10003196,Office Supplies,Binders,Accohide Poly Flexible Ring Binders
OFF-FA-10000074,Office Supplies,Fasteners,Stockwell Push Pins
OFF-BI-10004121,Office Supplies,Binders,Avery Index Tab
TEC-BEL-10002153,Technology,Accessories,Belkin Flash Drive
FUR-ADV-10003326,Furniture,Furnishings,Advantus Light Bulb
OFF-FA-10000799,Office Supplies,Fasteners,OIC Push Pins
TEC-AC-10001592,Technology,Accessories,Enermax Flash Drive
OFF-LA-10001246,Office Supplies,Labels,Avery Removable Labels
OFF-AR-10001118,Office Supplies,Art,Binney & Smith Crayola Metallic Crayons
OFF-FA-10004206,Office Supplies,Fasteners,Advantus Staples
OFF-LA-10001065,Office Supplies,Labels,Avery Round Labels
OFF-FA-10004395,Office Supplies,Fasteners,Plymouth Boxed Rubber Bands by Plymouth
OFF-SME-10003305,Office Supplies,Labels,Smead File Folder Labels
OFF-AP-10003774,Office Supplies,Appliances,Hoover Coffee Grinder
OFF-PA-10004971,Office Supplies,Paper,Xerox 196
OFF-AR-10002704,Office Supplies,Art,Boston 1900 Electric Pencil Sharpener
OFF-AVE-10004508,Office Supplies,Labels,Avery Round Labels
OFF-CAM-10001761,Office Supplies,Envelopes,Cameo Clasp Envelope
OFF-LA-10004320,Office Supplies,Labels,Avery Legal Exhibit Labels
OFF-LA-10002681,Office Supplies,Labels,Smead Round Labels
OFF-SU-10001554,Office Supplies,Supplies,Acme Trimmer
TEC-AC-10003873,Technology,Accessories,Memorex Mouse
OFF-AR-10003557,Office Supplies,Art,Boston Highlighters
TEC-AC-10000199,Technology,Accessories,Kingston Digital DataTraveler 8GB USB 2.0
OFF-BI-10003417,Office Supplies,Binders,Ibico Hole Reinforcements
OFF-BI-10001982,Office Supplies,Binders,Wilson Jones Custom Binder Spines & Labels
OFF-OIC-10004255,Office Supplies,Fasteners,OIC Paper Clips
OFF-FA-10004626,Office Supplies,Fasteners,Advantus Staples
OFF-HAR-10000242,Office Supplies,Labels,Harbour Creations Round Labels
OFF-SU-10004091,Office Supplies,Supplies,Elite Ruler
FUR-TA-10004504,Furniture,Tables,Lesro Computer Table
OFF-BI-10001815,Office Supplies,Binders,Acco Index Tab
FUR-FU-10001025,Furniture,Furnishings,Eldon Imàge Series Desk Accessories
OFF-IBI-10002486,Office Supplies,Binders,Ibico Index Tab
OFF-PA-10002552,Office Supplies,Paper,Xerox 1958
OFF-AR-10003811,Office Supplies,Art,Newell 327
OFF-ELI-10000541,Office Supplies,Supplies,Elite Trimmer
OFF-LA-10001230,Office Supplies,Labels,Smead Removable Labels
OFF-LA-10003190,Office Supplies,Labels,Avery 474
OFF-FA-10000254,Office Supplies,Fasteners,Sterling Rubber Bands by Alliance
OFF-BI-10001613,Office Supplies,Binders,Ibico Hole Reinforcements
OFF-LA-10000779,Office Supplies,Labels,Hon Removable Labels
OFF-LA-10001404,Office Supplies,Labels,Avery 517
OFF-FA-10000304,Office Supplies,Fasteners,Advantus Push Pins
OFF-LA-10002195,Office Supplies,Labels,Avery 481
OFF-PA-10001846,Office Supplies,Paper,Xerox 1899
OFF-ELD-10001882,Office Supplies,Storage,Eldon Box
OFF-ST-10003231,Office Supplies,Storage,Fellowes Box
OFF-LA-10001924,Office Supplies,Labels,Hon Round Labels
OFF-LA-10001719,Office Supplies,Labels,Avery Color Coded Labels
OFF-AR-10001130,Office Supplies,Art,Quartet Alpha White Chalk
OFF-PA-10003729,Office Supplies,Paper,Xerox 1998
OFF-FA-10000840,Office Supplies,Fasteners,OIC Thumb-Tacks
OFF-LA-10002490,Office Supplies,Labels,Hon Round Labels
FUR-TA-10001744,Furniture,Tables,Lesro Coffee Table
OFF-BI-10000546,Office Supplies,Binders,Avery Durable Binders
OFF-EN-10002003,Office Supplies,Envelopes,Ames Clasp Envelope
TEC-AC-10004904,Technology,Accessories,Enermax Mouse
OFF-PA-10003363,Office Supplies,Paper,Xerox 204
OFF-BI-10003355,Office Supplies,Binders,Cardinal Holdit Business Card Pockets
FUR-DEF-10002814,Furniture,Furnishings,Deflect-O Stacking Tray
OFF-FA-10000122,Office Supplies,Fasteners,Advantus Paper Clips
OFF-BI-10002712,Office Supplies,Binders,Acco Hole Reinforcements
OFF-BI-10004562,Office Supplies,Binders,Acco Binder
TEC-AC-10002558,Technology,Accessories,Imation Swivel Flash Drive USB flash drive - 8 GB
OFF-STO-10004495,Office Supplies,Fasteners,Stockwell Thumb Tacks
FUR-TEN-10003900,Furniture,Furnishings,Tenex Stacking Tray
OFF-LA-10003982,Office Supplies,Labels,Avery Round Labels
FUR-FU-10000640,Furniture,Furnishings,Tenex Light Bulb
OFF-BI-10002301,Office Supplies,Binders,Cardinal Hole Reinforcements
OFF-BI-10002524,Office Supplies,Binders,Cardinal Index Tab
OFF-EN-10003018,Office Supplies,Envelopes,GlobeWeis Clasp Envelope
OFF-AR-10003190,Office Supplies,Art,Newell 32
TEC-AC-10000521,Technology,Accessories,Verbatim Slim CD and DVD Storage Cases
OFF-BI-10004187,Office Supplies,Binders,Staples
OFF-ST-10000321,Office Supplies,Storage,Akro Stacking Bins
OFF-BI-10000201,Office Supplies,Binders,Avery Triangle Shaped Sheet Lifters
OFF-FA-10000474,Office Supplies,Fasteners,OIC Staples
OFF-PA-10004918,Office Supplies,Paper,SanDisk Message Books
OFF-SU-10004768,Office Supplies,Supplies,Acme Kleencut Forged Steel Scissors
OFF-ACM-10000277,Office Supplies,Supplies,Acme Ruler
OFF-BI-10004980,Office Supplies,Binders,Cardinal Hole Reinforcements
OFF-EN-10004181,Office Supplies,Envelopes,GlobeWeis Business Envelopes
OFF-BI-10002764,Office Supplies,Binders,Recycled Pressboard Report Cover with Reinforced Top Hinge
OFF-GLO-10004223,Office Supplies,Envelopes,GlobeWeis Clasp Envelope
OFF-FA-10002061,Office Supplies,Fasteners,Accos Paper Clips
OFF-SU-10002414,Office Supplies,Supplies,Stiletto Ruler
OFF-PA-10003205,Office Supplies,Paper,Wirebound Message Forms
OFF-OIC-10001921,Office Supplies,Fasteners,OIC Clamps
OFF-PA-10003405,Office Supplies,Paper,Green Bar Memo Slips
OFF-ST-10001057,Office Supplies,Storage,Eldon Folders
OFF-BI-10003768,Office Supplies,Binders,Acco Index Tab
FUR-FU-10002191,Furniture,Furnishings,G.E. Halogen Desk Lamp Bulbs
OFF-AR-10004974,Office Supplies,Art,Newell 342
OFF-SU-10002301,Office Supplies,Supplies,Serrated Blade or Curved Handle Hand Letter Openers
OFF-SU-10004290,Office Supplies,Supplies,"Acme Design Line 8"" Stainless Steel Bent Scissors w/Champagne Handles"
OFF-NOV-10000808,Office Supplies,Labels,Novimex Round Labels
FUR-FU-10004427,Furniture,Furnishings,Advantus Stacking Tray
OFF-BI-10000925,Office Supplies,Binders,Avery Hole Reinforcements
OFF-PA-10000807,Office Supplies,Paper,"TOPS ""Important Message"" Pads"
OFF-CAM-10003511,Office Supplies,Envelopes,Cameo Clasp Envelope
OFF-FA-10001710,Office Supplies,Fasteners,Advantus Rubber Bands
OFF-AP-10002287,Office Supplies,Appliances,Eureka Sanitaire  Multi-Pro Heavy-Duty Upright
TEC-SHA-10004658,Technology,Copiers,Sharp Ink
OFF-GRE-10003213,Office Supplies,Paper,Green Bar Memo Slips
TEC-AC-10004715,Technology,Accessories,Memorex Mouse
FUR-FU-10002834,Furniture,Furnishings,Deflect-O Light Bulb
OFF-AR-10000940,Office Supplies,Art,Newell 343
TEC-MA-10000752,Technology,Machines,Texas Instrument TI-15 Fraction Calculator
OFF-CAR-10001358,Office Supplies,Binders,Cardinal Hole Reinforcements
OFF-EN-10000127,Office Supplies,Envelopes,Ames Clasp Envelope
OFF-SU-10004762,Office Supplies,Supplies,Fiskars Ruler
OFF-FA-10000992,Office Supplies,Fasteners,Acco Clips to Go Binder Clips
OFF-BI-10003669,Office Supplies,Binders,3M Organizer Strips
OFF-PA-10004948,Office Supplies,Paper,Xerox 190
OFF-PA-10003177,Office Supplies,Paper,Xerox 1999
OFF-PA-10000232,Office Supplies,Paper,Xerox 1975
FUR-FU-10002240,Furniture,Furnishings,Nu-Dell EZ-Mount Plastic Wall Frames
OFF-AME-10003089,Office Supplies,Envelopes,Ames Clasp Envelope
OFF-PA-10003835,Office Supplies,Paper,SanDisk Memo Slips
TEC-AC-10000766,Technology,Accessories,SanDisk Mouse
OFF-SU-10003866,Office Supplies,Supplies,Acme Ruler
FUR-FU-10004415,Furniture,Furnishings,Stacking Tray
OFF-LA-10004853,Office Supplies,Labels,Avery 483
OFF-FA-10002835,Office Supplies,Fasteners,OIC Staples
FUR-CH-10001701,Furniture,Chairs,Hon Chairmat
OFF-LA-10002851,Office Supplies,Labels,Hon Legal Exhibit Labels
OFF-EN-10002034,Office Supplies,Envelopes,Ames Peel and Seal
OFF-FA-10002025,Office Supplies,Fasteners,Stockwell Clamps
OFF-BI-10004486,Office Supplies,Binders,Wilson Jones 3-Hole Punch
OFF-PA-10004675,Office Supplies,Paper,Telephone Message Books with Fax/Mobile Section
OFF-HAR-10002914,Office Supplies,Labels,Harbour Creations Shipping Labels
OFF-ST-10001372,Office Supplies,Storage,Eldon Box
OFF-BI-10001167,Office Supplies,Binders,Wilson Jones Binder
OFF-LA-10002635,Office Supplies,Labels,Avery Round Labels
OFF-AR-10001547,Office Supplies,Art,Newell 311
OFF-AR-10003481,Office Supplies,Art,Newell 348
OFF-BI-10000707,Office Supplies,Binders,Wilson Jones 3-Hole Punch
OFF-PA-10003349,Office Supplies,Paper,Xerox 1957
OFF-AVE-10001367,Office Supplies,Labels,Avery Legal Exhibit Labels
OFF-PA-10003715,Office Supplies,Paper,Xerox Computer Printout Paper
OFF-AR-10004173,Office Supplies,Art,Stanley Pens
OFF-SU-10001185,Office Supplies,Supplies,Acme Letter Opener
TEC-AC-10004102,Technology,Accessories,SanDisk Mouse
OFF-EN-10003979,Office Supplies,Envelopes,Kraft Clasp Envelope
OFF-EN-10002524,Office Supplies,Envelopes,Cameo Peel and Seal
OFF-LA-10000345,Office Supplies,Labels,Avery File Folder Labels
OFF-LA-10000473,Office Supplies,Labels,Harbour Creations File Folder Labels
OFF-FA-10003816,Office Supplies,Fasteners,Stockwell Staples
OFF-PA-10000605,Office Supplies,Paper,Xerox 1950
OFF-BI-10001525,Office Supplies,Binders,Acco Pressboard Covers with Storage Hooks
FUR-FU-10002963,Furniture,Furnishings,Master Caster Door Stop
OFF-PA-10000809,Office Supplies,Paper,Xerox 206
OFF-FA-10002780,Office Supplies,Fasteners,Staples
OFF-PA-10003389,Office Supplies,Paper,Enermax Message Books
OFF-SU-10000697,Office Supplies,Supplies,Kleencut Ruler
FUR-FU-10000507,Furniture,Furnishings,Tenex Photo Frame
OFF-FA-10001631,Office Supplies,Fasteners,Advantus Staples
OFF-FA-10001963,Office Supplies,Fasteners,Advantus Thumb Tacks
OFF-BI-10000287,Office Supplies,Binders,Wilson Jones Index Tab
OFF-AR-10002517,Office Supplies,Art,BIC Highlighters
OFF-SME-10002870,Office Supplies,Labels,Smead Legal Exhibit Labels
OFF-HAR-10000681,Office Supplies,Labels,Harbour Creations Legal Exhibit Labels
OFF-HON-10001132,Office Supplies,Labels,Hon Round Labels
OFF-AR-10002221,Office Supplies,Art,12 Colored Short Pencils
FUR-FU-10001393,Furniture,Furnishings,Deflect-O Stacking Tray
OFF-EN-10003733,Office Supplies,Envelopes,Cameo Interoffice Envelope
OFF-AR-10004752,Office Supplies,Art,Blackstonian Pencils
OFF-AR-10001545,Office Supplies,Art,Newell 326
OFF-SME-10001278,Office Supplies,Labels,Smead Shipping Labels
OFF-AR-10002060,Office Supplies,Art,Stanley Pens
OFF-AR-10003157,Office Supplies,Art,Sanford Highlighters
OFF-LA-10003223,Office Supplies,Labels,Avery 508
OFF-AR-10003772,Office Supplies,Art,Boston 16750 Black Compact Battery Pencil Sharpener
TEC-MA-10004086,Technology,Machines,Plantronics Single Ear Headset
OFF-LA-10000452,Office Supplies,Labels,Avery 488
OFF-FA-10000459,Office Supplies,Fasteners,OIC Paper Clips
OFF-PA-10002333,Office Supplies,Paper,Universal Ultra Bright White Copier/Laser Paper
OFF-BRE-10004872,Office Supplies,Appliances,Breville Blender
OFF-BI-10001150,Office Supplies,Binders,Avery Index Tab
TEC-AC-10001951,Technology,Accessories,Enermax Memory Card
OFF-AR-10001227,Office Supplies,Art,Newell 338
OFF-EN-10003484,Office Supplies,Envelopes,Ames Clasp Envelope
OFF-BI-10002775,Office Supplies,Binders,Ibico Hole Reinforcements
OFF-BI-10001132,Office Supplies,Binders,Acco PRESSTEX Data Binder with Storage Hooks
OFF-AR-10001026,Office Supplies,Art,Sanford Uni-Blazer View Highlighters
TEC-PH-10004875,Technology,Phones,PNY Rapid USB Car Charger - Black
OFF-PA-10000246,Office Supplies,Paper,Riverleaf Stik-Withit Designer Note Cubes
OFF-OIC-10000988,Office Supplies,Fasteners,OIC Rubber Bands
OFF-BI-10004182,Office Supplies,Binders,Economy Binders
OFF-SME-10003134,Office Supplies,Storage,Smead Box
OFF-AR-10004165,Office Supplies,Art,Binney & Smith inkTank Erasable Pocket Highlighter
TEC-AC-10001445,Technology,Accessories,Imation USB 2.0 Swivel Flash Drive USB flash drive - 4 GB - Pink
OFF-PA-10000556,Office Supplies,Paper,Xerox 208
OFF-GLO-10000813,Office Supplies,Envelopes,GlobeWeis Mailers
OFF-EN-10000094,Office Supplies,Envelopes,Jiffy Interoffice Envelope
FUR-FU-10001254,Furniture,Furnishings,Deflect-O Light Bulb
OFF-AR-10004817,Office Supplies,Art,Colorific Watercolor Pencils
OFF-FA-10000936,Office Supplies,Fasteners,Acco Hot Clips Clips to Go
FUR-FU-10003274,Furniture,Furnishings,Regeneration Desk Collection
OFF-OIC-10004253,Office Supplies,Fasteners,OIC Rubber Bands
OFF-HON-10003230,Office Supplies,Labels,Hon Removable Labels
OFF-NOV-10001238,Office Supplies,Labels,Novimex Shipping Labels
OFF-LA-10001185,Office Supplies,Labels,Harbour Creations Round Labels
OFF-LA-10002337,Office Supplies,Labels,Smead Shipping Labels
OFF-FA-10002815,Office Supplies,Fasteners,Staples
OFF-HAR-10001948,Office Supplies,Labels,Harbour Creations File Folder Labels
OFF-EN-10004074,Office Supplies,Envelopes,GlobeWeis Clasp Envelope
OFF-LA-10004055,Office Supplies,Labels,Color-Coded Legal Exhibit Labels
OFF-XER-10003600,Office Supplies,Paper,Xerox Memo Slips
OFF-FA-10004494,Office Supplies,Fasteners,Stockwell Push Pins
OFF-AR-10002415,Office Supplies,Art,Stanley Markers
OFF-BI-10000172,Office Supplies,Binders,Ibico Index Tab
OFF-AR-10001868,Office Supplies,Art,Prang Dustless Chalk Sticks
OFF-BI-10001279,Office Supplies,Binders,Wilson Jones 3-Hole Punch
OFF-BI-10000719,Office Supplies,Binders,Wilson Jones Hole Reinforcements
OFF-EN-10000726,Office Supplies,Envelopes,Jiffy Clasp Envelope
OFF-FA-10002983,Office Supplies,Fasteners,Advantus SlideClip Paper Clips
OFF-AR-10000122,Office Supplies,Art,Newell 314
OFF-AR-10004269,Office Supplies,Art,Newell 31
OFF-ST-10002618,Office Supplies,Storage,Tenex Folders
OFF-BI-10003314,Office Supplies,Binders,Tuff Stuff Recycled Round Ring Binders
OFF-FA-10002632,Office Supplies,Fasteners,Accos Staples
OFF-FA-10001272,Office Supplies,Fasteners,OIC Thumb Tacks
OFF-ST-10000701,Office Supplies,Storage,Rogers Shelving
OFF-LA-10001865,Office Supplies,Labels,Avery Round Labels
OFF-SU-10001935,Office Supplies,Supplies,Staples
OFF-STO-10000683,Office Supplies,Fasteners,Stockwell Thumb Tacks
OFF-HON-10004800,Office Supplies,Labels,Hon Shipping Labels
OFF-PA-10001409,Office Supplies,Paper,Green Bar Memo Slips
OFF-BI-10002049,Office Supplies,Binders,UniKeep View Case Binders
OFF-ADV-10000213,Office Supplies,Fasteners,Advantus Rubber Bands
OFF-FIS-10001399,Office Supplies,Supplies,Fiskars Ruler
OFF-LA-10001582,Office Supplies,Labels,Smead Round Labels
OFF-LA-10000784,Office Supplies,Labels,Harbour Creations File Folder Labels
OFF-BI-10002194,Office Supplies,Binders,Cardinal Hold-It CD Pocket
OFF-JIF-10004213,Office Supplies,Envelopes,Jiffy Business Envelopes
OFF-LA-10000845,Office Supplies,Labels,Novimex Round Labels
OFF-AR-10000493,Office Supplies,Art,Boston Pencil Sharpener
OFF-FA-10000487,Office Supplies,Fasteners,Stockwell Paper Clips
OFF-FA-10003429,Office Supplies,Fasteners,Accos Paper Clips
OFF-HON-10003010,Office Supplies,Labels,Hon Round Labels
OFF-SAN-10000335,Office Supplies,Paper,SanDisk Parchment Paper
OFF-CAM-10001690,Office Supplies,Envelopes,Cameo Clasp Envelope
OFF-LA-10000713,Office Supplies,Labels,Novimex Removable Labels
FUR-TA-10003371,Furniture,Tables,Chromcraft Training Table
OFF-LA-10000553,Office Supplies,Labels,Hon Round Labels
OFF-FA-10003332,Office Supplies,Fasteners,Accos Push Pins
OFF-AP-10001634,Office Supplies,Appliances,Hoover Commercial Lightweight Upright Vacuum
OFF-LA-10000476,Office Supplies,Labels,Avery 05222 Permanent Self-Adhesive File Folder Labels for Typewriters
OFF-AR-10000925,Office Supplies,Art,Stanley Canvas
OFF-PA-10003527,Office Supplies,Paper,Xerox Memo Slips
OFF-ST-10001799,Office Supplies,Storage,Fellowes Box
OFF-BI-10004094,Office Supplies,Binders,GBC Standard Plastic Binding Systems Combs
OFF-PA-10003739,Office Supplies,Paper,Xerox 1969
OFF-BI-10004305,Office Supplies,Binders,Cardinal Hole Reinforcements
OFF-PA-10003953,Office Supplies,Paper,Xerox 218
OFF-ACC-10003925,Office Supplies,Fasteners,Accos Staples
OFF-EN-10003533,Office Supplies,Envelopes,Cameo Peel and Seal
OFF-AR-10002375,Office Supplies,Art,Newell 351
OFF-BI-10002393,Office Supplies,Binders,Binder Posts
OFF-XER-10002906,Office Supplies,Paper,Xerox Memo Slips
OFF-LA-10001469,Office Supplies,Labels,Smead File Folder Labels
OFF-BI-10004465,Office Supplies,Binders,Avery Durable Slant Ring Binders
OFF-SAN-10002020,Office Supplies,Paper,SanDisk Parchment Paper
OFF-EN-10003398,Office Supplies,Envelopes,Jiffy Peel and Seal
OFF-LA-10002744,Office Supplies,Labels,Novimex File Folder Labels
OFF-FA-10004156,Office Supplies,Fasteners,Stockwell Push Pins
OFF-FA-10001111,Office Supplies,Fasteners,Advantus Rubber Bands
OFF-ST-10002318,Office Supplies,Storage,Smead Box
OFF-FA-10004838,Office Supplies,Fasteners,Super Bands
OFF-AR-10002578,Office Supplies,Art,Newell 335
OFF-ELI-10001507,Office Supplies,Supplies,Elite Scissors
OFF-ACC-10004782,Office Supplies,Fasteners,Accos Staples
OFF-LA-10003848,Office Supplies,Labels,Avery File Folder Labels
OFF-PA-10004947,Office Supplies,Paper,Staples
OFF-IBI-10000779,Office Supplies,Binders,Ibico Index Tab
OFF-LA-10000155,Office Supplies,Labels,Novimex Round Labels
TEC-AC-10004696,Technology,Accessories,Logitech Mouse
OFF-FA-10001039,Office Supplies,Fasteners,Stockwell Clamps
OFF-AR-10004930,Office Supplies,Art,Turquoise Lead Holder with Pocket Clip
OFF-EAT-10004307,Office Supplies,Paper,Eaton Memo Slips
FUR-FU-10000546,Furniture,Furnishings,Eldon Door Stop
OFF-PA-10003052,Office Supplies,Paper,Green Bar Message Books
OFF-LA-10004108,Office Supplies,Labels,Avery Round Labels
OFF-PA-10003543,Office Supplies,Paper,Xerox 1985
OFF-EN-10003416,Office Supplies,Envelopes,Jiffy Peel and Seal
TEC-AC-10003704,Technology,Accessories,Memorex Flash Drive
OFF-AR-10001166,Office Supplies,Art,Staples
OFF-FA-10002676,Office Supplies,Fasteners,Colored Push Pins
OFF-BI-10001759,Office Supplies,Binders,Acco Pressboard Covers with Storage Hooks
OFF-AME-10002923,Office Supplies,Envelopes,Ames Clasp Envelope
OFF-LA-10003057,Office Supplies,Labels,Harbour Creations Legal Exhibit Labels
OFF-PA-10001622,Office Supplies,Paper,Ampad Poly Cover Wirebound Steno Book
OFF-SU-10002325,Office Supplies,Supplies,Stiletto Trimmer
OFF-FA-10002717,Office Supplies,Fasteners,OIC Rubber Bands
OFF-PA-10001274,Office Supplies,Paper,Loose Memo Sheets
OFF-LA-10000560,Office Supplies,Labels,Smead File Folder Labels
OFF-HON-10001723,Office Supplies,Labels,Hon Color Coded Labels
OFF-LA-10003487,Office Supplies,Labels,Smead Shipping Labels
OFF-AR-10001177,Office Supplies,Art,Newell 349
OFF-AVE-10000802,Office Supplies,Labels,Avery Removable Labels
OFF-LA-10001444,Office Supplies,Labels,Avery Round Labels
OFF-LA-10001229,Office Supplies,Labels,Hon Removable Labels
OFF-SU-10002750,Office Supplies,Supplies,Kleencut Box Cutter
OFF-AR-10002804,Office Supplies,Art,Faber Castell Col-Erase Pencils
OFF-BI-10002954,Office Supplies,Binders,Newell 3-Hole Punched Plastic Slotted Magazine Holders for Binders
OFF-LA-10004559,Office Supplies,Labels,Avery 49
OFF-BI-10004022,Office Supplies,Binders,Acco Suede Grain Vinyl Round Ring Binder
OFF-JIF-10000843,Office Supplies,Envelopes,Jiffy Manila Envelope
OFF-BI-10001843,Office Supplies,Binders,Wilson Jones Index Tab
OFF-BI-10000848,Office Supplies,Binders,Angle-D Ring Binders
OFF-SU-10000432,Office Supplies,Supplies,Acco Side-Punched Conventional Columnar Pads
OFF-LA-10004409,Office Supplies,Labels,Avery 492
OFF-STO-10004971,Office Supplies,Fasteners,Stockwell Paper Clips
OFF-AR-10003602,Office Supplies,Art,Quartet Omega Colored Chalk
OFF-BI-10002483,Office Supplies,Binders,Cardinal Hole Reinforcements
OFF-EN-10004309,Office Supplies,Envelopes,GlobeWeis Business Envelopes
OFF-LA-10001317,Office Supplies,Labels,Avery 520
OFF-AP-10000595,Office Supplies,Appliances,Disposable Triple-Filter Dust Bags
OFF-FA-10002701,Office Supplies,Fasteners,Alliance Rubber Bands
OFF-ST-10003489,Office Supplies,Storage,Smead Shelving
OFF-FA-10003485,Office Supplies,Fasteners,Staples
TEC-MA-10003422,Technology,Machines,Panasonic Calculator
OFF-LA-10003290,Office Supplies,Labels,Hon Round Labels
OFF-AR-10004272,Office Supplies,Art,Newell 308
OFF-PA-10004248,Office Supplies,Paper,Xerox 1990
OFF-PA-10004022,Office Supplies,Paper,Hammermill Color Copier Paper (28Lb. and 96 Bright)
OFF-NOV-10003499,Office Supplies,Labels,Novimex Removable Labels
OFF-ADV-10002593,Office Supplies,Fasteners,Advantus Clamps
OFF-AVE-10000543,Office Supplies,Binders,Avery Hole Reinforcements
OFF-ACC-10002853,Office Supplies,Fasteners,Accos Thumb Tacks
OFF-PA-10001691,Office Supplies,Paper,Green Bar Note Cards
OFF-PA-10001204,Office Supplies,Paper,Xerox 1972
OFF-KRA-10002752,Office Supplies,Envelopes,Kraft Clasp Envelope
OFF-LA-10000714,Office Supplies,Labels,Novimex Round Labels
OFF-STO-10002042,Office Supplies,Fasteners,Stockwell Staples
OFF-LA-10001063,Office Supplies,Labels,Novimex Removable Labels
OFF-LA-10000262,Office Supplies,Labels,Avery 494
OFF-XER-10002848,Office Supplies,Paper,Xerox Message Books
TEC-MA-10001411,Technology,Machines,Epson Calculator
OFF-SU-10000706,Office Supplies,Supplies,Fiskars Ruler
OFF-EN-10002240,Office Supplies,Envelopes,GlobeWeis Clasp Envelope
OFF-FA-10003450,Office Supplies,Fasteners,Advantus Paper Clips
OFF-LA-10003663,Office Supplies,Labels,Avery 498
OFF-AVE-10000110,Office Supplies,Labels,Avery Round Labels
TEC-AC-10000487,Technology,Accessories,SanDisk Cruzer 4 GB USB Flash Drive
OFF-FA-10003467,Office Supplies,Fasteners,Alliance Big Bands Rubber Bands
FUR-FU-10003725,Furniture,Furnishings,Advantus Light Bulb
OFF-LA-10002782,Office Supplies,Labels,Hon File Folder Labels
OFF-AR-10001654,Office Supplies,Art,Stanley Highlighters
OFF-LA-10003929,Office Supplies,Labels,Novimex Legal Exhibit Labels
OFF-ST-10000617,Office Supplies,Storage,Woodgrain Magazine Files by Perma
FUR-FU-10001847,Furniture,Furnishings,Eldon Image Series Black Desk Accessories
OFF-EN-10002778,Office Supplies,Envelopes,Ames Clasp Envelope
OFF-BI-10003529,Office Supplies,Binders,Avery Round Ring Poly Binders
OFF-BI-10002609,Office Supplies,Binders,Avery Hidden Tab Dividers for Binding Systems
OFF-ACC-10004364,Office Supplies,Fasteners,Accos Push Pins
OFF-HAR-10001310,Office Supplies,Labels,Harbour Creations File Folder Labels
OFF-SU-10004799,Office Supplies,Supplies,Elite Ruler
OFF-LA-10003821,Office Supplies,Labels,Smead Shipping Labels
OFF-FA-10002988,Office Supplies,Fasteners,Ideal Clamps
OFF-BI-10000605,Office Supplies,Binders,Acco Pressboard Covers with Storage Hooks
OFF-STO-10004496,Office Supplies,Fasteners,Stockwell Push Pins
OFF-BI-10004251,Office Supplies,Binders,Wilson Jones Index Tab
OFF-BI-10002885,Office Supplies,Binders,Avery Hole Reinforcements
OFF-AR-10003896,Office Supplies,Art,Stride Job 150 Highlighters
OFF-HON-10003538,Office Supplies,Labels,Hon File Folder Labels
OFF-PA-10000955,Office Supplies,Paper,Southworth 25% Cotton Granite Paper & Envelopes
OFF-WIL-10001889,Office Supplies,Binders,Wilson Jones Hole Reinforcements
OFF-EAT-10003094,Office Supplies,Paper,Eaton Memo Slips
OFF-STO-10002857,Office Supplies,Fasteners,Stockwell Push Pins
OFF-PA-10000206,Office Supplies,Paper,Green Bar Message Books
OFF-AR-10003856,Office Supplies,Art,Newell 344
OFF-AR-10001571,Office Supplies,Art,Stanley Pens
TEC-AC-10000598,Technology,Accessories,Belkin Flash Drive
OFF-EN-10001823,Office Supplies,Envelopes,Cameo Mailers
OFF-SU-10004317,Office Supplies,Supplies,Kleencut Box Cutter
OFF-AR-10000315,Office Supplies,Art,Dixon Ticonderoga Maple Cedar Pencil
OFF-LA-10001497,Office Supplies,Labels,Smead Round Labels
OFF-BI-10000968,Office Supplies,Binders,Acco Hole Reinforcements
OFF-BI-10000145,Office Supplies,Binders,Zipper Ring Binder Pockets
OFF-AR-10001129,Office Supplies,Art,Stanley Pens
OFF-LA-10004181,Office Supplies,Labels,Novimex File Folder Labels
OFF-PA-10001837,Office Supplies,Paper,Xerox 1976
OFF-STO-10000007,Office Supplies,Fasteners,Stockwell Staples
OFF-ADV-10000425,Office Supplies,Fasteners,Advantus Clamps
OFF-OIC-10003978,Office Supplies,Fasteners,OIC Staples
OFF-EN-10000359,Office Supplies,Envelopes,Ames Clasp Envelope
OFF-AR-10000156,Office Supplies,Art,Binney & Smith Markers
OFF-FA-10000805,Office Supplies,Fasteners,Accos Staples
OFF-FA-10003054,Office Supplies,Fasteners,Stockwell Rubber Bands
OFF-AR-10003183,Office Supplies,Art,Avery Fluorescent Highlighter Four-Color Set
OFF-AR-10003732,Office Supplies,Art,Newell 333
OFF-AVE-10004536,Office Supplies,Labels,Avery Shipping Labels
OFF-ACC-10000375,Office Supplies,Fasteners,Accos Staples
OFF-LA-10003459,Office Supplies,Labels,Avery Removable Labels
FUR-FU-10000206,Furniture,Furnishings,GE General Purpose
OFF-AP-10003236,Office Supplies,Appliances,Hoover Blender
OFF-ST-10003393,Office Supplies,Storage,Smead Box
OFF-LA-10004272,Office Supplies,Labels,Avery 482
FUR-FU-10002107,Furniture,Furnishings,Eldon Pizzaz Desk Accessories
FUR-FU-10003981,Furniture,Furnishings,Eldon Wave Desk Accessories
OFF-LA-10004178,Office Supplies,Labels,Avery 491
TEC-AC-10002380,Technology,Accessories,Sony 8GB Class 10 Micro SDHC R40 Memory Card
OFF-ACM-10004150,Office Supplies,Supplies,Acme Ruler
OFF-PA-10004627,Office Supplies,Paper,Eaton Computer Printout Paper
OFF-LA-10004700,Office Supplies,Labels,Avery Color Coded Labels
OFF-LA-10003388,Office Supplies,Labels,Avery 5
OFF-ST-10003808,Office Supplies,Storage,Eldon Box
OFF-LA-10001215,Office Supplies,Labels,Harbour Creations File Folder Labels
OFF-LA-10000959,Office Supplies,Labels,Harbour Creations Round Labels
OFF-EN-10003845,Office Supplies,Envelopes,Colored Envelopes
OFF-SME-10004754,Office Supplies,Labels,Smead Round Labels
OFF-BI-10001347,Office Supplies,Binders,Cardinal Binder Covers
OFF-PA-10002001,Office Supplies,Paper,Xerox 1984
FUR-TEN-10000325,Furniture,Furnishings,Tenex Light Bulb
OFF-BI-10001819,Office Supplies,Binders,Cardinal Binder
OFF-EN-10001768,Office Supplies,Envelopes,Kraft Clasp Envelope
OFF-NOV-10004671,Office Supplies,Labels,Novimex Removable Labels
OFF-STO-10001839,Office Supplies,Fasteners,Stockwell Rubber Bands
OFF-AR-10003770,Office Supplies,Art,Newell 340
OFF-AR-10004956,Office Supplies,Art,Newell 33
OFF-LA-10002900,Office Supplies,Labels,Harbour Creations File Folder Labels
OFF-BI-10004769,Office Supplies,Binders,Wilson Jones Index Tab
OFF-SU-10003936,Office Supplies,Supplies,Acme Serrated Blade Letter Opener
OFF-AR-10001022,Office Supplies,Art,SANFORD Liquid Accent Tank-Style Highlighters
OFF-AP-10001626,Office Supplies,Appliances,Commercial WindTunnel Clean Air Upright Vacuum
OFF-AR-10001231,Office Supplies,Art,Sanford EarthWrite Recycled Pencils
OFF-AVE-10000585,Office Supplies,Labels,Avery Legal Exhibit Labels
OFF-LA-10004312,Office Supplies,Labels,Hon File Folder Labels
OFF-BI-10003184,Office Supplies,Binders,Avery Index Tab
OFF-FA-10002531,Office Supplies,Fasteners,Advantus Paper Clips
OFF-BI-10002160,Office Supplies,Binders,Acco Hanging Data Binders
OFF-AR-10001919,Office Supplies,Art,OIC #2 Pencils
OFF-FA-10000611,Office Supplies,Fasteners,Binder Clips by OIC
OFF-FA-10003850,Office Supplies,Fasteners,Stockwell Push Pins
OFF-LA-10004774,Office Supplies,Labels,Avery Shipping Labels
OFF-CAM-10001341,Office Supplies,Envelopes,Cameo Business Envelopes
OFF-LA-10004576,Office Supplies,Labels,Harbour Creations File Folder Labels
OFF-FA-10003015,Office Supplies,Fasteners,Accos Staples
OFF-AR-10004582,Office Supplies,Art,BIC Brite Liner Grip Highlighters
OFF-PA-10001752,Office Supplies,Paper,Hammermill CopyPlus Copy Paper (20Lb. and 84 Bright)
OFF-GRE-10003899,Office Supplies,Paper,Green Bar Cards & Envelopes
TEC-PAN-10001593,Technology,Machines,Panasonic Calculator
FUR-RUB-10003411,Furniture,Furnishings,Rubbermaid Stacking Tray
OFF-BI-10002607,Office Supplies,Binders,Ibico Binder Covers
OFF-LA-10004008,Office Supplies,Labels,Avery 507
OFF-SU-10002522,Office Supplies,Supplies,Acme Kleen Earth Office Shears
OFF-OIC-10004810,Office Supplies,Fasteners,OIC Paper Clips
OFF-FA-10000740,Office Supplies,Fasteners,Accos Staples
OFF-PA-10004433,Office Supplies,Paper,Green Bar Parchment Paper
OFF-OIC-10004999,Office Supplies,Fasteners,OIC Push Pins
OFF-ADV-10004274,Office Supplies,Fasteners,Advantus Thumb Tacks
OFF-AR-10002153,Office Supplies,Art,Sanford Pens
OFF-LA-10004234,Office Supplies,Labels,Smead File Folder Labels
OFF-FA-10003472,Office Supplies,Fasteners,Bagged Rubber Bands
OFF-ST-10004160,Office Supplies,Storage,Tenex Trays
OFF-PA-10004239,Office Supplies,Paper,Xerox 1953
OFF-AME-10003167,Office Supplies,Envelopes,Ames Clasp Envelope
OFF-FA-10001229,Office Supplies,Fasteners,Staples
OFF-AR-10002419,Office Supplies,Art,Sanford Markers
OFF-BI-10004193,Office Supplies,Binders,Avery Index Tab
OFF-AR-10000205,Office Supplies,Art,BIC Canvas
OFF-AR-10003251,Office Supplies,Art,Prang Drawing Pencil Set
OFF-EN-10001535,Office Supplies,Envelopes,Grip Seal Envelopes
OFF-BI-10004967,Office Supplies,Binders,Round Ring Binders
OFF-LA-10000321,Office Supplies,Labels,Novimex Color Coded Labels
OFF-LA-10003231,Office Supplies,Labels,Smead Round Labels
OFF-BI-10002813,Office Supplies,Binders,Avery Reinforcements for Hole-Punch Pages
OFF-AVE-10004732,Office Supplies,Labels,Avery Round Labels
OFF-FA-10001135,Office Supplies,Fasteners,Brites Rubber Bands
OFF-SME-10004323,Office Supplies,Labels,Smead Legal Exhibit Labels
OFF-AR-10001107,Office Supplies,Art,BIC Highlighters
OFF-LA-10001417,Office Supplies,Labels,Hon File Folder Labels
OFF-LA-10003714,Office Supplies,Labels,Avery 510
TEC-AC-10001748,Technology,Accessories,SanDisk Flash Drive
OFF-PA-10000308,Office Supplies,Paper,Xerox 1901
TEC-AC-10003709,Technology,Accessories,Maxell 4.7GB DVD-R 5/Pack
TEC-SAN-10004999,Technology,Accessories,SanDisk Flash Drive
OFF-PA-10004024,Office Supplies,Paper,Enermax Memo Slips
TEC-MA-10004857,Technology,Machines,Konica Calculator
OFF-LA-10000685,Office Supplies,Labels,Avery Shipping Labels
OFF-BI-10003985,Office Supplies,Binders,Cardinal Index Tab
OFF-FA-10004269,Office Supplies,Fasteners,Accos Staples
OFF-BI-10003094,Office Supplies,Binders,Self-Adhesive Ring Binder Labels
OFF-ELI-10000797,Office Supplies,Supplies,Elite Ruler
OFF-SU-10004932,Office Supplies,Supplies,Stiletto Ruler
OFF-AVE-10001079,Office Supplies,Labels,Avery File Folder Labels
OFF-GLO-10004160,Office Supplies,Envelopes,GlobeWeis Business Envelopes
OFF-HAR-10001855,Office Supplies,Labels,Harbour Creations Round Labels
OFF-AR-10001573,Office Supplies,Art,American Pencil
OFF-KLE-10001381,Office Supplies,Supplies,Kleencut Scissors
OFF-EN-10004801,Office Supplies,Envelopes,Ames Clasp Envelope
OFF-LA-10002368,Office Supplies,Labels,Avery 479
OFF-SME-10001800,Office Supplies,Labels,Smead Shipping Labels
OFF-FA-10002444,Office Supplies,Fasteners,Stockwell Clamps
OFF-BI-10004656,Office Supplies,Binders,Peel & Stick Add-On Corner Pockets
OFF-AVE-10000418,Office Supplies,Labels,Avery Color Coded Labels
OFF-AR-10004027,Office Supplies,Art,Binney & Smith inkTank Erasable Desk Highlighter
OFF-SU-10001851,Office Supplies,Supplies,Stiletto Ruler
OFF-PA-10000141,Office Supplies,Paper,Ampad Evidence Wirebond Steno Books
OFF-SAN-10004618,Office Supplies,Paper,SanDisk Memo Slips
TEC-PH-10003655,Technology,Phones,Sannysis Cute Owl Design Soft Skin Case Cover for Samsung Galaxy S4
OFF-PA-10003919,Office Supplies,Paper,Xerox 1989
OFF-FA-10004076,Office Supplies,Fasteners,Translucent Push Pins by OIC
OFF-AR-10000896,Office Supplies,Art,Newell 329
OFF-BI-10001546,Office Supplies,Binders,Acco Index Tab
OFF-BI-10004876,Office Supplies,Binders,Wilson Jones Suede Grain Vinyl Binders
OFF-BI-10000831,Office Supplies,Binders,Storex Flexible Poly Binders with Double Pockets
OFF-JIF-10004777,Office Supplies,Envelopes,Jiffy Clasp Envelope
OFF-BI-10004442,Office Supplies,Binders,Wilson Jones Binder
OFF-EN-10003272,Office Supplies,Envelopes,Jiffy Clasp Envelope
OFF-JIF-10000704,Office Supplies,Envelopes,Jiffy Clasp Envelope
OFF-SME-10001852,Office Supplies,Labels,Smead Removable Labels
OFF-AME-10002697,Office Supplies,Envelopes,Ames Business Envelopes
OFF-FA-10002708,Office Supplies,Fasteners,Stockwell Staples
OFF-OIC-10004622,Office Supplies,Fasteners,OIC Thumb Tacks
OFF-BI-10002012,Office Supplies,Binders,Wilson Jones Easy Flow II Sheet Lifters
OFF-AR-10000462,Office Supplies,Art,Sanford Pocket Accent Highlighters
OFF-JIF-10003115,Office Supplies,Envelopes,Jiffy Interoffice Envelope
OFF-FA-10004775,Office Supplies,Fasteners,Accos Staples
OFF-BI-10002005,Office Supplies,Binders,Acco Index Tab
OFF-EN-10001137,Office Supplies,Envelopes,#10 Gummed Flap White Envelopes
OFF-PA-10000859,Office Supplies,Paper,Unpadded Memo Slips
OFF-ACC-10003984,Office Supplies,Fasteners,Accos Paper Clips
OFF-SU-10001412,Office Supplies,Supplies,Fiskars Scissors
OFF-LA-10003898,Office Supplies,Labels,Hon Removable Labels
OFF-PA-10003033,Office Supplies,Paper,Enermax Parchment Paper
OFF-BI-10002975,Office Supplies,Binders,Wilson Jones Index Tab
OFF-LA-10001538,Office Supplies,Labels,Hon File Folder Labels
OFF-AR-10000125,Office Supplies,Art,Boston Pens
OFF-AR-10001972,Office Supplies,Art,Newell 323
OFF-AP-10002906,Office Supplies,Appliances,Hoover Replacement Belt for Commercial Guardsman Heavy-Duty Upright Vacuum
FUR-FU-10003026,Furniture,Furnishings,Eldon Regeneration Recycled Desk Accessories
OFF-FA-10001754,Office Supplies,Fasteners,Stockwell Gold Paper Clips
OFF-LA-10002389,Office Supplies,Labels,Smead Legal Exhibit Labels
OFF-AR-10004707,Office Supplies,Art,Staples
OFF-FA-10003059,Office Supplies,Fasteners,Assorted Color Push Pins
OFF-AR-10003986,Office Supplies,Art,Avery Hi-Liter Pen Style Six-Color Fluorescent Set
OFF-FA-10004401,Office Supplies,Fasteners,OIC Staples
OFF-FA-10003542,Office Supplies,Fasteners,Stockwell Staples
OFF-EN-10001715,Office Supplies,Envelopes,Ames Clasp Envelope
OFF-NOV-10000721,Office Supplies,Labels,Novimex File Folder Labels
OFF-BOS-10001753,Office Supplies,Art,Boston Highlighters
OFF-BI-10000494,Office Supplies,Binders,Acco Economy Flexible Poly Round Ring Binder
OFF-ENE-10003066,Office Supplies,Paper,Enermax Memo Slips
OFF-BI-10000631,Office Supplies,Binders,Wilson Jones 3-Hole Punch
OFF-FA-10004377,Office Supplies,Fasteners,Stockwell Thumb Tacks
OFF-AR-10002833,Office Supplies,Art,Newell 322
OFF-LA-10003155,Office Supplies,Labels,Novimex Round Labels
OFF-FA-10000490,Office Supplies,Fasteners,OIC Binder Clips
OFF-PA-10002193,Office Supplies,Paper,Xerox Memo Slips
OFF-AR-10002811,Office Supplies,Art,Stanley Pens
OFF-LA-10000495,Office Supplies,Labels,Hon Round Labels
OFF-SU-10003780,Office Supplies,Supplies,Elite Ruler
TEC-AC-10003433,Technology,Accessories,Maxell 4.7GB DVD+R 5/Pack
OFF-LA-10004714,Office Supplies,Labels,Novimex File Folder Labels
OFF-SME-10003746,Office Supplies,Labels,Smead Legal Exhibit Labels
OFF-LA-10001202,Office Supplies,Labels,Avery Legal Exhibit Labels
OFF-BI-10001284,Office Supplies,Binders,Ibico Hole Reinforcements
OFF-NOV-10003964,Office Supplies,Labels,Novimex File Folder Labels
OFF-LA-10001092,Office Supplies,Labels,Harbour Creations Removable Labels
OFF-XER-10001429,Office Supplies,Paper,Xerox Parchment Paper
OFF-FA-10003954,Office Supplies,Fasteners,Stockwell Rubber Bands
OFF-HAR-10000414,Office Supplies,Labels,Harbour Creations Round Labels
OFF-LA-10004543,Office Supplies,Labels,Novimex Shipping Labels
OFF-BI-10000724,Office Supplies,Binders,Avery Hole Reinforcements
OFF-SME-10000675,Office Supplies,Labels,Smead Round Labels
OFF-AR-10004652,Office Supplies,Art,Sanford Highlighters
OFF-PA-10000601,Office Supplies,Paper,Eaton Parchment Paper
OFF-BI-10003323,Office Supplies,Binders,Cardinal Hole Reinforcements
OFF-AR-10003723,Office Supplies,Art,Avery Hi-Liter Fluorescent Desk Style Markers
OFF-ENE-10002038,Office Supplies,Paper,Enermax Message Books
OFF-LA-10002473,Office Supplies,Labels,Avery 484
OFF-PA-10002258,Office Supplies,Paper,Green Bar Message Books
OFF-AR-10003958,Office Supplies,Art,Newell 337
OFF-ACC-10004278,Office Supplies,Fasteners,Accos Paper Clips
OFF-LA-10004462,Office Supplies,Labels,Smead Shipping Labels
OFF-BI-10001135,Office Supplies,Binders,Avery Hole Reinforcements
OFF-AR-10000369,Office Supplies,Art,Design Ebony Sketching Pencil
OFF-LA-10001287,Office Supplies,Labels,Harbour Creations Removable Labels
OFF-EN-10003604,Office Supplies,Envelopes,Jiffy Clasp Envelope
OFF-PA-10001448,Office Supplies,Paper,Xerox Note Cards
OFF-LA-10000973,Office Supplies,Labels,Avery 502
OFF-LA-10001256,Office Supplies,Labels,Novimex Round Labels
OFF-AR-10003477,Office Supplies,Art,4009 Highlighters
OFF-BI-10000397,Office Supplies,Binders,Wilson Jones Hole Reinforcements
OFF-SME-10000258,Office Supplies,Labels,Smead Removable Labels
OFF-BI-10000960,Office Supplies,Binders,Wilson Jones Hole Reinforcements
OFF-LA-10002688,Office Supplies,Labels,Hon File Folder Labels
TEC-AC-10004127,Technology,Accessories,SanDisk Cruzer 8 GB USB Flash Drive
OFF-SU-10003002,Office Supplies,Supplies,Letter Slitter
OFF-BI-10003188,Office Supplies,Binders,Wilson Jones Binder Covers
OFF-ADV-10003196,Office Supplies,Fasteners,Advantus Staples
OFF-STI-10003510,Office Supplies,Supplies,Stiletto Trimmer
OFF-EN-10004479,Office Supplies,Envelopes,Ames Clasp Envelope
OFF-AR-10004559,Office Supplies,Art,Stanley Pencil Sharpener
OFF-AR-10004746,Office Supplies,Art,Binney & Smith Highlighters
OFF-LA-10001228,Office Supplies,Labels,Hon File Folder Labels
OFF-FA-10002831,Office Supplies,Fasteners,OIC Staples
OFF-STO-10000876,Office Supplies,Fasteners,Stockwell Push Pins
OFF-FA-10002992,Office Supplies,Fasteners,Advantus Clamps
OFF-SU-10001212,Office Supplies,Supplies,Kleencut Forged Office Shears by Acme United Corporation
OFF-AP-10004655,Office Supplies,Appliances,"Holmes Visible Mist Ultrasonic Humidifier with 2.3-Gallon Output per Day, Replacement Filter"
OFF-ENE-10004866,Office Supplies,Paper,"Enermax Parchment Paper, 8.5 x 11"
OFF-BI-10000390,Office Supplies,Binders,"Cardinal Index Tab, Clear"
OFF-SME-10000950,Office Supplies,Labels,"Smead Color Coded Labels, 5000 Label Set"
OFF-FA-10004112,Office Supplies,Fasteners,"Stockwell Staples, 12 Pack"
OFF-BI-10003253,Office Supplies,Binders,"Ibico Index Tab, Economy"
OFF-BI-10002510,Office Supplies,Binders,"Acco Index Tab, Clear"
FUR-ADV-10002329,Furniture,Furnishings,"Advantus Light Bulb, Erganomic"
OFF-AP-10002203,Office Supplies,Appliances,Eureka Disposable Bags for Sanitaire Vibra Groomer I Upright Vac
